--
-- PostgreSQL database dump
--

-- Dumped from database version 14.3
-- Dumped by pg_dump version 14.3

SET statement_timeout = 0;
SET lock_timeout = 0;
SET idle_in_transaction_session_timeout = 0;
SET client_encoding = 'UTF8';
SET standard_conforming_strings = on;
SELECT pg_catalog.set_config('search_path', '', false);
SET check_function_bodies = false;
SET xmloption = content;
SET client_min_messages = warning;
SET row_security = off;

--
-- Name: advances_advance_type_enum; Type: TYPE; Schema: public; Owner: postgres
--

CREATE TYPE public.advances_advance_type_enum AS ENUM (
    'C',
    'CC',
    'V'
);


ALTER TYPE public.advances_advance_type_enum OWNER TO postgres;

--
-- Name: advances_status_enum; Type: TYPE; Schema: public; Owner: postgres
--

CREATE TYPE public.advances_status_enum AS ENUM (
    'E',
    'P',
    'A',
    'R'
);


ALTER TYPE public.advances_status_enum OWNER TO postgres;

--
-- Name: deposits_status_enum; Type: TYPE; Schema: public; Owner: postgres
--

CREATE TYPE public.deposits_status_enum AS ENUM (
    'E',
    'P',
    'A',
    'R'
);


ALTER TYPE public.deposits_status_enum OWNER TO postgres;

--
-- Name: invoice_interface_file_status_enum; Type: TYPE; Schema: public; Owner: postgres
--

CREATE TYPE public.invoice_interface_file_status_enum AS ENUM (
    'N',
    'V',
    'R',
    'I',
    'S'
);


ALTER TYPE public.invoice_interface_file_status_enum OWNER TO postgres;

--
-- Name: invoice_interface_has_ps_enum; Type: TYPE; Schema: public; Owner: postgres
--

CREATE TYPE public.invoice_interface_has_ps_enum AS ENUM (
    'Y',
    'N'
);


ALTER TYPE public.invoice_interface_has_ps_enum OWNER TO postgres;

--
-- Name: invoice_interface_line_status_enum; Type: TYPE; Schema: public; Owner: postgres
--

CREATE TYPE public.invoice_interface_line_status_enum AS ENUM (
    'N',
    'E',
    'S'
);


ALTER TYPE public.invoice_interface_line_status_enum OWNER TO postgres;

--
-- Name: invoices_status_enum; Type: TYPE; Schema: public; Owner: postgres
--

CREATE TYPE public.invoices_status_enum AS ENUM (
    'A',
    'B',
    'C',
    'D',
    'E',
    'F',
    'G'
);


ALTER TYPE public.invoices_status_enum OWNER TO postgres;

--
-- Name: payment_schedules_payment_status_enum; Type: TYPE; Schema: public; Owner: postgres
--

CREATE TYPE public.payment_schedules_payment_status_enum AS ENUM (
    'N',
    'P',
    'C'
);


ALTER TYPE public.payment_schedules_payment_status_enum OWNER TO postgres;

--
-- Name: payments_invoiced_status_enum; Type: TYPE; Schema: public; Owner: postgres
--

CREATE TYPE public.payments_invoiced_status_enum AS ENUM (
    'A',
    'B',
    'C',
    'D',
    'E',
    'F',
    'G'
);


ALTER TYPE public.payments_invoiced_status_enum OWNER TO postgres;

--
-- Name: payments_payment_type_enum; Type: TYPE; Schema: public; Owner: postgres
--

CREATE TYPE public.payments_payment_type_enum AS ENUM (
    'D',
    'A',
    'V',
    'CC',
    'C',
    'K'
);


ALTER TYPE public.payments_payment_type_enum OWNER TO postgres;

--
-- Name: ps_interface_file_status_enum; Type: TYPE; Schema: public; Owner: postgres
--

CREATE TYPE public.ps_interface_file_status_enum AS ENUM (
    'N',
    'V',
    'R',
    'I',
    'S'
);


ALTER TYPE public.ps_interface_file_status_enum OWNER TO postgres;

--
-- Name: ps_interface_line_status_enum; Type: TYPE; Schema: public; Owner: postgres
--

CREATE TYPE public.ps_interface_line_status_enum AS ENUM (
    'N',
    'E',
    'S'
);


ALTER TYPE public.ps_interface_line_status_enum OWNER TO postgres;

--
-- Name: users_user_type_enum; Type: TYPE; Schema: public; Owner: postgres
--

CREATE TYPE public.users_user_type_enum AS ENUM (
    'SA',
    'V',
    'VA',
    'B',
    'BA',
    'D',
    'DA'
);


ALTER TYPE public.users_user_type_enum OWNER TO postgres;

SET default_tablespace = '';

SET default_table_access_method = heap;

--
-- Name: advances; Type: TABLE; Schema: public; Owner: postgres
--

CREATE TABLE public.advances (
    id integer NOT NULL,
    updated_at timestamp without time zone DEFAULT now() NOT NULL,
    created_at timestamp without time zone DEFAULT now() NOT NULL,
    start_date date,
    end_date date,
    advance_type public.advances_advance_type_enum DEFAULT 'C'::public.advances_advance_type_enum NOT NULL,
    amount real NOT NULL,
    currency character varying(3) DEFAULT 'TRY'::character varying NOT NULL,
    status public.advances_status_enum DEFAULT 'P'::public.advances_status_enum NOT NULL,
    approval_date timestamp without time zone NOT NULL,
    created_by integer NOT NULL,
    updated_by integer NOT NULL,
    vdsbs_id integer
);


ALTER TABLE public.advances OWNER TO postgres;

--
-- Name: advances_id_seq; Type: SEQUENCE; Schema: public; Owner: postgres
--

CREATE SEQUENCE public.advances_id_seq
    AS integer
    START WITH 1
    INCREMENT BY 1
    NO MINVALUE
    NO MAXVALUE
    CACHE 1;


ALTER TABLE public.advances_id_seq OWNER TO postgres;

--
-- Name: advances_id_seq; Type: SEQUENCE OWNED BY; Schema: public; Owner: postgres
--

ALTER SEQUENCE public.advances_id_seq OWNED BY public.advances.id;


--
-- Name: buyer_sites; Type: TABLE; Schema: public; Owner: postgres
--

CREATE TABLE public.buyer_sites (
    id integer NOT NULL,
    updated_at timestamp without time zone DEFAULT now() NOT NULL,
    created_at timestamp without time zone DEFAULT now() NOT NULL,
    start_date date,
    end_date date,
    name character varying NOT NULL,
    attribute1 character varying,
    attribute2 character varying,
    attribute3 character varying,
    attribute4 character varying,
    attribute5 character varying,
    created_by integer NOT NULL,
    updated_by integer NOT NULL,
    buyer_id integer
);


ALTER TABLE public.buyer_sites OWNER TO postgres;

--
-- Name: buyer_sites_id_seq; Type: SEQUENCE; Schema: public; Owner: postgres
--

CREATE SEQUENCE public.buyer_sites_id_seq
    AS integer
    START WITH 1
    INCREMENT BY 1
    NO MINVALUE
    NO MAXVALUE
    CACHE 1;


ALTER TABLE public.buyer_sites_id_seq OWNER TO postgres;

--
-- Name: buyer_sites_id_seq; Type: SEQUENCE OWNED BY; Schema: public; Owner: postgres
--

ALTER SEQUENCE public.buyer_sites_id_seq OWNED BY public.buyer_sites.id;


--
-- Name: buyers; Type: TABLE; Schema: public; Owner: postgres
--

CREATE TABLE public.buyers (
    id integer NOT NULL,
    updated_at timestamp without time zone DEFAULT now() NOT NULL,
    created_at timestamp without time zone DEFAULT now() NOT NULL,
    start_date date,
    end_date date,
    name character varying(240) NOT NULL,
    tax_no character varying(20) NOT NULL,
    attribute1 character varying,
    attribute2 character varying,
    attribute3 character varying,
    attribute4 character varying,
    attribute5 character varying,
    created_by integer NOT NULL,
    updated_by integer NOT NULL
);


ALTER TABLE public.buyers OWNER TO postgres;

--
-- Name: buyers_id_seq; Type: SEQUENCE; Schema: public; Owner: postgres
--

CREATE SEQUENCE public.buyers_id_seq
    AS integer
    START WITH 1
    INCREMENT BY 1
    NO MINVALUE
    NO MAXVALUE
    CACHE 1;


ALTER TABLE public.buyers_id_seq OWNER TO postgres;

--
-- Name: buyers_id_seq; Type: SEQUENCE OWNED BY; Schema: public; Owner: postgres
--

ALTER SEQUENCE public.buyers_id_seq OWNED BY public.buyers.id;


--
-- Name: dealer_route_users; Type: TABLE; Schema: public; Owner: postgres
--

CREATE TABLE public.dealer_route_users (
    id integer NOT NULL,
    updated_at timestamp without time zone DEFAULT now() NOT NULL,
    created_at timestamp without time zone DEFAULT now() NOT NULL,
    start_date date,
    end_date date,
    description character varying(240),
    created_by integer NOT NULL,
    updated_by integer NOT NULL,
    vdsbs_id integer,
    user_id integer
);


ALTER TABLE public.dealer_route_users OWNER TO postgres;

--
-- Name: dealer_route_users_id_seq; Type: SEQUENCE; Schema: public; Owner: postgres
--

CREATE SEQUENCE public.dealer_route_users_id_seq
    AS integer
    START WITH 1
    INCREMENT BY 1
    NO MINVALUE
    NO MAXVALUE
    CACHE 1;


ALTER TABLE public.dealer_route_users_id_seq OWNER TO postgres;

--
-- Name: dealer_route_users_id_seq; Type: SEQUENCE OWNED BY; Schema: public; Owner: postgres
--

ALTER SEQUENCE public.dealer_route_users_id_seq OWNED BY public.dealer_route_users.id;


--
-- Name: dealer_sites; Type: TABLE; Schema: public; Owner: postgres
--

CREATE TABLE public.dealer_sites (
    id integer NOT NULL,
    updated_at timestamp without time zone DEFAULT now() NOT NULL,
    created_at timestamp without time zone DEFAULT now() NOT NULL,
    start_date date,
    end_date date,
    name character varying NOT NULL,
    attribute1 character varying,
    attribute2 character varying,
    attribute3 character varying,
    attribute4 character varying,
    attribute5 character varying,
    dealer_id integer NOT NULL,
    created_by integer NOT NULL,
    updated_by integer NOT NULL
);


ALTER TABLE public.dealer_sites OWNER TO postgres;

--
-- Name: dealer_sites_id_seq; Type: SEQUENCE; Schema: public; Owner: postgres
--

CREATE SEQUENCE public.dealer_sites_id_seq
    AS integer
    START WITH 1
    INCREMENT BY 1
    NO MINVALUE
    NO MAXVALUE
    CACHE 1;


ALTER TABLE public.dealer_sites_id_seq OWNER TO postgres;

--
-- Name: dealer_sites_id_seq; Type: SEQUENCE OWNED BY; Schema: public; Owner: postgres
--

ALTER SEQUENCE public.dealer_sites_id_seq OWNED BY public.dealer_sites.id;


--
-- Name: dealers; Type: TABLE; Schema: public; Owner: postgres
--

CREATE TABLE public.dealers (
    id integer NOT NULL,
    updated_at timestamp without time zone DEFAULT now() NOT NULL,
    created_at timestamp without time zone DEFAULT now() NOT NULL,
    start_date date,
    end_date date,
    name character varying NOT NULL,
    tax_no character varying(20) NOT NULL,
    attribute1 character varying,
    attribute2 character varying,
    attribute3 character varying,
    attribute4 character varying,
    attribute5 character varying,
    created_by integer NOT NULL,
    updated_by integer NOT NULL
);


ALTER TABLE public.dealers OWNER TO postgres;

--
-- Name: dealers_id_seq; Type: SEQUENCE; Schema: public; Owner: postgres
--

CREATE SEQUENCE public.dealers_id_seq
    AS integer
    START WITH 1
    INCREMENT BY 1
    NO MINVALUE
    NO MAXVALUE
    CACHE 1;


ALTER TABLE public.dealers_id_seq OWNER TO postgres;

--
-- Name: dealers_id_seq; Type: SEQUENCE OWNED BY; Schema: public; Owner: postgres
--

ALTER SEQUENCE public.dealers_id_seq OWNED BY public.dealers.id;


--
-- Name: deposits; Type: TABLE; Schema: public; Owner: postgres
--

CREATE TABLE public.deposits (
    id integer NOT NULL,
    updated_at timestamp without time zone DEFAULT now() NOT NULL,
    created_at timestamp without time zone DEFAULT now() NOT NULL,
    start_date date,
    end_date date,
    amount real NOT NULL,
    currency character varying(3) DEFAULT 'TRY'::character varying NOT NULL,
    status public.deposits_status_enum DEFAULT 'P'::public.deposits_status_enum NOT NULL,
    approval_date timestamp without time zone,
    created_by integer NOT NULL,
    updated_by integer NOT NULL,
    vdsbs_id integer
);


ALTER TABLE public.deposits OWNER TO postgres;

--
-- Name: deposits_id_seq; Type: SEQUENCE; Schema: public; Owner: postgres
--

CREATE SEQUENCE public.deposits_id_seq
    AS integer
    START WITH 1
    INCREMENT BY 1
    NO MINVALUE
    NO MAXVALUE
    CACHE 1;


ALTER TABLE public.deposits_id_seq OWNER TO postgres;

--
-- Name: deposits_id_seq; Type: SEQUENCE OWNED BY; Schema: public; Owner: postgres
--

ALTER SEQUENCE public.deposits_id_seq OWNED BY public.deposits.id;


--
-- Name: invoice_file_process_id; Type: SEQUENCE; Schema: public; Owner: postgres
--

CREATE SEQUENCE public.invoice_file_process_id
    START WITH 1
    INCREMENT BY 1
    NO MINVALUE
    NO MAXVALUE
    CACHE 1;


ALTER TABLE public.invoice_file_process_id OWNER TO postgres;

--
-- Name: invoice_interface; Type: TABLE; Schema: public; Owner: postgres
--

CREATE TABLE public.invoice_interface (
    id integer NOT NULL,
    updated_at timestamp without time zone DEFAULT now() NOT NULL,
    created_at timestamp without time zone DEFAULT now() NOT NULL,
    start_date date,
    end_date date,
    file_status public.invoice_interface_file_status_enum DEFAULT 'N'::public.invoice_interface_file_status_enum NOT NULL,
    line_status public.invoice_interface_line_status_enum DEFAULT 'N'::public.invoice_interface_line_status_enum NOT NULL,
    file_process_id integer NOT NULL,
    file_name character varying(100) NOT NULL,
    record_type character varying DEFAULT 'L'::character varying NOT NULL,
    has_ps public.invoice_interface_has_ps_enum DEFAULT 'N'::public.invoice_interface_has_ps_enum NOT NULL,
    invoice_no character varying(30) NOT NULL,
    vdsbs_id character varying NOT NULL,
    invoice_date character varying,
    due_date character varying,
    amount character varying(20) NOT NULL,
    item_quantity character varying,
    item_oum character varying,
    item_description character varying,
    currency character varying(3) NOT NULL,
    line_no character varying(3),
    error_desc character varying(500),
    related_users integer[],
    created_by integer NOT NULL,
    updated_by integer NOT NULL,
    invoice_id integer
);


ALTER TABLE public.invoice_interface OWNER TO postgres;

--
-- Name: invoice_interface_id_seq; Type: SEQUENCE; Schema: public; Owner: postgres
--

CREATE SEQUENCE public.invoice_interface_id_seq
    AS integer
    START WITH 1
    INCREMENT BY 1
    NO MINVALUE
    NO MAXVALUE
    CACHE 1;


ALTER TABLE public.invoice_interface_id_seq OWNER TO postgres;

--
-- Name: invoice_interface_id_seq; Type: SEQUENCE OWNED BY; Schema: public; Owner: postgres
--

ALTER SEQUENCE public.invoice_interface_id_seq OWNED BY public.invoice_interface.id;


--
-- Name: invoice_lines; Type: TABLE; Schema: public; Owner: postgres
--

CREATE TABLE public.invoice_lines (
    id integer NOT NULL,
    updated_at timestamp without time zone DEFAULT now() NOT NULL,
    created_at timestamp without time zone DEFAULT now() NOT NULL,
    start_date date,
    end_date date,
    line_no integer NOT NULL,
    amount real NOT NULL,
    currency character varying(3) NOT NULL,
    item_quantity integer NOT NULL,
    item_uom character varying(20) NOT NULL,
    item_description character varying(100),
    created_by integer NOT NULL,
    updated_by integer NOT NULL,
    invoice_id integer
);


ALTER TABLE public.invoice_lines OWNER TO postgres;

--
-- Name: invoice_lines_id_seq; Type: SEQUENCE; Schema: public; Owner: postgres
--

CREATE SEQUENCE public.invoice_lines_id_seq
    AS integer
    START WITH 1
    INCREMENT BY 1
    NO MINVALUE
    NO MAXVALUE
    CACHE 1;


ALTER TABLE public.invoice_lines_id_seq OWNER TO postgres;

--
-- Name: invoice_lines_id_seq; Type: SEQUENCE OWNED BY; Schema: public; Owner: postgres
--

ALTER SEQUENCE public.invoice_lines_id_seq OWNED BY public.invoice_lines.id;


--
-- Name: invoices; Type: TABLE; Schema: public; Owner: postgres
--

CREATE TABLE public.invoices (
    id integer NOT NULL,
    updated_at timestamp without time zone DEFAULT now() NOT NULL,
    created_at timestamp without time zone DEFAULT now() NOT NULL,
    start_date date,
    end_date date,
    invoice_no character varying(30) NOT NULL,
    invoice_date date NOT NULL,
    amount real NOT NULL,
    currency character varying(3) NOT NULL,
    due_date date NOT NULL,
    ref_user_list integer[] DEFAULT '{}'::integer[] NOT NULL,
    status public.invoices_status_enum DEFAULT 'B'::public.invoices_status_enum NOT NULL,
    attribute1 character varying(150),
    attribute2 character varying(150),
    attribute3 character varying(150),
    attribute4 character varying(150),
    attribute5 character varying(150),
    created_by integer NOT NULL,
    updated_by integer NOT NULL,
    vdsbs_id integer
);


ALTER TABLE public.invoices OWNER TO postgres;

--
-- Name: invoices_id_seq; Type: SEQUENCE; Schema: public; Owner: postgres
--

CREATE SEQUENCE public.invoices_id_seq
    AS integer
    START WITH 1
    INCREMENT BY 1
    NO MINVALUE
    NO MAXVALUE
    CACHE 1;


ALTER TABLE public.invoices_id_seq OWNER TO postgres;

--
-- Name: invoices_id_seq; Type: SEQUENCE OWNED BY; Schema: public; Owner: postgres
--

ALTER SEQUENCE public.invoices_id_seq OWNED BY public.invoices.id;


--
-- Name: payment_matches; Type: TABLE; Schema: public; Owner: postgres
--

CREATE TABLE public.payment_matches (
    id integer NOT NULL,
    updated_at timestamp without time zone DEFAULT now() NOT NULL,
    created_at timestamp without time zone DEFAULT now() NOT NULL,
    start_date date,
    end_date date,
    currency character varying(3) NOT NULL,
    matches_amount real NOT NULL,
    created_by integer NOT NULL,
    updated_by integer NOT NULL,
    payment_schedule_id integer,
    payment_id integer,
    vdsbs_id integer
);


ALTER TABLE public.payment_matches OWNER TO postgres;

--
-- Name: payment_matches_id_seq; Type: SEQUENCE; Schema: public; Owner: postgres
--

CREATE SEQUENCE public.payment_matches_id_seq
    AS integer
    START WITH 1
    INCREMENT BY 1
    NO MINVALUE
    NO MAXVALUE
    CACHE 1;


ALTER TABLE public.payment_matches_id_seq OWNER TO postgres;

--
-- Name: payment_matches_id_seq; Type: SEQUENCE OWNED BY; Schema: public; Owner: postgres
--

ALTER SEQUENCE public.payment_matches_id_seq OWNED BY public.payment_matches.id;


--
-- Name: payment_schedules; Type: TABLE; Schema: public; Owner: postgres
--

CREATE TABLE public.payment_schedules (
    id integer NOT NULL,
    updated_at timestamp without time zone DEFAULT now() NOT NULL,
    created_at timestamp without time zone DEFAULT now() NOT NULL,
    start_date date,
    end_date date,
    invoice_id integer NOT NULL,
    line_no integer NOT NULL,
    due_date date NOT NULL,
    due_amount real DEFAULT '0'::real NOT NULL,
    remained_amount real DEFAULT '0'::real NOT NULL,
    currency character varying(3) NOT NULL,
    payment_status public.payment_schedules_payment_status_enum DEFAULT 'N'::public.payment_schedules_payment_status_enum NOT NULL,
    created_by integer NOT NULL,
    updated_by integer NOT NULL
);


ALTER TABLE public.payment_schedules OWNER TO postgres;

--
-- Name: payment_schedules_id_seq; Type: SEQUENCE; Schema: public; Owner: postgres
--

CREATE SEQUENCE public.payment_schedules_id_seq
    AS integer
    START WITH 1
    INCREMENT BY 1
    NO MINVALUE
    NO MAXVALUE
    CACHE 1;


ALTER TABLE public.payment_schedules_id_seq OWNER TO postgres;

--
-- Name: payment_schedules_id_seq; Type: SEQUENCE OWNED BY; Schema: public; Owner: postgres
--

ALTER SEQUENCE public.payment_schedules_id_seq OWNED BY public.payment_schedules.id;


--
-- Name: payments; Type: TABLE; Schema: public; Owner: postgres
--

CREATE TABLE public.payments (
    id integer NOT NULL,
    updated_at timestamp without time zone DEFAULT now() NOT NULL,
    created_at timestamp without time zone DEFAULT now() NOT NULL,
    start_date date,
    end_date date,
    payment_type public.payments_payment_type_enum DEFAULT 'C'::public.payments_payment_type_enum NOT NULL,
    reference_id integer NOT NULL,
    original_amount real NOT NULL,
    remained_amount real NOT NULL,
    currency character varying(3) DEFAULT 'TRY'::character varying NOT NULL,
    effective_date timestamp without time zone NOT NULL,
    invoiced_status public.payments_invoiced_status_enum DEFAULT 'B'::public.payments_invoiced_status_enum NOT NULL,
    created_by integer NOT NULL,
    updated_by integer NOT NULL,
    vdsbs_id integer
);


ALTER TABLE public.payments OWNER TO postgres;

--
-- Name: payments_id_seq; Type: SEQUENCE; Schema: public; Owner: postgres
--

CREATE SEQUENCE public.payments_id_seq
    AS integer
    START WITH 1
    INCREMENT BY 1
    NO MINVALUE
    NO MAXVALUE
    CACHE 1;


ALTER TABLE public.payments_id_seq OWNER TO postgres;

--
-- Name: payments_id_seq; Type: SEQUENCE OWNED BY; Schema: public; Owner: postgres
--

ALTER SEQUENCE public.payments_id_seq OWNED BY public.payments.id;


--
-- Name: ps_file_process_id; Type: SEQUENCE; Schema: public; Owner: postgres
--

CREATE SEQUENCE public.ps_file_process_id
    START WITH 1
    INCREMENT BY 1
    NO MINVALUE
    NO MAXVALUE
    CACHE 1;


ALTER TABLE public.ps_file_process_id OWNER TO postgres;

--
-- Name: ps_interface; Type: TABLE; Schema: public; Owner: postgres
--

CREATE TABLE public.ps_interface (
    id integer NOT NULL,
    updated_at timestamp without time zone DEFAULT now() NOT NULL,
    created_at timestamp without time zone DEFAULT now() NOT NULL,
    start_date date,
    end_date date,
    file_process_id integer NOT NULL,
    file_name character varying(100) NOT NULL,
    file_status public.ps_interface_file_status_enum DEFAULT 'N'::public.ps_interface_file_status_enum NOT NULL,
    invoice_no character varying(30) NOT NULL,
    vdsbs_id character varying(10) NOT NULL,
    line_no character varying(3),
    due_date character varying,
    amount character varying(20) NOT NULL,
    currency character varying(3) NOT NULL,
    line_status public.ps_interface_line_status_enum DEFAULT 'N'::public.ps_interface_line_status_enum NOT NULL,
    error_desc character varying(500),
    created_by integer NOT NULL,
    updated_by integer NOT NULL
);


ALTER TABLE public.ps_interface OWNER TO postgres;

--
-- Name: ps_interface_id_seq; Type: SEQUENCE; Schema: public; Owner: postgres
--

CREATE SEQUENCE public.ps_interface_id_seq
    AS integer
    START WITH 1
    INCREMENT BY 1
    NO MINVALUE
    NO MAXVALUE
    CACHE 1;


ALTER TABLE public.ps_interface_id_seq OWNER TO postgres;

--
-- Name: ps_interface_id_seq; Type: SEQUENCE OWNED BY; Schema: public; Owner: postgres
--

ALTER SEQUENCE public.ps_interface_id_seq OWNED BY public.ps_interface.id;


--
-- Name: typeorm_metadata; Type: TABLE; Schema: public; Owner: postgres
--

CREATE TABLE public.typeorm_metadata (
    type character varying NOT NULL,
    database character varying,
    schema character varying,
    "table" character varying,
    name character varying,
    value text
);


ALTER TABLE public.typeorm_metadata OWNER TO postgres;

--
-- Name: user_entity_relations; Type: TABLE; Schema: public; Owner: postgres
--

CREATE TABLE public.user_entity_relations (
    id integer NOT NULL,
    updated_at timestamp without time zone DEFAULT now() NOT NULL,
    created_at timestamp without time zone DEFAULT now() NOT NULL,
    start_date date,
    end_date date,
    description character varying(240),
    user_id integer NOT NULL,
    created_by integer NOT NULL,
    updated_by integer NOT NULL,
    vendor_table_ref_id integer,
    buyer_site_table_ref_id integer,
    dealer_site_table_ref_id integer
);


ALTER TABLE public.user_entity_relations OWNER TO postgres;

--
-- Name: users; Type: TABLE; Schema: public; Owner: postgres
--

CREATE TABLE public.users (
    id integer NOT NULL,
    updated_at timestamp without time zone DEFAULT now() NOT NULL,
    created_at timestamp without time zone DEFAULT now() NOT NULL,
    start_date date,
    end_date date,
    username character varying,
    email character varying NOT NULL,
    password character varying NOT NULL,
    user_type public.users_user_type_enum DEFAULT 'SA'::public.users_user_type_enum NOT NULL,
    tckn bigint NOT NULL,
    mobile character varying(20) NOT NULL,
    token_version integer DEFAULT 0 NOT NULL
);


ALTER TABLE public.users OWNER TO postgres;

--
-- Name: user_entity_relations_v; Type: VIEW; Schema: public; Owner: postgres
--

CREATE VIEW public.user_entity_relations_v AS
 SELECT uer.id AS uer_id,
    uer.description AS description_uer,
    uer.user_id,
    uer.vendor_table_ref_id,
    uer.dealer_site_table_ref_id,
    uer.buyer_site_table_ref_id,
    uer.start_date AS start_date_uer,
    uer.end_date AS end_date_uer,
    u.username,
    u.user_type,
    u.start_date AS start_date_user,
    u.end_date AS end_date_user
   FROM (public.user_entity_relations uer
     JOIN public.users u ON ((u.id = uer.user_id)))
  WHERE (1 = 1);


ALTER TABLE public.user_entity_relations_v OWNER TO postgres;

--
-- Name: vds_relations; Type: TABLE; Schema: public; Owner: postgres
--

CREATE TABLE public.vds_relations (
    id integer NOT NULL,
    updated_at timestamp without time zone DEFAULT now() NOT NULL,
    created_at timestamp without time zone DEFAULT now() NOT NULL,
    start_date date,
    end_date date,
    description character varying(240),
    vendor_id integer NOT NULL,
    dealer_site_id integer NOT NULL,
    created_by integer NOT NULL,
    updated_by integer NOT NULL
);


ALTER TABLE public.vds_relations OWNER TO postgres;

--
-- Name: vdsbs_relations; Type: TABLE; Schema: public; Owner: postgres
--

CREATE TABLE public.vdsbs_relations (
    id integer NOT NULL,
    updated_at timestamp without time zone DEFAULT now() NOT NULL,
    created_at timestamp without time zone DEFAULT now() NOT NULL,
    start_date date,
    end_date date,
    description character varying(240),
    created_by integer NOT NULL,
    updated_by integer NOT NULL,
    buyer_site_id integer,
    vds_rltn_id integer
);


ALTER TABLE public.vdsbs_relations OWNER TO postgres;

--
-- Name: vendors; Type: TABLE; Schema: public; Owner: postgres
--

CREATE TABLE public.vendors (
    id integer NOT NULL,
    updated_at timestamp without time zone DEFAULT now() NOT NULL,
    created_at timestamp without time zone DEFAULT now() NOT NULL,
    start_date date,
    end_date date,
    name character varying(240) NOT NULL,
    tax_no character varying(20) NOT NULL,
    attribute1 character varying,
    attribute2 character varying,
    attribute3 character varying,
    attribute4 character varying,
    attribute5 character varying,
    created_by integer NOT NULL,
    updated_by integer NOT NULL
);


ALTER TABLE public.vendors OWNER TO postgres;

--
-- Name: vendor_dealer_buyer_rltns_v; Type: VIEW; Schema: public; Owner: postgres
--

CREATE VIEW public.vendor_dealer_buyer_rltns_v AS
 SELECT vdbrl.id AS vdsbs_id,
    vdbrl.description AS description_vdsbs,
    vdbrl.start_date AS start_date_vdsbs,
    vdbrl.end_date AS end_date_vdsbs,
    vdrl.vds_id,
    vdrl.start_date_vds,
    vdrl.end_date_vds,
    vdrl.vendor_id,
    vdrl.vendor_name,
    vdrl.start_date_vendor,
    vdrl.end_date_vendor,
    vdrl.ds_id AS dealer_site_id,
    vdrl.ds_name AS dealer_site_name,
    vdrl.start_date_ds,
    vdrl.end_date_ds,
    vdrl.dealer_id,
    vdrl.dealer_name,
    vdrl.start_date_d AS start_date_dealer,
    vdrl.end_date_d AS end_date_dealer,
    bsv.bs_id AS buyer_site_id,
    bsv.bs_name AS buyer_site_name,
    bsv.start_date_bs,
    bsv.end_date_bs,
    bsv.buyer_id,
    bsv.buyer_name,
    bsv.start_date_buyer,
    bsv.end_date_buyer
   FROM ((public.vdsbs_relations vdbrl
     JOIN ( SELECT vds.id AS vds_id,
            vds.start_date AS start_date_vds,
            vds.end_date AS end_date_vds,
            vds.vendor_id,
            v.name AS vendor_name,
            v.start_date AS start_date_vendor,
            v.end_date AS end_date_vendor,
            dsv.ds_id,
            dsv.ds_name,
            dsv.start_date_d,
            dsv.end_date_d,
            dsv.dealer_id,
            dsv.dealer_name,
            dsv.start_date_ds,
            dsv.end_date_ds
           FROM ((public.vds_relations vds
             JOIN public.vendors v ON ((v.id = vds.vendor_id)))
             JOIN ( SELECT ds.id AS ds_id,
                    ds.name AS ds_name,
                    ds.start_date AS start_date_ds,
                    ds.end_date AS end_date_ds,
                    d.id AS dealer_id,
                    d.name AS dealer_name,
                    d.start_date AS start_date_d,
                    d.end_date AS end_date_d
                   FROM (public.dealer_sites ds
                     JOIN public.dealers d ON ((d.id = ds.dealer_id)))
                  WHERE (1 = 1)) dsv ON ((dsv.ds_id = vds.dealer_site_id)))
          WHERE (1 = 1)) vdrl ON ((vdrl.vds_id = vdbrl.vds_rltn_id)))
     JOIN ( SELECT bs.id AS bs_id,
            bs.name AS bs_name,
            bs.start_date AS start_date_bs,
            bs.end_date AS end_date_bs,
            b.name AS buyer_name,
            b.id AS buyer_id,
            b.start_date AS start_date_buyer,
            b.end_date AS end_date_buyer
           FROM (public.buyer_sites bs
             JOIN public.buyers b ON ((b.id = bs.buyer_id)))
          WHERE (1 = 1)) bsv ON ((bsv.bs_id = vdbrl.buyer_site_id)))
  WHERE (1 = 1);


ALTER TABLE public.vendor_dealer_buyer_rltns_v OWNER TO postgres;

--
-- Name: user_entity_access_v; Type: VIEW; Schema: public; Owner: postgres
--

CREATE VIEW public.user_entity_access_v AS
 SELECT usr_rltns.uer_id,
    usr_rltns.description_uer,
    usr_rltns.user_id,
    usr_rltns.vendor_table_ref_id,
    usr_rltns.dealer_site_table_ref_id,
    usr_rltns.buyer_site_table_ref_id,
    usr_rltns.start_date_uer,
    usr_rltns.end_date_uer,
    usr_rltns.username,
    usr_rltns.user_type,
    usr_rltns.start_date_user,
    usr_rltns.end_date_user,
    entity_rltns.vdsbs_id,
    entity_rltns.description_vdsbs,
    entity_rltns.start_date_vdsbs,
    entity_rltns.end_date_vdsbs,
    entity_rltns.vds_id,
    entity_rltns.start_date_vds,
    entity_rltns.end_date_vds,
    entity_rltns.vendor_id,
    entity_rltns.vendor_name,
    entity_rltns.start_date_vendor,
    entity_rltns.end_date_vendor,
    entity_rltns.dealer_site_id,
    entity_rltns.dealer_site_name,
    entity_rltns.start_date_ds,
    entity_rltns.end_date_ds,
    entity_rltns.dealer_id,
    entity_rltns.dealer_name,
    entity_rltns.start_date_dealer,
    entity_rltns.end_date_dealer,
    entity_rltns.buyer_site_id,
    entity_rltns.buyer_site_name,
    entity_rltns.start_date_bs,
    entity_rltns.end_date_bs,
    entity_rltns.buyer_id,
    entity_rltns.buyer_name,
    entity_rltns.start_date_buyer,
    entity_rltns.end_date_buyer
   FROM (public.user_entity_relations_v usr_rltns
     JOIN public.vendor_dealer_buyer_rltns_v entity_rltns ON (((
        CASE
            WHEN (usr_rltns.user_type = ANY (ARRAY['V'::public.users_user_type_enum, 'VA'::public.users_user_type_enum])) THEN entity_rltns.vendor_id
            ELSE NULL::integer
        END = usr_rltns.vendor_table_ref_id) OR (
        CASE
            WHEN (usr_rltns.user_type = ANY (ARRAY['D'::public.users_user_type_enum, 'DA'::public.users_user_type_enum])) THEN entity_rltns.dealer_site_id
            ELSE NULL::integer
        END = usr_rltns.dealer_site_table_ref_id) OR (
        CASE
            WHEN (usr_rltns.user_type = ANY (ARRAY['B'::public.users_user_type_enum, 'BA'::public.users_user_type_enum])) THEN entity_rltns.buyer_site_id
            ELSE NULL::integer
        END = usr_rltns.buyer_site_table_ref_id))))
  WHERE (1 = 1);


ALTER TABLE public.user_entity_access_v OWNER TO postgres;

--
-- Name: user_entity_relations_id_seq; Type: SEQUENCE; Schema: public; Owner: postgres
--

CREATE SEQUENCE public.user_entity_relations_id_seq
    AS integer
    START WITH 1
    INCREMENT BY 1
    NO MINVALUE
    NO MAXVALUE
    CACHE 1;


ALTER TABLE public.user_entity_relations_id_seq OWNER TO postgres;

--
-- Name: user_entity_relations_id_seq; Type: SEQUENCE OWNED BY; Schema: public; Owner: postgres
--

ALTER SEQUENCE public.user_entity_relations_id_seq OWNED BY public.user_entity_relations.id;


--
-- Name: users_id_seq; Type: SEQUENCE; Schema: public; Owner: postgres
--

CREATE SEQUENCE public.users_id_seq
    AS integer
    START WITH 1
    INCREMENT BY 1
    NO MINVALUE
    NO MAXVALUE
    CACHE 1;


ALTER TABLE public.users_id_seq OWNER TO postgres;

--
-- Name: users_id_seq; Type: SEQUENCE OWNED BY; Schema: public; Owner: postgres
--

ALTER SEQUENCE public.users_id_seq OWNED BY public.users.id;


--
-- Name: vds_relations_id_seq; Type: SEQUENCE; Schema: public; Owner: postgres
--

CREATE SEQUENCE public.vds_relations_id_seq
    AS integer
    START WITH 1
    INCREMENT BY 1
    NO MINVALUE
    NO MAXVALUE
    CACHE 1;


ALTER TABLE public.vds_relations_id_seq OWNER TO postgres;

--
-- Name: vds_relations_id_seq; Type: SEQUENCE OWNED BY; Schema: public; Owner: postgres
--

ALTER SEQUENCE public.vds_relations_id_seq OWNED BY public.vds_relations.id;


--
-- Name: vdsbs_relations_id_seq; Type: SEQUENCE; Schema: public; Owner: postgres
--

CREATE SEQUENCE public.vdsbs_relations_id_seq
    AS integer
    START WITH 1
    INCREMENT BY 1
    NO MINVALUE
    NO MAXVALUE
    CACHE 1;


ALTER TABLE public.vdsbs_relations_id_seq OWNER TO postgres;

--
-- Name: vdsbs_relations_id_seq; Type: SEQUENCE OWNED BY; Schema: public; Owner: postgres
--

ALTER SEQUENCE public.vdsbs_relations_id_seq OWNED BY public.vdsbs_relations.id;


--
-- Name: vendor_regions; Type: TABLE; Schema: public; Owner: postgres
--

CREATE TABLE public.vendor_regions (
    id integer NOT NULL,
    updated_at timestamp without time zone DEFAULT now() NOT NULL,
    created_at timestamp without time zone DEFAULT now() NOT NULL,
    start_date date,
    end_date date,
    name character varying(240) NOT NULL,
    attribute1 character varying,
    attribute2 character varying,
    attribute3 character varying,
    attribute4 character varying,
    attribute5 character varying,
    created_by integer NOT NULL,
    updated_by integer NOT NULL,
    vendor_id integer
);


ALTER TABLE public.vendor_regions OWNER TO postgres;

--
-- Name: vendor_regions_id_seq; Type: SEQUENCE; Schema: public; Owner: postgres
--

CREATE SEQUENCE public.vendor_regions_id_seq
    AS integer
    START WITH 1
    INCREMENT BY 1
    NO MINVALUE
    NO MAXVALUE
    CACHE 1;


ALTER TABLE public.vendor_regions_id_seq OWNER TO postgres;

--
-- Name: vendor_regions_id_seq; Type: SEQUENCE OWNED BY; Schema: public; Owner: postgres
--

ALTER SEQUENCE public.vendor_regions_id_seq OWNED BY public.vendor_regions.id;


--
-- Name: vendors_id_seq; Type: SEQUENCE; Schema: public; Owner: postgres
--

CREATE SEQUENCE public.vendors_id_seq
    AS integer
    START WITH 1
    INCREMENT BY 1
    NO MINVALUE
    NO MAXVALUE
    CACHE 1;


ALTER TABLE public.vendors_id_seq OWNER TO postgres;

--
-- Name: vendors_id_seq; Type: SEQUENCE OWNED BY; Schema: public; Owner: postgres
--

ALTER SEQUENCE public.vendors_id_seq OWNED BY public.vendors.id;


--
-- Name: advances id; Type: DEFAULT; Schema: public; Owner: postgres
--

ALTER TABLE ONLY public.advances ALTER COLUMN id SET DEFAULT nextval('public.advances_id_seq'::regclass);


--
-- Name: buyer_sites id; Type: DEFAULT; Schema: public; Owner: postgres
--

ALTER TABLE ONLY public.buyer_sites ALTER COLUMN id SET DEFAULT nextval('public.buyer_sites_id_seq'::regclass);


--
-- Name: buyers id; Type: DEFAULT; Schema: public; Owner: postgres
--

ALTER TABLE ONLY public.buyers ALTER COLUMN id SET DEFAULT nextval('public.buyers_id_seq'::regclass);


--
-- Name: dealer_route_users id; Type: DEFAULT; Schema: public; Owner: postgres
--

ALTER TABLE ONLY public.dealer_route_users ALTER COLUMN id SET DEFAULT nextval('public.dealer_route_users_id_seq'::regclass);


--
-- Name: dealer_sites id; Type: DEFAULT; Schema: public; Owner: postgres
--

ALTER TABLE ONLY public.dealer_sites ALTER COLUMN id SET DEFAULT nextval('public.dealer_sites_id_seq'::regclass);


--
-- Name: dealers id; Type: DEFAULT; Schema: public; Owner: postgres
--

ALTER TABLE ONLY public.dealers ALTER COLUMN id SET DEFAULT nextval('public.dealers_id_seq'::regclass);


--
-- Name: deposits id; Type: DEFAULT; Schema: public; Owner: postgres
--

ALTER TABLE ONLY public.deposits ALTER COLUMN id SET DEFAULT nextval('public.deposits_id_seq'::regclass);


--
-- Name: invoice_interface id; Type: DEFAULT; Schema: public; Owner: postgres
--

ALTER TABLE ONLY public.invoice_interface ALTER COLUMN id SET DEFAULT nextval('public.invoice_interface_id_seq'::regclass);


--
-- Name: invoice_lines id; Type: DEFAULT; Schema: public; Owner: postgres
--

ALTER TABLE ONLY public.invoice_lines ALTER COLUMN id SET DEFAULT nextval('public.invoice_lines_id_seq'::regclass);


--
-- Name: invoices id; Type: DEFAULT; Schema: public; Owner: postgres
--

ALTER TABLE ONLY public.invoices ALTER COLUMN id SET DEFAULT nextval('public.invoices_id_seq'::regclass);


--
-- Name: payment_matches id; Type: DEFAULT; Schema: public; Owner: postgres
--

ALTER TABLE ONLY public.payment_matches ALTER COLUMN id SET DEFAULT nextval('public.payment_matches_id_seq'::regclass);


--
-- Name: payment_schedules id; Type: DEFAULT; Schema: public; Owner: postgres
--

ALTER TABLE ONLY public.payment_schedules ALTER COLUMN id SET DEFAULT nextval('public.payment_schedules_id_seq'::regclass);


--
-- Name: payments id; Type: DEFAULT; Schema: public; Owner: postgres
--

ALTER TABLE ONLY public.payments ALTER COLUMN id SET DEFAULT nextval('public.payments_id_seq'::regclass);


--
-- Name: ps_interface id; Type: DEFAULT; Schema: public; Owner: postgres
--

ALTER TABLE ONLY public.ps_interface ALTER COLUMN id SET DEFAULT nextval('public.ps_interface_id_seq'::regclass);


--
-- Name: user_entity_relations id; Type: DEFAULT; Schema: public; Owner: postgres
--

ALTER TABLE ONLY public.user_entity_relations ALTER COLUMN id SET DEFAULT nextval('public.user_entity_relations_id_seq'::regclass);


--
-- Name: users id; Type: DEFAULT; Schema: public; Owner: postgres
--

ALTER TABLE ONLY public.users ALTER COLUMN id SET DEFAULT nextval('public.users_id_seq'::regclass);


--
-- Name: vds_relations id; Type: DEFAULT; Schema: public; Owner: postgres
--

ALTER TABLE ONLY public.vds_relations ALTER COLUMN id SET DEFAULT nextval('public.vds_relations_id_seq'::regclass);


--
-- Name: vdsbs_relations id; Type: DEFAULT; Schema: public; Owner: postgres
--

ALTER TABLE ONLY public.vdsbs_relations ALTER COLUMN id SET DEFAULT nextval('public.vdsbs_relations_id_seq'::regclass);


--
-- Name: vendor_regions id; Type: DEFAULT; Schema: public; Owner: postgres
--

ALTER TABLE ONLY public.vendor_regions ALTER COLUMN id SET DEFAULT nextval('public.vendor_regions_id_seq'::regclass);


--
-- Name: vendors id; Type: DEFAULT; Schema: public; Owner: postgres
--

ALTER TABLE ONLY public.vendors ALTER COLUMN id SET DEFAULT nextval('public.vendors_id_seq'::regclass);


--
-- Data for Name: advances; Type: TABLE DATA; Schema: public; Owner: postgres
--

COPY public.advances (id, updated_at, created_at, start_date, end_date, advance_type, amount, currency, status, approval_date, created_by, updated_by, vdsbs_id) FROM stdin;
\.


--
-- Data for Name: buyer_sites; Type: TABLE DATA; Schema: public; Owner: postgres
--

COPY public.buyer_sites (id, updated_at, created_at, start_date, end_date, name, attribute1, attribute2, attribute3, attribute4, attribute5, created_by, updated_by, buyer_id) FROM stdin;
3	2022-06-13 10:47:25.361964	2022-06-13 10:47:25.361964	2021-08-05	2021-12-13	Topicshots	\N	\N	\N	\N	\N	329	431	388
13	2022-06-13 10:47:25.438519	2022-06-13 10:47:25.438519	2022-06-06	2022-04-20	Chatterpoint	\N	\N	\N	\N	\N	60	703	411
7	2022-06-13 10:47:25.438745	2022-06-13 10:47:25.438745	2021-11-18	2022-03-05	Brightdog	\N	\N	\N	\N	\N	69	681	841
6	2022-06-13 10:47:25.438991	2022-06-13 10:47:25.438991	2021-09-15	2022-03-10	Jaxspan	\N	\N	\N	\N	\N	367	569	493
5	2022-06-13 10:47:25.439204	2022-06-13 10:47:25.439204	2022-02-19	2022-03-02	Browsetype	\N	\N	\N	\N	\N	300	632	900
8	2022-06-13 10:47:25.439453	2022-06-13 10:47:25.439453	2021-10-07	2022-06-09	Skinder	\N	\N	\N	\N	\N	87	307	73
15	2022-06-13 10:47:25.478445	2022-06-13 10:47:25.478445	2021-09-29	2021-07-01	Cogidoo	\N	\N	\N	\N	\N	148	296	532
17	2022-06-13 10:47:25.479004	2022-06-13 10:47:25.479004	2021-11-21	2022-02-13	Aimbo	\N	\N	\N	\N	\N	975	751	603
20	2022-06-13 10:47:25.494226	2022-06-13 10:47:25.494226	2021-10-24	2021-07-09	Eadel	\N	\N	\N	\N	\N	448	532	6
22	2022-06-13 10:47:25.495729	2022-06-13 10:47:25.495729	2022-02-06	2022-02-06	Oyonder	\N	\N	\N	\N	\N	117	866	187
10	2022-06-13 10:47:25.511692	2022-06-13 10:47:25.511692	2021-10-14	2022-04-27	Voomm	\N	\N	\N	\N	\N	30	981	220
26	2022-06-13 10:47:25.513441	2022-06-13 10:47:25.513441	2021-11-18	2022-02-20	Skipstorm	\N	\N	\N	\N	\N	201	893	197
29	2022-06-13 10:47:25.539878	2022-06-13 10:47:25.539878	2021-11-11	2021-11-27	Quamba	\N	\N	\N	\N	\N	959	316	97
21	2022-06-13 10:47:25.639546	2022-06-13 10:47:25.639546	2022-05-14	2021-12-26	Trilith	\N	\N	\N	\N	\N	706	876	161
24	2022-06-13 10:47:25.640209	2022-06-13 10:47:25.640209	2022-05-04	2021-09-10	Quatz	\N	\N	\N	\N	\N	580	537	62
19	2022-06-13 10:47:25.640867	2022-06-13 10:47:25.640867	2022-03-23	2022-01-19	Rhynyx	\N	\N	\N	\N	\N	924	750	63
32	2022-06-13 10:47:25.666908	2022-06-13 10:47:25.666908	2022-03-01	2021-12-08	Voolia	\N	\N	\N	\N	\N	632	167	957
12	2022-06-13 10:47:25.665624	2022-06-13 10:47:25.665624	2021-10-12	2021-10-17	Twitterworks	\N	\N	\N	\N	\N	983	683	170
39	2022-06-13 10:47:25.829568	2022-06-13 10:47:25.829568	2021-11-14	2022-04-06	Zoozzy	\N	\N	\N	\N	\N	182	311	195
37	2022-06-13 10:47:25.932032	2022-06-13 10:47:25.932032	2021-07-02	2022-05-22	Skalith	\N	\N	\N	\N	\N	743	291	683
46	2022-06-13 10:47:25.932399	2022-06-13 10:47:25.932399	2022-03-11	2021-10-07	Topdrive	\N	\N	\N	\N	\N	786	463	434
43	2022-06-13 10:47:25.932886	2022-06-13 10:47:25.932886	2022-04-11	2021-10-21	Devpulse	\N	\N	\N	\N	\N	527	987	31
49	2022-06-13 10:47:25.94207	2022-06-13 10:47:25.94207	2022-05-17	2022-02-06	Agimba	\N	\N	\N	\N	\N	980	951	180
53	2022-06-13 10:47:25.943999	2022-06-13 10:47:25.943999	2021-09-03	2021-11-05	Zooveo	\N	\N	\N	\N	\N	753	377	257
57	2022-06-13 10:47:25.947082	2022-06-13 10:47:25.947082	2022-04-01	2022-05-27	Divanoodle	\N	\N	\N	\N	\N	282	54	358
59	2022-06-13 10:47:26.001419	2022-06-13 10:47:26.001419	2022-01-15	2022-03-16	Cogilith	\N	\N	\N	\N	\N	5	708	503
48	2022-06-13 10:47:26.003114	2022-06-13 10:47:26.003114	2021-10-31	2022-05-10	Zoonoodle	\N	\N	\N	\N	\N	389	152	19
54	2022-06-13 10:47:26.097005	2022-06-13 10:47:26.097005	2022-06-02	2021-10-17	Dabfeed	\N	\N	\N	\N	\N	466	151	194
55	2022-06-13 10:47:26.097148	2022-06-13 10:47:26.097148	2021-10-30	2021-07-25	Quinu	\N	\N	\N	\N	\N	24	384	61
56	2022-06-13 10:47:26.097463	2022-06-13 10:47:26.097463	2021-10-07	2021-11-12	Gabtune	\N	\N	\N	\N	\N	89	318	610
70	2022-06-13 10:47:26.124201	2022-06-13 10:47:26.124201	2022-02-15	2021-09-10	Skiptube	\N	\N	\N	\N	\N	115	108	104
71	2022-06-13 10:47:26.124212	2022-06-13 10:47:26.124212	2021-11-17	2022-04-09	Brightbean	\N	\N	\N	\N	\N	589	257	384
66	2022-06-13 10:47:26.217322	2022-06-13 10:47:26.217322	2021-12-12	2022-05-28	Edgewire	\N	\N	\N	\N	\N	136	570	222
63	2022-06-13 10:47:26.21758	2022-06-13 10:47:26.21758	2021-07-15	2021-11-23	Browseblab	\N	\N	\N	\N	\N	662	419	332
67	2022-06-13 10:47:26.217549	2022-06-13 10:47:26.217549	2022-02-12	2021-10-13	Twimbo	\N	\N	\N	\N	\N	463	433	497
75	2022-06-13 10:47:26.235447	2022-06-13 10:47:26.235447	2021-10-24	2021-07-08	Twiyo	\N	\N	\N	\N	\N	677	269	308
77	2022-06-13 10:47:26.236957	2022-06-13 10:47:26.236957	2022-02-04	2022-04-25	Topicstorm	\N	\N	\N	\N	\N	319	129	248
78	2022-06-13 10:47:26.237137	2022-06-13 10:47:26.237137	2022-01-04	2022-01-11	Ailane	\N	\N	\N	\N	\N	295	372	415
79	2022-06-13 10:47:26.237231	2022-06-13 10:47:26.237231	2022-05-07	2022-01-28	Browsebug	\N	\N	\N	\N	\N	976	865	379
82	2022-06-13 10:47:26.271199	2022-06-13 10:47:26.271199	2021-08-30	2022-04-16	Minyx	\N	\N	\N	\N	\N	88	550	473
83	2022-06-13 10:47:26.271232	2022-06-13 10:47:26.271232	2021-11-08	2021-12-30	Camido	\N	\N	\N	\N	\N	847	687	664
68	2022-06-13 10:47:26.271607	2022-06-13 10:47:26.271607	2021-07-05	2021-10-01	Fivespan	\N	\N	\N	\N	\N	417	851	816
69	2022-06-13 10:47:26.27301	2022-06-13 10:47:26.27301	2022-05-14	2022-02-21	Gabcube	\N	\N	\N	\N	\N	772	72	272
87	2022-06-13 10:47:26.292036	2022-06-13 10:47:26.292036	2022-02-26	2021-12-17	Wikibox	\N	\N	\N	\N	\N	505	584	107
73	2022-06-13 10:47:26.334718	2022-06-13 10:47:26.334718	2022-04-03	2021-08-16	Photobug	\N	\N	\N	\N	\N	67	172	72
76	2022-06-13 10:47:26.343561	2022-06-13 10:47:26.343561	2021-11-13	2022-01-18	Innojam	\N	\N	\N	\N	\N	464	882	869
98	2022-06-13 10:47:26.37854	2022-06-13 10:47:26.37854	2021-09-17	2021-11-12	Tagchat	\N	\N	\N	\N	\N	546	620	630
94	2022-06-13 10:47:26.488253	2022-06-13 10:47:26.488253	2021-12-15	2022-06-01	Feednation	\N	\N	\N	\N	\N	514	219	716
93	2022-06-13 10:47:26.488554	2022-06-13 10:47:26.488554	2022-03-05	2021-07-18	Tagpad	\N	\N	\N	\N	\N	507	362	28
108	2022-06-13 10:47:26.508608	2022-06-13 10:47:26.508608	2021-11-15	2021-09-20	Zooxo	\N	\N	\N	\N	\N	320	323	479
102	2022-06-13 10:47:26.608868	2022-06-13 10:47:26.608868	2022-01-20	2022-03-11	Blognation	\N	\N	\N	\N	\N	997	417	119
104	2022-06-13 10:47:26.655714	2022-06-13 10:47:26.655714	2022-05-05	2022-02-01	Meezzy	\N	\N	\N	\N	\N	864	438	420
100	2022-06-13 10:47:26.655747	2022-06-13 10:47:26.655747	2021-06-16	2021-11-14	Tekfly	\N	\N	\N	\N	\N	401	542	21
109	2022-06-13 10:47:26.716565	2022-06-13 10:47:26.716565	2021-10-20	2022-01-08	Meeveo	\N	\N	\N	\N	\N	223	163	266
103	2022-06-13 10:47:26.717865	2022-06-13 10:47:26.717865	2021-12-06	2022-01-02	Trilia	\N	\N	\N	\N	\N	648	158	2
118	2022-06-13 10:47:26.719371	2022-06-13 10:47:26.719371	2021-11-11	2021-10-27	Flipbug	\N	\N	\N	\N	\N	955	173	971
107	2022-06-13 10:47:26.751984	2022-06-13 10:47:26.751984	2021-12-27	2022-04-27	Oozz	\N	\N	\N	\N	\N	217	917	970
112	2022-06-13 10:47:26.752552	2022-06-13 10:47:26.752552	2022-04-06	2021-06-19	Mymm	\N	\N	\N	\N	\N	314	480	243
127	2022-06-13 10:47:26.798556	2022-06-13 10:47:26.798556	2022-06-08	2022-04-18	Jabbertype	\N	\N	\N	\N	\N	160	734	623
116	2022-06-13 10:47:26.798087	2022-06-13 10:47:26.798087	2022-05-03	2021-12-02	Rhycero	\N	\N	\N	\N	\N	696	127	57
125	2022-06-13 10:47:26.880771	2022-06-13 10:47:26.880771	2022-01-30	2021-08-27	Topicware	\N	\N	\N	\N	\N	818	787	85
120	2022-06-13 10:47:26.912984	2022-06-13 10:47:26.912984	2021-12-12	2021-08-08	Oba	\N	\N	\N	\N	\N	418	802	132
119	2022-06-13 10:47:26.916144	2022-06-13 10:47:26.916144	2021-09-01	2021-07-30	Pixope	\N	\N	\N	\N	\N	835	198	624
130	2022-06-13 10:47:26.940101	2022-06-13 10:47:26.940101	2021-09-17	2021-12-16	DabZ	\N	\N	\N	\N	\N	157	698	335
136	2022-06-13 10:47:27.008025	2022-06-13 10:47:27.008025	2022-03-18	2022-04-23	Wordpedia	\N	\N	\N	\N	\N	573	451	575
138	2022-06-13 10:47:27.052466	2022-06-13 10:47:27.052466	2022-05-31	2022-02-03	Eazzy	\N	\N	\N	\N	\N	92	209	787
137	2022-06-13 10:47:27.052913	2022-06-13 10:47:27.052913	2022-01-21	2022-01-23	Edgeify	\N	\N	\N	\N	\N	644	50	392
132	2022-06-13 10:47:27.053911	2022-06-13 10:47:27.053911	2022-01-23	2021-12-27	Brainsphere	\N	\N	\N	\N	\N	409	248	48
150	2022-06-13 10:47:27.113984	2022-06-13 10:47:27.113984	2021-06-23	2021-09-13	Oyoyo	\N	\N	\N	\N	\N	670	814	204
152	2022-06-13 10:47:27.11426	2022-06-13 10:47:27.11426	2022-02-15	2022-01-20	Thoughtstorm	\N	\N	\N	\N	\N	445	494	185
144	2022-06-13 10:47:27.114391	2022-06-13 10:47:27.114391	2021-08-24	2021-08-17	Thoughtsphere	\N	\N	\N	\N	\N	348	862	118
139	2022-06-13 10:47:27.166517	2022-06-13 10:47:27.166517	2022-03-29	2022-01-12	Linkbridge	\N	\N	\N	\N	\N	149	928	404
156	2022-06-13 10:47:27.181328	2022-06-13 10:47:27.181328	2021-09-12	2021-10-13	Twitternation	\N	\N	\N	\N	\N	200	274	528
154	2022-06-13 10:47:27.286701	2022-06-13 10:47:27.286701	2022-01-11	2021-09-22	Trudeo	\N	\N	\N	\N	\N	381	822	825
176	2022-06-13 10:47:27.599167	2022-06-13 10:47:27.599167	2022-02-22	2021-08-02	Jamia	\N	\N	\N	\N	\N	834	804	672
179	2022-06-13 10:47:27.635672	2022-06-13 10:47:27.635672	2021-06-12	2021-12-24	Riffpedia	\N	\N	\N	\N	\N	237	349	739
181	2022-06-13 10:47:27.74966	2022-06-13 10:47:27.74966	2022-05-21	2022-05-15	Youspan	\N	\N	\N	\N	\N	443	29	174
184	2022-06-13 10:47:27.771522	2022-06-13 10:47:27.771522	2022-05-09	2021-12-31	Dabshots	\N	\N	\N	\N	\N	680	595	88
196	2022-06-13 10:47:27.786879	2022-06-13 10:47:27.786879	2021-08-16	2022-05-20	Yamia	\N	\N	\N	\N	\N	110	657	255
197	2022-06-13 10:47:27.803168	2022-06-13 10:47:27.803168	2022-01-18	2021-09-21	Devbug	\N	\N	\N	\N	\N	355	970	320
191	2022-06-13 10:47:27.835081	2022-06-13 10:47:27.835081	2021-09-19	2022-05-19	Twinder	\N	\N	\N	\N	\N	249	398	15
204	2022-06-13 10:47:28.086395	2022-06-13 10:47:28.086395	2022-01-28	2021-08-04	Vitz	\N	\N	\N	\N	\N	715	666	313
209	2022-06-13 10:47:28.119939	2022-06-13 10:47:28.119939	2022-01-06	2021-12-23	Livetube	\N	\N	\N	\N	\N	646	450	708
206	2022-06-13 10:47:28.132305	2022-06-13 10:47:28.132305	2021-08-26	2021-12-16	Trudoo	\N	\N	\N	\N	\N	9	179	7
216	2022-06-13 10:47:28.134373	2022-06-13 10:47:28.134373	2022-02-04	2022-02-25	Dablist	\N	\N	\N	\N	\N	315	754	52
210	2022-06-13 10:47:28.134646	2022-06-13 10:47:28.134646	2022-02-18	2022-01-23	Shuffledrive	\N	\N	\N	\N	\N	56	635	27
211	2022-06-13 10:47:28.181802	2022-06-13 10:47:28.181802	2022-03-15	2022-05-09	Fivechat	\N	\N	\N	\N	\N	362	729	462
213	2022-06-13 10:47:28.236504	2022-06-13 10:47:28.236504	2022-05-10	2022-03-13	Feedmix	\N	\N	\N	\N	\N	810	543	219
222	2022-06-13 10:47:28.380697	2022-06-13 10:47:28.380697	2021-07-28	2021-06-24	Meetz	\N	\N	\N	\N	\N	758	324	98
236	2022-06-13 10:47:28.418313	2022-06-13 10:47:28.418313	2022-04-07	2021-09-29	Jatri	\N	\N	\N	\N	\N	769	795	209
225	2022-06-13 10:47:28.416641	2022-06-13 10:47:28.416641	2021-09-10	2021-11-17	Rhynoodle	\N	\N	\N	\N	\N	858	955	76
228	2022-06-13 10:47:28.418101	2022-06-13 10:47:28.418101	2022-01-24	2022-04-03	Centizu	\N	\N	\N	\N	\N	775	522	113
237	2022-06-13 10:47:28.432678	2022-06-13 10:47:28.432678	2021-09-08	2021-11-21	Babblestorm	\N	\N	\N	\N	\N	556	852	561
239	2022-06-13 10:47:28.441586	2022-06-13 10:47:28.441586	2022-05-15	2021-08-28	Gabtype	\N	\N	\N	\N	\N	458	572	640
234	2022-06-13 10:47:28.50697	2022-06-13 10:47:28.50697	2021-11-21	2022-01-09	Skinte	\N	\N	\N	\N	\N	307	370	446
235	2022-06-13 10:47:28.507087	2022-06-13 10:47:28.507087	2021-10-10	2022-05-18	Twinte	\N	\N	\N	\N	\N	703	256	181
232	2022-06-13 10:47:28.519408	2022-06-13 10:47:28.519408	2021-12-01	2021-06-23	Blogspan	\N	\N	\N	\N	\N	261	261	688
247	2022-06-13 10:47:28.521825	2022-06-13 10:47:28.521825	2022-05-31	2021-12-02	Vidoo	\N	\N	\N	\N	\N	279	959	103
238	2022-06-13 10:47:28.588876	2022-06-13 10:47:28.588876	2021-09-26	2022-03-22	Riffwire	\N	\N	\N	\N	\N	803	969	874
258	2022-06-13 10:47:28.651189	2022-06-13 10:47:28.651189	2022-04-08	2022-03-31	Jayo	\N	\N	\N	\N	\N	652	812	985
244	2022-06-13 10:47:28.70555	2022-06-13 10:47:28.70555	2022-04-28	2022-05-09	Chatterbridge	\N	\N	\N	\N	\N	877	208	512
261	2022-06-13 10:47:28.717333	2022-06-13 10:47:28.717333	2022-05-12	2022-01-01	Youtags	\N	\N	\N	\N	\N	108	37	631
263	2022-06-13 10:47:28.761201	2022-06-13 10:47:28.761201	2022-02-15	2021-08-12	Realmix	\N	\N	\N	\N	\N	846	830	853
255	2022-06-13 10:47:28.76286	2022-06-13 10:47:28.76286	2021-08-03	2021-07-01	Shuffletag	\N	\N	\N	\N	\N	179	746	212
269	2022-06-13 10:47:28.79968	2022-06-13 10:47:28.79968	2021-10-25	2022-04-01	Gevee	\N	\N	\N	\N	\N	184	599	361
256	2022-06-13 10:47:28.861248	2022-06-13 10:47:28.861248	2022-03-01	2022-06-01	Quaxo	\N	\N	\N	\N	\N	774	989	627
262	2022-06-13 10:47:28.861861	2022-06-13 10:47:28.861861	2021-12-25	2022-04-29	Yakitri	\N	\N	\N	\N	\N	400	630	406
259	2022-06-13 10:47:28.864923	2022-06-13 10:47:28.864923	2022-03-03	2022-04-10	Vipe	\N	\N	\N	\N	\N	333	914	383
277	2022-06-13 10:47:28.911105	2022-06-13 10:47:28.911105	2021-08-24	2021-10-27	Abata	\N	\N	\N	\N	\N	630	181	960
273	2022-06-13 10:47:28.963935	2022-06-13 10:47:28.963935	2021-12-11	2022-02-25	Bubbletube	\N	\N	\N	\N	\N	239	489	74
265	2022-06-13 10:47:28.964074	2022-06-13 10:47:28.964074	2022-01-02	2022-05-20	Livefish	\N	\N	\N	\N	\N	96	441	324
283	2022-06-13 10:47:28.976308	2022-06-13 10:47:28.976308	2021-07-06	2021-08-11	Dabtype	\N	\N	\N	\N	\N	21	220	461
304	2022-06-13 10:47:29.339972	2022-06-13 10:47:29.339972	2021-08-26	2021-07-30	Divavu	\N	\N	\N	\N	\N	558	967	26
311	2022-06-13 10:47:29.435499	2022-06-13 10:47:29.435499	2022-03-09	2021-11-05	Twitterwire	\N	\N	\N	\N	\N	919	761	254
349	2022-06-13 10:47:30.186135	2022-06-13 10:47:30.186135	2021-10-22	2022-05-22	Kamba	\N	\N	\N	\N	\N	956	196	224
480	2022-06-13 10:47:32.327685	2022-06-13 10:47:32.327685	2022-04-09	2022-01-22	Rhyzio	\N	\N	\N	\N	\N	850	405	174
280	2022-06-13 10:47:28.966919	2022-06-13 10:47:28.966919	2021-09-30	2022-05-02	Yakijo	\N	\N	\N	\N	\N	86	490	795
404	2022-06-13 10:47:31.091038	2022-06-13 10:47:31.091038	2021-06-24	2021-12-20	Flashdog	\N	\N	\N	\N	\N	911	184	80
561	2022-06-13 10:47:33.619814	2022-06-13 10:47:33.619814	2022-01-08	2022-05-14	Bubblebox	\N	\N	\N	\N	\N	180	810	220
671	2022-06-13 10:47:35.365282	2022-06-13 10:47:35.365282	2022-04-30	2021-07-17	Meembee	\N	\N	\N	\N	\N	375	194	688
793	2022-06-13 10:47:37.517111	2022-06-13 10:47:37.517111	2021-11-10	2022-03-11	Mudo	\N	\N	\N	\N	\N	588	559	385
894	2022-06-13 10:47:39.365955	2022-06-13 10:47:39.365955	2022-04-02	2021-12-10	Skilith	\N	\N	\N	\N	\N	717	844	198
908	2022-06-13 10:47:39.387568	2022-06-13 10:47:39.387568	2022-04-18	2021-09-11	Ainyx	\N	\N	\N	\N	\N	565	885	72
353	2022-06-13 10:47:30.296679	2022-06-13 10:47:30.296679	2022-01-04	2022-04-14	Eidel	\N	\N	\N	\N	\N	759	759	594
407	2022-06-13 10:47:31.099087	2022-06-13 10:47:31.099087	2022-01-31	2022-02-22	Photobean	\N	\N	\N	\N	\N	28	200	215
537	2022-06-13 10:47:33.219594	2022-06-13 10:47:33.219594	2021-12-13	2021-08-17	Mydeo	\N	\N	\N	\N	\N	472	981	239
590	2022-06-13 10:47:34.040005	2022-06-13 10:47:34.040005	2021-11-15	2021-06-13	Centidel	\N	\N	\N	\N	\N	198	347	513
991	2022-06-13 10:47:41.582202	2022-06-13 10:47:41.582202	2021-06-18	2021-08-06	Brainbox	\N	\N	\N	\N	\N	665	919	96
330	2022-06-13 10:47:29.843666	2022-06-13 10:47:29.843666	2022-06-10	2021-08-10	Ntag	\N	\N	\N	\N	\N	958	79	396
358	2022-06-13 10:47:30.296862	2022-06-13 10:47:30.296862	2021-12-17	2022-01-07	Katz	\N	\N	\N	\N	\N	457	925	109
432	2022-06-13 10:47:31.489417	2022-06-13 10:47:31.489417	2022-05-17	2022-02-05	Jabbersphere	\N	\N	\N	\N	\N	910	778	568
489	2022-06-13 10:47:32.412091	2022-06-13 10:47:32.412091	2021-06-23	2021-08-01	Meevee	\N	\N	\N	\N	\N	408	207	271
565	2022-06-13 10:47:33.622912	2022-06-13 10:47:33.622912	2022-01-28	2021-11-14	Layo	\N	\N	\N	\N	\N	791	425	803
593	2022-06-13 10:47:34.081325	2022-06-13 10:47:34.081325	2021-11-30	2021-07-21	Flashset	\N	\N	\N	\N	\N	912	85	163
604	2022-06-13 10:47:34.12643	2022-06-13 10:47:34.12643	2022-03-26	2021-09-27	Fliptune	\N	\N	\N	\N	\N	592	577	406
605	2022-06-13 10:47:34.156109	2022-06-13 10:47:34.156109	2022-02-01	2022-05-08	Leenti	\N	\N	\N	\N	\N	105	769	138
973	2022-06-13 10:47:41.072317	2022-06-13 10:47:41.072317	2021-06-13	2021-09-09	Skajo	\N	\N	\N	\N	\N	645	463	77
274	2022-06-13 10:47:29.001117	2022-06-13 10:47:29.001117	2021-09-17	2022-01-24	Tavu	\N	\N	\N	\N	\N	350	838	58
331	2022-06-13 10:47:29.843499	2022-06-13 10:47:29.843499	2022-03-30	2022-05-03	Twitterlist	\N	\N	\N	\N	\N	402	560	431
387	2022-06-13 10:47:30.736342	2022-06-13 10:47:30.736342	2021-08-14	2022-03-04	Wordify	\N	\N	\N	\N	\N	403	75	33
457	2022-06-13 10:47:31.982691	2022-06-13 10:47:31.982691	2021-06-16	2021-12-08	Zoonder	\N	\N	\N	\N	\N	456	535	313
515	2022-06-13 10:47:32.832696	2022-06-13 10:47:32.832696	2022-05-14	2021-07-29	Blogtags	\N	\N	\N	\N	\N	633	97	71
674	2022-06-13 10:47:35.433814	2022-06-13 10:47:35.433814	2022-03-06	2021-12-31	Devpoint	\N	\N	\N	\N	\N	814	463	175
684	2022-06-13 10:47:35.471204	2022-06-13 10:47:35.471204	2022-04-30	2022-05-20	Pixoboo	\N	\N	\N	\N	\N	881	412	499
699	2022-06-13 10:47:35.846105	2022-06-13 10:47:35.846105	2022-01-16	2021-11-18	Photofeed	\N	\N	\N	\N	\N	240	664	790
769	2022-06-13 10:47:37.172652	2022-06-13 10:47:37.172652	2021-10-19	2021-11-05	Camimbo	\N	\N	\N	\N	\N	893	831	74
794	2022-06-13 10:47:37.57954	2022-06-13 10:47:37.57954	2021-06-12	2022-02-11	Trupe	\N	\N	\N	\N	\N	793	908	452
808	2022-06-13 10:47:37.636114	2022-06-13 10:47:37.636114	2021-08-01	2022-02-20	Latz	\N	\N	\N	\N	\N	440	199	634
811	2022-06-13 10:47:37.676594	2022-06-13 10:47:37.676594	2021-08-01	2021-08-02	Zoombox	\N	\N	\N	\N	\N	368	290	316
306	2022-06-13 10:47:29.439734	2022-06-13 10:47:29.439734	2022-04-02	2022-03-02	Edgetag	\N	\N	\N	\N	\N	44	528	318
491	2022-06-13 10:47:32.440568	2022-06-13 10:47:32.440568	2021-07-19	2022-03-26	Eayo	\N	\N	\N	\N	\N	386	693	741
538	2022-06-13 10:47:33.256	2022-06-13 10:47:33.256	2021-07-24	2021-07-06	Zoombeat	\N	\N	\N	\N	\N	234	788	64
555	2022-06-13 10:47:33.303554	2022-06-13 10:47:33.303554	2022-01-27	2022-02-07	Avavee	\N	\N	\N	\N	\N	947	858	807
569	2022-06-13 10:47:33.739035	2022-06-13 10:47:33.739035	2021-09-26	2021-10-10	Thoughtbridge	\N	\N	\N	\N	\N	635	141	102
583	2022-06-13 10:47:33.781287	2022-06-13 10:47:33.781287	2022-02-13	2021-11-24	Youopia	\N	\N	\N	\N	\N	736	329	389
597	2022-06-13 10:47:34.126432	2022-06-13 10:47:34.126432	2021-09-29	2022-05-25	Browsecat	\N	\N	\N	\N	\N	377	632	169
724	2022-06-13 10:47:36.325108	2022-06-13 10:47:36.325108	2021-10-14	2021-12-11	Realpoint	\N	\N	\N	\N	\N	418	909	116
926	2022-06-13 10:47:40.067836	2022-06-13 10:47:40.067836	2021-12-26	2022-05-25	Yodo	\N	\N	\N	\N	\N	602	802	273
305	2022-06-13 10:47:29.440884	2022-06-13 10:47:29.440884	2021-12-30	2022-02-15	Livepath	\N	\N	\N	\N	\N	673	97	47
725	2022-06-13 10:47:36.350625	2022-06-13 10:47:36.350625	2021-11-30	2022-03-09	Fanoodle	\N	\N	\N	\N	\N	849	727	453
772	2022-06-13 10:47:37.250909	2022-06-13 10:47:37.250909	2022-01-12	2022-02-13	Oyondu	\N	\N	\N	\N	\N	905	294	497
788	2022-06-13 10:47:37.30391	2022-06-13 10:47:37.30391	2021-07-02	2021-10-06	Skaboo	\N	\N	\N	\N	\N	467	944	40
801	2022-06-13 10:47:37.643747	2022-06-13 10:47:37.643747	2021-09-14	2022-04-21	Jaxbean	\N	\N	\N	\N	\N	392	738	135
853	2022-06-13 10:47:38.490398	2022-06-13 10:47:38.490398	2022-03-19	2021-10-27	Blogpad	\N	\N	\N	\N	\N	690	21	263
490	2022-06-13 10:47:32.460309	2022-06-13 10:47:32.460309	2021-10-01	2021-07-24	Gigabox	\N	\N	\N	\N	\N	653	730	324
505	2022-06-13 10:47:32.540551	2022-06-13 10:47:32.540551	2022-02-05	2021-11-02	Muxo	\N	\N	\N	\N	\N	40	809	970
701	2022-06-13 10:47:35.926466	2022-06-13 10:47:35.926466	2022-02-07	2021-11-15	Devify	\N	\N	\N	\N	\N	970	600	45
726	2022-06-13 10:47:36.410104	2022-06-13 10:47:36.410104	2021-11-25	2022-01-01	Zoomdog	\N	\N	\N	\N	\N	498	273	588
831	2022-06-13 10:47:38.092249	2022-06-13 10:47:38.092249	2022-05-16	2021-09-20	Myworks	\N	\N	\N	\N	\N	165	408	327
877	2022-06-13 10:47:39.034115	2022-06-13 10:47:39.034115	2021-09-21	2022-04-15	Feedfire	\N	\N	\N	\N	\N	185	936	722
411	2022-06-13 10:47:31.204861	2022-06-13 10:47:31.204861	2022-03-19	2021-08-28	Blogtag	\N	\N	\N	\N	\N	233	35	461
704	2022-06-13 10:47:35.927287	2022-06-13 10:47:35.927287	2021-12-26	2021-10-20	Aivee	\N	\N	\N	\N	\N	508	735	502
803	2022-06-13 10:47:37.676209	2022-06-13 10:47:37.676209	2022-03-08	2022-06-04	Jaxworks	\N	\N	\N	\N	\N	765	946	42
361	2022-06-13 10:47:30.385126	2022-06-13 10:47:30.385126	2022-05-21	2021-11-28	Mynte	\N	\N	\N	\N	\N	26	103	274
412	2022-06-13 10:47:31.204969	2022-06-13 10:47:31.204969	2021-10-05	2021-09-27	Brainverse	\N	\N	\N	\N	\N	23	6	154
425	2022-06-13 10:47:31.214935	2022-06-13 10:47:31.214935	2021-09-05	2022-06-05	Yabox	\N	\N	\N	\N	\N	170	63	260
522	2022-06-13 10:47:33.014632	2022-06-13 10:47:33.014632	2021-10-29	2022-01-02	Skivee	\N	\N	\N	\N	\N	726	602	419
622	2022-06-13 10:47:34.688786	2022-06-13 10:47:34.688786	2021-09-07	2021-06-14	Yacero	\N	\N	\N	\N	\N	704	394	623
635	2022-06-13 10:47:34.723818	2022-06-13 10:47:34.723818	2021-06-29	2021-07-14	Dynabox	\N	\N	\N	\N	\N	898	446	219
654	2022-06-13 10:47:35.096215	2022-06-13 10:47:35.096215	2022-05-15	2021-08-14	Izio	\N	\N	\N	\N	\N	680	149	384
729	2022-06-13 10:47:36.427511	2022-06-13 10:47:36.427511	2021-09-20	2021-08-17	Skippad	\N	\N	\N	\N	\N	156	723	723
287	2022-06-13 10:47:29.184612	2022-06-13 10:47:29.184612	2021-10-21	2022-05-10	Photospace	\N	\N	\N	\N	\N	216	733	18
390	2022-06-13 10:47:30.840621	2022-06-13 10:47:30.840621	2022-01-13	2022-06-04	Eare	\N	\N	\N	\N	\N	990	675	500
802	2022-06-13 10:47:37.695129	2022-06-13 10:47:37.695129	2021-11-13	2021-12-01	Tanoodle	\N	\N	\N	\N	\N	425	1000	84
954	2022-06-13 10:47:40.733314	2022-06-13 10:47:40.733314	2022-02-22	2021-07-17	Plambee	\N	\N	\N	\N	\N	813	344	292
316	2022-06-13 10:47:29.566308	2022-06-13 10:47:29.566308	2022-02-05	2021-09-15	Eimbee	\N	\N	\N	\N	\N	857	379	403
419	2022-06-13 10:47:31.272847	2022-06-13 10:47:31.272847	2021-07-11	2022-02-03	Skyble	\N	\N	\N	\N	\N	979	924	143
471	2022-06-13 10:47:32.145923	2022-06-13 10:47:32.145923	2022-03-30	2022-02-01	Realcube	\N	\N	\N	\N	\N	921	945	308
482	2022-06-13 10:47:32.234455	2022-06-13 10:47:32.234455	2021-07-26	2021-06-21	Buzzshare	\N	\N	\N	\N	\N	334	338	708
834	2022-06-13 10:47:38.177072	2022-06-13 10:47:38.177072	2021-11-10	2022-01-23	Edgepulse	\N	\N	\N	\N	\N	595	29	586
846	2022-06-13 10:47:38.291843	2022-06-13 10:47:38.291843	2021-10-01	2022-04-20	Leexo	\N	\N	\N	\N	\N	767	764	939
852	2022-06-13 10:47:38.382664	2022-06-13 10:47:38.382664	2022-04-08	2021-07-06	Dabvine	\N	\N	\N	\N	\N	469	329	288
855	2022-06-13 10:47:38.46395	2022-06-13 10:47:38.46395	2021-09-13	2022-02-28	Yombu	\N	\N	\N	\N	\N	849	101	702
953	2022-06-13 10:47:40.736087	2022-06-13 10:47:40.736087	2021-11-05	2021-08-28	Roomm	\N	\N	\N	\N	\N	196	52	512
367	2022-06-13 10:47:30.451695	2022-06-13 10:47:30.451695	2021-06-19	2021-11-03	Geba	\N	\N	\N	\N	\N	536	361	115
380	2022-06-13 10:47:30.501484	2022-06-13 10:47:30.501484	2022-06-06	2021-06-27	Edgeclub	\N	\N	\N	\N	\N	489	285	355
625	2022-06-13 10:47:34.691991	2022-06-13 10:47:34.691991	2021-10-27	2022-04-01	Fiveclub	\N	\N	\N	\N	\N	479	392	396
637	2022-06-13 10:47:34.724976	2022-06-13 10:47:34.724976	2021-09-07	2022-01-30	Mydo	\N	\N	\N	\N	\N	537	754	4
688	2022-06-13 10:47:35.627746	2022-06-13 10:47:35.627746	2021-06-30	2021-12-17	Dynazzy	\N	\N	\N	\N	\N	900	73	7
694	2022-06-13 10:47:35.659834	2022-06-13 10:47:35.659834	2021-11-08	2021-09-03	Zava	\N	\N	\N	\N	\N	244	278	869
706	2022-06-13 10:47:36.022847	2022-06-13 10:47:36.022847	2022-04-26	2022-04-02	Topicblab	\N	\N	\N	\N	\N	708	277	65
806	2022-06-13 10:47:37.763978	2022-06-13 10:47:37.763978	2021-08-04	2022-05-29	Youbridge	\N	\N	\N	\N	\N	899	716	170
823	2022-06-13 10:47:37.793212	2022-06-13 10:47:37.793212	2022-01-14	2021-12-17	Flashpoint	\N	\N	\N	\N	\N	17	323	47
824	2022-06-13 10:47:37.895682	2022-06-13 10:47:37.895682	2021-08-14	2021-07-11	Kaymbo	\N	\N	\N	\N	\N	488	20	518
934	2022-06-13 10:47:40.249576	2022-06-13 10:47:40.249576	2021-08-25	2021-10-17	Linkbuzz	\N	\N	\N	\N	\N	874	291	610
348	2022-06-13 10:47:30.098954	2022-06-13 10:47:30.098954	2022-02-14	2021-12-30	Digitube	\N	\N	\N	\N	\N	172	637	44
446	2022-06-13 10:47:31.767949	2022-06-13 10:47:31.767949	2021-11-12	2021-09-10	Yodel	\N	\N	\N	\N	\N	579	457	929
885	2022-06-13 10:47:39.164279	2022-06-13 10:47:39.164279	2021-08-01	2021-09-25	Realfire	\N	\N	\N	\N	\N	760	19	715
896	2022-06-13 10:47:39.221638	2022-06-13 10:47:39.221638	2021-11-15	2021-11-19	Feedfish	\N	\N	\N	\N	\N	40	675	946
984	2022-06-13 10:47:41.352375	2022-06-13 10:47:41.352375	2022-05-13	2022-04-16	Jazzy	\N	\N	\N	\N	\N	703	262	336
553	2022-06-13 10:47:33.431362	2022-06-13 10:47:33.431362	2022-05-07	2021-10-03	Agivu	\N	\N	\N	\N	\N	840	867	739
566	2022-06-13 10:47:33.449401	2022-06-13 10:47:33.449401	2022-02-26	2022-04-10	Dabjam	\N	\N	\N	\N	\N	649	853	631
628	2022-06-13 10:47:34.803041	2022-06-13 10:47:34.803041	2022-01-07	2021-06-27	Divape	\N	\N	\N	\N	\N	742	873	937
644	2022-06-13 10:47:34.855711	2022-06-13 10:47:34.855711	2021-10-06	2022-02-08	Gigaclub	\N	\N	\N	\N	\N	63	545	629
887	2022-06-13 10:47:39.221396	2022-06-13 10:47:39.221396	2021-09-10	2022-05-12	Demivee	\N	\N	\N	\N	\N	541	118	343
321	2022-06-13 10:47:29.709476	2022-06-13 10:47:29.709476	2021-10-04	2022-05-05	Ooba	\N	\N	\N	\N	\N	302	99	873
333	2022-06-13 10:47:29.732549	2022-06-13 10:47:29.732549	2022-01-14	2022-04-18	Centimia	\N	\N	\N	\N	\N	950	501	230
371	2022-06-13 10:47:30.51734	2022-06-13 10:47:30.51734	2022-04-30	2021-11-24	Flashspan	\N	\N	\N	\N	\N	586	841	283
524	2022-06-13 10:47:33.061066	2022-06-13 10:47:33.061066	2022-04-02	2022-03-14	Oyoba	\N	\N	\N	\N	\N	32	36	532
539	2022-06-13 10:47:33.106038	2022-06-13 10:47:33.106038	2022-01-28	2021-12-14	Photojam	\N	\N	\N	\N	\N	903	92	468
630	2022-06-13 10:47:34.804239	2022-06-13 10:47:34.804239	2021-07-07	2021-08-01	Aimbu	\N	\N	\N	\N	\N	434	447	118
422	2022-06-13 10:47:31.391484	2022-06-13 10:47:31.391484	2022-05-10	2022-01-06	Browsedrive	\N	\N	\N	\N	\N	696	502	619
450	2022-06-13 10:47:31.80288	2022-06-13 10:47:31.80288	2021-09-24	2022-03-20	Kwimbee	\N	\N	\N	\N	\N	977	711	222
477	2022-06-13 10:47:32.234741	2022-06-13 10:47:32.234741	2022-02-19	2022-05-22	Midel	\N	\N	\N	\N	\N	709	306	267
632	2022-06-13 10:47:34.804325	2022-06-13 10:47:34.804325	2022-05-19	2021-08-27	Vinder	\N	\N	\N	\N	\N	56	232	503
763	2022-06-13 10:47:36.992426	2022-06-13 10:47:36.992426	2021-07-02	2021-10-21	Zoomlounge	\N	\N	\N	\N	\N	964	51	20
789	2022-06-13 10:47:37.456385	2022-06-13 10:47:37.456385	2021-10-20	2021-10-19	Quimba	\N	\N	\N	\N	\N	801	464	9
530	2022-06-13 10:47:33.104394	2022-06-13 10:47:33.104394	2022-01-12	2021-12-25	Babbleopia	\N	\N	\N	\N	\N	473	641	180
541	2022-06-13 10:47:33.186465	2022-06-13 10:47:33.186465	2022-03-24	2022-02-14	Einti	\N	\N	\N	\N	\N	58	805	83
739	2022-06-13 10:47:36.640678	2022-06-13 10:47:36.640678	2022-02-26	2021-12-06	Tazz	\N	\N	\N	\N	\N	141	884	58
759	2022-06-13 10:47:37.011015	2022-06-13 10:47:37.011015	2021-08-20	2022-03-17	Babbleblab	\N	\N	\N	\N	\N	682	303	53
892	2022-06-13 10:47:39.344621	2022-06-13 10:47:39.344621	2021-08-27	2021-08-15	Avaveo	\N	\N	\N	\N	\N	659	212	777
919	2022-06-13 10:47:39.91382	2022-06-13 10:47:39.91382	2022-01-05	2021-12-15	Nlounge	\N	\N	\N	\N	\N	512	102	447
298	2022-06-13 10:47:29.297717	2022-06-13 10:47:29.297717	2021-08-07	2021-12-03	Jetpulse	\N	\N	\N	\N	\N	375	326	108
421	2022-06-13 10:47:31.390941	2022-06-13 10:47:31.390941	2021-12-27	2021-12-10	Wordware	\N	\N	\N	\N	\N	580	537	919
437	2022-06-13 10:47:31.411055	2022-06-13 10:47:31.411055	2021-06-17	2022-02-13	BlogXS	\N	\N	\N	\N	\N	398	938	254
439	2022-06-13 10:47:31.488823	2022-06-13 10:47:31.488823	2021-06-18	2022-04-08	Yotz	\N	\N	\N	\N	\N	517	987	436
453	2022-06-13 10:47:31.862913	2022-06-13 10:47:31.862913	2021-10-29	2022-04-13	Bluejam	\N	\N	\N	\N	\N	619	144	250
465	2022-06-13 10:47:31.921068	2022-06-13 10:47:31.921068	2022-06-10	2022-05-15	Yoveo	\N	\N	\N	\N	\N	837	505	100
508	2022-06-13 10:47:32.740117	2022-06-13 10:47:32.740117	2022-04-18	2021-12-26	Eabox	\N	\N	\N	\N	\N	548	445	56
633	2022-06-13 10:47:34.804927	2022-06-13 10:47:34.804927	2021-06-17	2021-11-28	Demimbu	\N	\N	\N	\N	\N	714	322	107
645	2022-06-13 10:47:34.855818	2022-06-13 10:47:34.855818	2021-06-22	2021-08-13	Tagopia	\N	\N	\N	\N	\N	200	87	134
652	2022-06-13 10:47:34.906823	2022-06-13 10:47:34.906823	2021-06-27	2021-09-14	Voonte	\N	\N	\N	\N	\N	794	14	212
658	2022-06-13 10:47:34.977667	2022-06-13 10:47:34.977667	2021-08-31	2022-06-05	Jabberstorm	\N	\N	\N	\N	\N	306	336	108
761	2022-06-13 10:47:37.0338	2022-06-13 10:47:37.0338	2022-02-11	2021-10-18	Teklist	\N	\N	\N	\N	\N	779	954	756
815	2022-06-13 10:47:37.898123	2022-06-13 10:47:37.898123	2022-01-16	2021-06-24	Babbleset	\N	\N	\N	\N	\N	648	711	230
868	2022-06-13 10:47:38.821323	2022-06-13 10:47:38.821323	2021-10-18	2022-04-16	Feedbug	\N	\N	\N	\N	\N	993	905	790
942	2022-06-13 10:47:40.483709	2022-06-13 10:47:40.483709	2021-09-05	2021-11-24	Voonder	\N	\N	\N	\N	\N	464	821	829
955	2022-06-13 10:47:40.544055	2022-06-13 10:47:40.544055	2022-05-12	2021-09-28	Wordtune	\N	\N	\N	\N	\N	647	113	283
989	2022-06-13 10:47:41.471171	2022-06-13 10:47:41.471171	2021-09-17	2022-01-20	Thoughtmix	\N	\N	\N	\N	\N	976	373	911
352	2022-06-13 10:47:30.147053	2022-06-13 10:47:30.147053	2021-06-20	2021-09-12	Mybuzz	\N	\N	\N	\N	\N	593	200	49
533	2022-06-13 10:47:33.168104	2022-06-13 10:47:33.168104	2021-08-24	2021-06-29	Twitterbridge	\N	\N	\N	\N	\N	954	738	78
542	2022-06-13 10:47:33.187	2022-06-13 10:47:33.187	2021-11-19	2022-05-26	Viva	\N	\N	\N	\N	\N	251	227	96
556	2022-06-13 10:47:33.568374	2022-06-13 10:47:33.568374	2021-08-22	2021-06-28	Jaloo	\N	\N	\N	\N	\N	451	676	251
589	2022-06-13 10:47:34.001637	2022-06-13 10:47:34.001637	2022-03-21	2021-12-22	Ozu	\N	\N	\N	\N	\N	877	549	505
719	2022-06-13 10:47:36.187898	2022-06-13 10:47:36.187898	2022-04-24	2022-04-01	Edgeblab	\N	\N	\N	\N	\N	505	183	201
266	2022-06-13 10:47:28.963827	2022-06-13 10:47:28.963827	2021-11-07	2021-11-20	Shufflester	\N	\N	\N	\N	\N	107	437	69
\.


--
-- Data for Name: buyers; Type: TABLE DATA; Schema: public; Owner: postgres
--

COPY public.buyers (id, updated_at, created_at, start_date, end_date, name, tax_no, attribute1, attribute2, attribute3, attribute4, attribute5, created_by, updated_by) FROM stdin;
7	2022-06-13 10:46:05.776739	2022-06-13 10:46:05.776739	2022-01-19	2022-02-15	Corythornis cristata	gsfyoqetbdzhraxpwvm	\N	\N	\N	\N	\N	965	715
6	2022-06-13 10:46:05.776735	2022-06-13 10:46:05.776735	2021-09-08	2022-05-26	Hystrix indica	xzfknlhqbpdracvsgo	\N	\N	\N	\N	\N	842	499
3	2022-06-13 10:46:05.776898	2022-06-13 10:46:05.776898	2021-07-04	2021-11-02	Laniaurius atrococcineus	mqtipwadhcuzvsgjneo	\N	\N	\N	\N	\N	462	585
4	2022-06-13 10:46:05.777048	2022-06-13 10:46:05.777048	2021-11-30	2022-02-23	Corvus albus	zxkuawlqeof	\N	\N	\N	\N	\N	344	913
2	2022-06-13 10:46:05.834015	2022-06-13 10:46:05.834015	2021-06-25	2021-12-09	Ara ararauna	vgntudjromshycie	\N	\N	\N	\N	\N	886	442
12	2022-06-13 10:46:05.84667	2022-06-13 10:46:05.84667	2022-02-13	2021-11-10	Cebus nigrivittatus	kzbnovawujsr	\N	\N	\N	\N	\N	457	2
13	2022-06-13 10:46:05.846919	2022-06-13 10:46:05.846919	2022-05-21	2021-07-11	Vulpes chama	obtuklczxgvwpad	\N	\N	\N	\N	\N	405	52
14	2022-06-13 10:46:05.847025	2022-06-13 10:46:05.847025	2022-01-19	2021-11-17	Columba palumbus	rspwyjakqtzeun	\N	\N	\N	\N	\N	320	804
15	2022-06-13 10:46:05.847212	2022-06-13 10:46:05.847212	2021-11-17	2021-09-11	Semnopithecus entellus	hakjzqpnxiwmtgo	\N	\N	\N	\N	\N	246	865
10	2022-06-13 10:46:05.847406	2022-06-13 10:46:05.847406	2021-08-24	2021-06-30	Hippotragus equinus	axytkelwsh	\N	\N	\N	\N	\N	113	264
9	2022-06-13 10:46:05.847548	2022-06-13 10:46:05.847548	2022-03-15	2021-09-21	Physignathus cocincinus	iaqdpbomyuhrgwx	\N	\N	\N	\N	\N	135	839
5	2022-06-13 10:46:05.847654	2022-06-13 10:46:05.847654	2021-10-23	2021-09-04	Dusicyon thous	ceztjvqbnliakudoy	\N	\N	\N	\N	\N	613	500
16	2022-06-13 10:46:05.85505	2022-06-13 10:46:05.85505	2021-09-16	2022-03-29	unavailable	tuxiehkbfjwpy	\N	\N	\N	\N	\N	48	509
17	2022-06-13 10:46:05.855675	2022-06-13 10:46:05.855675	2022-04-01	2021-10-13	Mirounga angustirostris	uxlzenvhcpdwbkqmitg	\N	\N	\N	\N	\N	849	657
18	2022-06-13 10:46:05.855831	2022-06-13 10:46:05.855831	2021-08-03	2021-12-13	Macropus rufogriseus	uytnrlbavqghszicox	\N	\N	\N	\N	\N	669	254
8	2022-06-13 10:46:05.85505	2022-06-13 10:46:05.85505	2021-09-07	2021-08-08	Naja haje	xfaswkgzepbi	\N	\N	\N	\N	\N	483	433
19	2022-06-13 10:46:05.855968	2022-06-13 10:46:05.855968	2022-05-29	2022-02-16	Paraxerus cepapi	jmcazryiofuglqbts	\N	\N	\N	\N	\N	951	590
20	2022-06-13 10:46:05.856324	2022-06-13 10:46:05.856324	2021-09-10	2021-12-29	Columba livia	mpgofuiyzlxvcthkswn	\N	\N	\N	\N	\N	447	325
21	2022-06-13 10:46:05.856464	2022-06-13 10:46:05.856464	2022-02-25	2021-10-11	Ceratotherium simum	gqmdsanptvlir	\N	\N	\N	\N	\N	894	250
22	2022-06-13 10:46:05.856574	2022-06-13 10:46:05.856574	2021-10-01	2021-10-01	Pavo cristatus	tnuwevzdclbfjmgiopq	\N	\N	\N	\N	\N	974	133
23	2022-06-13 10:46:05.856792	2022-06-13 10:46:05.856792	2021-11-16	2021-12-24	Dendrocygna viduata	zcfkredjisoyhpauntlv	\N	\N	\N	\N	\N	891	624
26	2022-06-13 10:46:05.871572	2022-06-13 10:46:05.871572	2021-12-13	2021-06-26	Dasypus novemcinctus	eipzasbvoytmldfunckg	\N	\N	\N	\N	\N	486	448
27	2022-06-13 10:46:05.87161	2022-06-13 10:46:05.87161	2021-07-19	2021-08-30	Creagrus furcatus	dptjhxcziovsmwgbr	\N	\N	\N	\N	\N	59	142
28	2022-06-13 10:46:05.871703	2022-06-13 10:46:05.871703	2022-03-14	2021-07-29	Lepus arcticus	woypvqjmelzdxghufi	\N	\N	\N	\N	\N	593	705
29	2022-06-13 10:46:05.871893	2022-06-13 10:46:05.871893	2021-09-26	2022-04-20	Sylvicapra grimma	kyjrixpdvchmbg	\N	\N	\N	\N	\N	563	693
30	2022-06-13 10:46:05.871958	2022-06-13 10:46:05.871958	2022-01-11	2021-07-01	Fratercula corniculata	stmzoydhkqvbuxe	\N	\N	\N	\N	\N	738	117
31	2022-06-13 10:46:05.872042	2022-06-13 10:46:05.872042	2021-12-08	2022-04-05	Francolinus swainsonii	qsamcfopdun	\N	\N	\N	\N	\N	418	390
32	2022-06-13 10:46:05.872138	2022-06-13 10:46:05.872138	2022-01-18	2021-10-05	Spizaetus coronatus	enrphjxmtwzd	\N	\N	\N	\N	\N	449	602
33	2022-06-13 10:46:05.872276	2022-06-13 10:46:05.872276	2021-10-25	2022-05-05	Paradoxurus hermaphroditus	dqxvrukgmf	\N	\N	\N	\N	\N	919	708
34	2022-06-13 10:46:05.87929	2022-06-13 10:46:05.87929	2021-11-27	2021-06-25	Phascolarctos cinereus	zljtapgwruxchyvqef	\N	\N	\N	\N	\N	286	893
35	2022-06-13 10:46:05.879725	2022-06-13 10:46:05.879725	2022-05-05	2022-04-11	Eudyptula minor	jaxqdronmspuwc	\N	\N	\N	\N	\N	89	795
36	2022-06-13 10:46:05.879931	2022-06-13 10:46:05.879931	2021-12-25	2022-03-07	Cabassous sp.	uzmfxlavbwryogdcin	\N	\N	\N	\N	\N	789	23
37	2022-06-13 10:46:05.880338	2022-06-13 10:46:05.880338	2022-02-26	2021-07-21	Dicrostonyx groenlandicus	htrqaieowdcjm	\N	\N	\N	\N	\N	573	977
38	2022-06-13 10:46:05.880571	2022-06-13 10:46:05.880571	2021-09-09	2021-06-27	Ratufa indica	vcudqeaikyjhbtsrwnm	\N	\N	\N	\N	\N	463	712
39	2022-06-13 10:46:05.880579	2022-06-13 10:46:05.880579	2022-04-11	2022-03-24	Colobus guerza	klatndzuvixmfsyrpeoc	\N	\N	\N	\N	\N	761	218
40	2022-06-13 10:46:05.880678	2022-06-13 10:46:05.880678	2022-01-21	2021-12-01	Dasyurus maculatus	lkoawyivuxecfmr	\N	\N	\N	\N	\N	60	936
41	2022-06-13 10:46:05.880925	2022-06-13 10:46:05.880925	2021-06-12	2021-06-28	Felis concolor	jhmiynlrupeksgbqxwc	\N	\N	\N	\N	\N	990	59
42	2022-06-13 10:46:05.881722	2022-06-13 10:46:05.881722	2021-11-17	2022-04-27	Varanus albigularis	xcsabindgjmhvzup	\N	\N	\N	\N	\N	957	316
11	2022-06-13 10:46:05.881178	2022-06-13 10:46:05.881178	2021-11-26	2021-09-26	Hippopotamus amphibius	phgwcxvtnk	\N	\N	\N	\N	\N	723	793
43	2022-06-13 10:46:05.902043	2022-06-13 10:46:05.902043	2022-01-10	2021-11-12	Phalacrocorax niger	usrlgedxvz	\N	\N	\N	\N	\N	438	711
44	2022-06-13 10:46:05.902192	2022-06-13 10:46:05.902192	2022-02-12	2021-08-25	Larus fuliginosus	smktzdyqvncl	\N	\N	\N	\N	\N	225	680
45	2022-06-13 10:46:05.902175	2022-06-13 10:46:05.902175	2022-03-06	2021-10-02	Didelphis virginiana	tyzuoedxkpvanjcwhsb	\N	\N	\N	\N	\N	482	424
46	2022-06-13 10:46:05.902239	2022-06-13 10:46:05.902239	2021-06-13	2021-12-31	Castor fiber	tspedfziqwoabmyklxn	\N	\N	\N	\N	\N	855	925
47	2022-06-13 10:46:05.902466	2022-06-13 10:46:05.902466	2021-06-30	2022-06-02	Bucorvus leadbeateri	wjcipdqroshxvl	\N	\N	\N	\N	\N	708	457
48	2022-06-13 10:46:05.902565	2022-06-13 10:46:05.902565	2021-12-25	2022-02-16	Kobus defassa	codgfajrwubi	\N	\N	\N	\N	\N	730	615
49	2022-06-13 10:46:05.902778	2022-06-13 10:46:05.902778	2021-11-21	2022-05-28	Streptopelia senegalensis	ouprahticq	\N	\N	\N	\N	\N	943	188
50	2022-06-13 10:46:05.90296	2022-06-13 10:46:05.90296	2022-01-27	2022-02-20	Aegypius occipitalis	qdeypcjfvw	\N	\N	\N	\N	\N	53	607
51	2022-06-13 10:46:05.90341	2022-06-13 10:46:05.90341	2021-11-07	2021-09-02	Corvus albicollis	pkiartbunwxlgeqz	\N	\N	\N	\N	\N	354	821
25	2022-06-13 10:46:05.903676	2022-06-13 10:46:05.903676	2021-10-03	2021-12-24	Haematopus ater	sytnbfcmrolxigveaqu	\N	\N	\N	\N	\N	37	460
52	2022-06-13 10:46:05.905027	2022-06-13 10:46:05.905027	2021-07-14	2021-10-21	Varanus sp.	gdxzwbujmq	\N	\N	\N	\N	\N	410	581
53	2022-06-13 10:46:05.908649	2022-06-13 10:46:05.908649	2021-11-30	2022-01-30	Ovis musimon	iysrjnmwxpgubfqhce	\N	\N	\N	\N	\N	339	356
54	2022-06-13 10:46:05.908714	2022-06-13 10:46:05.908714	2021-10-08	2022-01-24	Pelecanus conspicillatus	exoiwnldhaubp	\N	\N	\N	\N	\N	356	249
56	2022-06-13 10:46:05.908806	2022-06-13 10:46:05.908806	2021-09-10	2021-07-16	Seiurus aurocapillus	cnukbhjwvilsg	\N	\N	\N	\N	\N	329	755
57	2022-06-13 10:46:05.909288	2022-06-13 10:46:05.909288	2021-08-11	2022-01-05	Felis pardalis	muhsdbtxvfi	\N	\N	\N	\N	\N	112	730
58	2022-06-13 10:46:05.9093	2022-06-13 10:46:05.9093	2022-03-05	2022-02-22	Lycaon pictus	ezgiwfjpbadrtskv	\N	\N	\N	\N	\N	802	537
59	2022-06-13 10:46:05.909546	2022-06-13 10:46:05.909546	2021-11-14	2021-11-11	Sula nebouxii	xsefakjqgvhmd	\N	\N	\N	\N	\N	852	152
62	2022-06-13 10:46:05.911487	2022-06-13 10:46:05.911487	2021-07-24	2022-01-15	Cynictis penicillata	mspezkcvgoi	\N	\N	\N	\N	\N	538	143
64	2022-06-13 10:46:05.91413	2022-06-13 10:46:05.91413	2022-01-09	2022-06-06	Isoodon obesulus	dwaqopmblvjsntzixerc	\N	\N	\N	\N	\N	97	181
65	2022-06-13 10:46:05.914578	2022-06-13 10:46:05.914578	2022-04-29	2021-10-21	Taxidea taxus	curtvjqsbm	\N	\N	\N	\N	\N	864	899
68	2022-06-13 10:46:05.914867	2022-06-13 10:46:05.914867	2021-07-06	2022-05-27	Eumetopias jubatus	kabjgowhqrc	\N	\N	\N	\N	\N	903	638
69	2022-06-13 10:46:05.915019	2022-06-13 10:46:05.915019	2021-12-18	2021-10-04	Orcinus orca	hplbufyknswd	\N	\N	\N	\N	\N	697	359
72	2022-06-13 10:46:05.918909	2022-06-13 10:46:05.918909	2021-07-24	2022-01-14	Nasua nasua	pilftomcnedwkbxg	\N	\N	\N	\N	\N	77	172
73	2022-06-13 10:46:05.92018	2022-06-13 10:46:05.92018	2022-01-26	2021-10-29	Lasiodora parahybana	boxwpkruidcqsyma	\N	\N	\N	\N	\N	7	257
74	2022-06-13 10:46:05.922503	2022-06-13 10:46:05.922503	2021-10-23	2021-07-21	Sciurus vulgaris	qtkjfpeviylrgdaxusz	\N	\N	\N	\N	\N	896	853
76	2022-06-13 10:46:05.924774	2022-06-13 10:46:05.924774	2021-07-01	2022-04-18	Canis aureus	jyvecblwuxzmqi	\N	\N	\N	\N	\N	798	498
77	2022-06-13 10:46:05.924824	2022-06-13 10:46:05.924824	2021-10-31	2021-12-19	Zalophus californicus	maehyjlufdg	\N	\N	\N	\N	\N	687	621
82	2022-06-13 10:46:05.965785	2022-06-13 10:46:05.965785	2021-11-25	2021-06-27	Tetracerus quadricornis	svmfkguceziap	\N	\N	\N	\N	\N	803	524
87	2022-06-13 10:46:06.028632	2022-06-13 10:46:06.028632	2022-03-24	2022-02-28	Propithecus verreauxi	obwyklthcnusvgxizdja	\N	\N	\N	\N	\N	269	324
98	2022-06-13 10:46:06.052441	2022-06-13 10:46:06.052441	2021-12-16	2022-05-12	Branta canadensis	qoxbtnpadezmusrflv	\N	\N	\N	\N	\N	437	469
105	2022-06-13 10:46:06.079448	2022-06-13 10:46:06.079448	2021-07-26	2022-05-26	Lamprotornis chalybaeus	nhjorfpwzqemsylugc	\N	\N	\N	\N	\N	99	81
78	2022-06-13 10:46:05.957409	2022-06-13 10:46:05.957409	2021-06-19	2021-08-07	Prionace glauca	vcinxzpgkufrj	\N	\N	\N	\N	\N	392	417
61	2022-06-13 10:46:05.962256	2022-06-13 10:46:05.962256	2022-05-17	2022-03-14	Phasianus colchicus	inhojfupqycmrx	\N	\N	\N	\N	\N	328	595
84	2022-06-13 10:46:05.967115	2022-06-13 10:46:05.967115	2022-04-23	2022-05-29	Diomedea irrorata	stmxpubejf	\N	\N	\N	\N	\N	880	987
89	2022-06-13 10:46:06.028852	2022-06-13 10:46:06.028852	2021-08-12	2021-11-18	Felis caracal	nwtihuarkyzgcxpm	\N	\N	\N	\N	\N	975	37
88	2022-06-13 10:46:06.029847	2022-06-13 10:46:06.029847	2021-09-25	2021-12-29	Potorous tridactylus	kdatwhimexbncyp	\N	\N	\N	\N	\N	786	295
94	2022-06-13 10:46:06.050935	2022-06-13 10:46:06.050935	2022-02-03	2021-12-23	Psittacula krameri	kjcxmdfurhgvbpnyoiet	\N	\N	\N	\N	\N	918	939
95	2022-06-13 10:46:06.051015	2022-06-13 10:46:06.051015	2021-09-28	2021-10-26	Crotaphytus collaris	kqgixlfsahcj	\N	\N	\N	\N	\N	818	437
100	2022-06-13 10:46:06.078431	2022-06-13 10:46:06.078431	2022-01-26	2022-03-18	Felis chaus	earfsvmxdnu	\N	\N	\N	\N	\N	40	601
102	2022-06-13 10:46:06.078816	2022-06-13 10:46:06.078816	2021-09-27	2021-12-05	Potos flavus	lpxzrewfjvtghyimonqc	\N	\N	\N	\N	\N	643	388
106	2022-06-13 10:46:06.129929	2022-06-13 10:46:06.129929	2021-06-27	2021-07-17	Acrantophis madagascariensis	umkcqwpjltos	\N	\N	\N	\N	\N	944	429
108	2022-06-13 10:46:06.130119	2022-06-13 10:46:06.130119	2022-01-13	2021-08-16	Hystrix cristata	fhtdwiacjr	\N	\N	\N	\N	\N	445	903
115	2022-06-13 10:46:06.146125	2022-06-13 10:46:06.146125	2022-04-16	2021-12-03	Acrobates pygmaeus	tpygsajidxmceknhvoub	\N	\N	\N	\N	\N	137	905
118	2022-06-13 10:46:06.146483	2022-06-13 10:46:06.146483	2022-06-08	2022-01-02	Bison bison	jagznspveklbcy	\N	\N	\N	\N	\N	504	474
123	2022-06-13 10:46:06.184977	2022-06-13 10:46:06.184977	2021-08-08	2022-04-04	Lamprotornis nitens	fvgidcsrmbwa	\N	\N	\N	\N	\N	44	826
124	2022-06-13 10:46:06.18519	2022-06-13 10:46:06.18519	2022-01-03	2022-01-22	Tamandua tetradactyla	ustbnrywiv	\N	\N	\N	\N	\N	572	267
133	2022-06-13 10:46:06.189857	2022-06-13 10:46:06.189857	2021-12-31	2021-08-02	Bassariscus astutus	sfoyjabdthz	\N	\N	\N	\N	\N	251	707
135	2022-06-13 10:46:06.189988	2022-06-13 10:46:06.189988	2021-09-01	2021-09-22	Aonyx cinerea	vngxlduiebc	\N	\N	\N	\N	\N	82	889
137	2022-06-13 10:46:06.222246	2022-06-13 10:46:06.222246	2021-06-15	2021-10-06	Aonyx capensis	zsqemgcpbko	\N	\N	\N	\N	\N	378	394
142	2022-06-13 10:46:06.223499	2022-06-13 10:46:06.223499	2021-07-22	2021-12-16	Choriotis kori	ctaxpzgvjmndu	\N	\N	\N	\N	\N	473	580
146	2022-06-13 10:46:06.230062	2022-06-13 10:46:06.230062	2022-01-20	2021-11-05	Hippotragus niger	wrdtypegcmlbfq	\N	\N	\N	\N	\N	261	72
80	2022-06-13 10:46:05.965522	2022-06-13 10:46:05.965522	2021-10-24	2021-08-22	Castor canadensis	iwaoygdbrsmukvjhxzpf	\N	\N	\N	\N	\N	767	36
83	2022-06-13 10:46:05.965845	2022-06-13 10:46:05.965845	2021-07-08	2022-04-23	Epicrates cenchria maurus	ljpuwikgdvofmexysqar	\N	\N	\N	\N	\N	744	918
63	2022-06-13 10:46:05.966966	2022-06-13 10:46:05.966966	2022-03-27	2022-06-06	Ursus americanus	pvqhaeylik	\N	\N	\N	\N	\N	771	27
91	2022-06-13 10:46:06.028978	2022-06-13 10:46:06.028978	2022-01-29	2022-02-16	Balearica pavonina	oambyselpircugkhxjz	\N	\N	\N	\N	\N	153	739
71	2022-06-13 10:46:06.028362	2022-06-13 10:46:06.028362	2021-09-03	2022-05-17	Galago crassicaudataus	tjuvzxyekwdcpnifq	\N	\N	\N	\N	\N	365	514
79	2022-06-13 10:46:06.048822	2022-06-13 10:46:06.048822	2021-08-26	2022-03-26	Smithopsis crassicaudata	trldbfcjusakyhwvxzi	\N	\N	\N	\N	\N	218	220
96	2022-06-13 10:46:06.051199	2022-06-13 10:46:06.051199	2022-01-07	2022-01-27	Anastomus oscitans	jbxunhdackroilwzvmyg	\N	\N	\N	\N	\N	84	372
97	2022-06-13 10:46:06.051831	2022-06-13 10:46:06.051831	2021-08-16	2021-07-07	Otocyon megalotis	nbwkxsmyevtcjpfzdhlu	\N	\N	\N	\N	\N	134	953
101	2022-06-13 10:46:06.078506	2022-06-13 10:46:06.078506	2022-05-28	2022-03-31	Anas punctata	yakphugnqife	\N	\N	\N	\N	\N	921	436
103	2022-06-13 10:46:06.07933	2022-06-13 10:46:06.07933	2022-02-25	2021-10-15	Anathana ellioti	vmbocshugifzarnpjwlk	\N	\N	\N	\N	\N	477	991
104	2022-06-13 10:46:06.079597	2022-06-13 10:46:06.079597	2022-03-18	2022-05-15	Felis silvestris lybica	qpxtwrnjdsoayufb	\N	\N	\N	\N	\N	626	951
85	2022-06-13 10:46:06.079889	2022-06-13 10:46:06.079889	2021-11-29	2021-12-17	Felis libyca	edhubaimtyxoqkrpf	\N	\N	\N	\N	\N	348	53
107	2022-06-13 10:46:06.130113	2022-06-13 10:46:06.130113	2021-12-31	2021-07-04	Geochelone elephantopus	johzwdptrygxib	\N	\N	\N	\N	\N	93	60
109	2022-06-13 10:46:06.130311	2022-06-13 10:46:06.130311	2021-07-04	2021-07-22	Erethizon dorsatum	ypvruhandimsjlecoq	\N	\N	\N	\N	\N	557	379
110	2022-06-13 10:46:06.130385	2022-06-13 10:46:06.130385	2021-11-28	2021-08-30	Ciconia ciconia	xmnekaigsblv	\N	\N	\N	\N	\N	813	422
93	2022-06-13 10:46:06.143906	2022-06-13 10:46:06.143906	2022-06-03	2022-05-26	Manouria emys	rtikemdpnxz	\N	\N	\N	\N	\N	120	604
92	2022-06-13 10:46:06.143818	2022-06-13 10:46:06.143818	2022-01-11	2022-02-17	Herpestes javanicus	hwkaqjsdyiogze	\N	\N	\N	\N	\N	932	874
116	2022-06-13 10:46:06.146235	2022-06-13 10:46:06.146235	2022-05-10	2021-08-05	Anas bahamensis	lrtykgcudeafmpqi	\N	\N	\N	\N	\N	298	729
117	2022-06-13 10:46:06.14636	2022-06-13 10:46:06.14636	2022-04-21	2022-02-18	Platalea leucordia	xdyzbienjtusgk	\N	\N	\N	\N	\N	401	98
119	2022-06-13 10:46:06.146563	2022-06-13 10:46:06.146563	2022-02-23	2021-08-05	Cracticus nigroagularis	ajrutyzqdwnbfgsixolc	\N	\N	\N	\N	\N	608	85
99	2022-06-13 10:46:06.147259	2022-06-13 10:46:06.147259	2021-08-21	2021-10-18	Chelodina longicollis	dlmazoutybhxkwc	\N	\N	\N	\N	\N	481	791
122	2022-06-13 10:46:06.184521	2022-06-13 10:46:06.184521	2022-01-02	2022-04-19	Phalaropus lobatus	tuqaeyswcpjdbmhv	\N	\N	\N	\N	\N	213	456
125	2022-06-13 10:46:06.185344	2022-06-13 10:46:06.185344	2022-05-01	2021-08-07	Oreamnos americanus	xbjvwhfsdzmalct	\N	\N	\N	\N	\N	846	858
128	2022-06-13 10:46:06.186642	2022-06-13 10:46:06.186642	2021-12-05	2021-12-19	Gazella thompsonii	dwabmutrpkofiqcsyhng	\N	\N	\N	\N	\N	646	520
114	2022-06-13 10:46:06.186483	2022-06-13 10:46:06.186483	2022-05-17	2021-10-08	Bucephala clangula	xgdlmutowq	\N	\N	\N	\N	\N	806	70
113	2022-06-13 10:46:06.186728	2022-06-13 10:46:06.186728	2022-02-27	2022-04-19	Himantopus himantopus	oqjkewcgdlubs	\N	\N	\N	\N	\N	935	835
131	2022-06-13 10:46:06.189447	2022-06-13 10:46:06.189447	2021-10-05	2021-06-22	Equus hemionus	ympwsgeflachjzu	\N	\N	\N	\N	\N	978	766
132	2022-06-13 10:46:06.189775	2022-06-13 10:46:06.189775	2021-08-21	2022-02-18	Morelia spilotes variegata	kdalwemoqzsuij	\N	\N	\N	\N	\N	963	536
134	2022-06-13 10:46:06.189938	2022-06-13 10:46:06.189938	2022-02-24	2022-04-26	Alcelaphus buselaphus cokii	pisnxeqhgvrzjuok	\N	\N	\N	\N	\N	733	541
138	2022-06-13 10:46:06.222525	2022-06-13 10:46:06.222525	2021-09-10	2021-11-05	Notechis semmiannulatus	wzghqjraledymnio	\N	\N	\N	\N	\N	104	151
139	2022-06-13 10:46:06.222766	2022-06-13 10:46:06.222766	2021-08-17	2022-01-21	Mazama gouazoubira	bdsjfaqruhp	\N	\N	\N	\N	\N	603	127
147	2022-06-13 10:46:06.264876	2022-06-13 10:46:06.264876	2022-01-12	2021-12-04	Nucifraga columbiana	ekghbxjydsnui	\N	\N	\N	\N	\N	533	449
148	2022-06-13 10:46:06.265001	2022-06-13 10:46:06.265001	2021-07-04	2021-11-29	Sylvilagus floridanus	wentbdrpqlfkgmzxvyu	\N	\N	\N	\N	\N	5	425
153	2022-06-13 10:46:06.269028	2022-06-13 10:46:06.269028	2021-08-19	2022-04-16	Larus dominicanus	cvbseardpgoz	\N	\N	\N	\N	\N	833	887
154	2022-06-13 10:46:06.269526	2022-06-13 10:46:06.269526	2022-03-27	2022-01-20	Speothos vanaticus	trmzhdqcbxp	\N	\N	\N	\N	\N	121	167
143	2022-06-13 10:46:06.302261	2022-06-13 10:46:06.302261	2022-01-25	2021-06-20	Zenaida galapagoensis	ovjlszuxqbnmwteafkhc	\N	\N	\N	\N	\N	172	572
159	2022-06-13 10:46:06.337434	2022-06-13 10:46:06.337434	2021-10-21	2021-08-17	Cercatetus concinnus	ctgqpuranklwxm	\N	\N	\N	\N	\N	350	950
145	2022-06-13 10:46:06.373561	2022-06-13 10:46:06.373561	2021-07-17	2022-05-24	Catharacta skua	okxzdfmsgpta	\N	\N	\N	\N	\N	290	35
151	2022-06-13 10:46:06.375197	2022-06-13 10:46:06.375197	2021-10-08	2022-03-12	Ramphastos tucanus	rwzltgupdebxfmq	\N	\N	\N	\N	\N	756	851
163	2022-06-13 10:46:06.376209	2022-06-13 10:46:06.376209	2021-06-13	2022-05-03	Cordylus giganteus	mszitpqdghab	\N	\N	\N	\N	\N	888	391
150	2022-06-13 10:46:06.380314	2022-06-13 10:46:06.380314	2022-05-24	2021-09-21	Plectopterus gambensis	nauezgjmfdbrxtly	\N	\N	\N	\N	\N	253	594
156	2022-06-13 10:46:06.433558	2022-06-13 10:46:06.433558	2022-04-12	2022-01-08	Coracias caudata	hjoefmwqzrg	\N	\N	\N	\N	\N	476	185
167	2022-06-13 10:46:06.450021	2022-06-13 10:46:06.450021	2022-02-09	2022-01-22	Ctenophorus ornatus	ojwbpceadhlq	\N	\N	\N	\N	\N	130	864
166	2022-06-13 10:46:06.450035	2022-06-13 10:46:06.450035	2021-12-20	2022-05-30	Tiliqua scincoides	ajxmgeibnq	\N	\N	\N	\N	\N	254	219
170	2022-06-13 10:46:06.451615	2022-06-13 10:46:06.451615	2022-03-26	2022-05-31	Echimys chrysurus	zphwscemujkbqndl	\N	\N	\N	\N	\N	367	971
161	2022-06-13 10:46:06.474814	2022-06-13 10:46:06.474814	2021-06-22	2022-05-07	Naja nivea	cfremxzuipakgyjoqwvh	\N	\N	\N	\N	\N	966	12
174	2022-06-13 10:46:06.496536	2022-06-13 10:46:06.496536	2022-03-26	2021-12-19	Milvus migrans	ciosetmwbjvkhfa	\N	\N	\N	\N	\N	539	870
175	2022-06-13 10:46:06.496815	2022-06-13 10:46:06.496815	2022-02-03	2022-04-11	Papio ursinus	pjgsevtfuzckbil	\N	\N	\N	\N	\N	20	10
176	2022-06-13 10:46:06.497097	2022-06-13 10:46:06.497097	2022-01-29	2021-08-03	Gyps bengalensis	rdobnkvleqzmfguhp	\N	\N	\N	\N	\N	458	67
181	2022-06-13 10:46:06.534659	2022-06-13 10:46:06.534659	2022-05-02	2022-01-17	Grus canadensis	uqlfcrmbzs	\N	\N	\N	\N	\N	556	862
180	2022-06-13 10:46:06.534494	2022-06-13 10:46:06.534494	2022-01-16	2021-09-17	Vicugna vicugna	dtavwyqozsjguxlpicn	\N	\N	\N	\N	\N	946	818
185	2022-06-13 10:46:06.573459	2022-06-13 10:46:06.573459	2021-10-11	2022-04-01	Ardea golieth	fkrquvlgmdcwahon	\N	\N	\N	\N	\N	564	631
186	2022-06-13 10:46:06.573467	2022-06-13 10:46:06.573467	2021-07-28	2021-09-06	Odocoilenaus virginianus	qhjiynvpusxbzrl	\N	\N	\N	\N	\N	653	312
171	2022-06-13 10:46:06.574175	2022-06-13 10:46:06.574175	2021-11-11	2022-05-20	Paroaria gularis	tvqujragospyzxwhle	\N	\N	\N	\N	\N	322	995
187	2022-06-13 10:46:06.592347	2022-06-13 10:46:06.592347	2022-03-23	2022-02-25	Damaliscus dorcas	xquesvphab	\N	\N	\N	\N	\N	300	721
169	2022-06-13 10:46:06.592211	2022-06-13 10:46:06.592211	2021-12-29	2021-08-26	Tayassu tajacu	epfobluzmtshvjgnicxd	\N	\N	\N	\N	\N	384	822
172	2022-06-13 10:46:06.666618	2022-06-13 10:46:06.666618	2021-06-18	2021-08-21	Antechinus flavipes	sdhutleqpkycam	\N	\N	\N	\N	\N	117	48
192	2022-06-13 10:46:06.667813	2022-06-13 10:46:06.667813	2022-01-30	2021-06-26	Toxostoma curvirostre	oldbhiayckwnvsjmput	\N	\N	\N	\N	\N	396	806
193	2022-06-13 10:46:06.668078	2022-06-13 10:46:06.668078	2021-07-27	2021-10-07	Carduelis pinus	wetscjrhfomvplxzai	\N	\N	\N	\N	\N	583	444
196	2022-06-13 10:46:06.70852	2022-06-13 10:46:06.70852	2021-08-05	2021-09-30	Milvago chimachima	rfacouxdeqnjivm	\N	\N	\N	\N	\N	526	922
197	2022-06-13 10:46:06.708615	2022-06-13 10:46:06.708615	2021-12-13	2022-05-05	Bugeranus caruncalatus	uhicoftrlpjxgkvbyds	\N	\N	\N	\N	\N	227	770
198	2022-06-13 10:46:06.708809	2022-06-13 10:46:06.708809	2022-05-02	2021-07-08	Passer domesticus	kouingwshatmycj	\N	\N	\N	\N	\N	17	34
184	2022-06-13 10:46:06.708576	2022-06-13 10:46:06.708576	2022-02-09	2022-06-02	Snycerus caffer	epdrafgwvqtknhmbxzoy	\N	\N	\N	\N	\N	95	542
183	2022-06-13 10:46:06.710249	2022-06-13 10:46:06.710249	2021-08-18	2022-02-12	Porphyrio porphyrio	ejfmqtgciskawpuhrd	\N	\N	\N	\N	\N	33	762
201	2022-06-13 10:46:06.766418	2022-06-13 10:46:06.766418	2022-03-16	2022-01-26	Spermophilus tridecemlineatus	ecyufiwhvspt	\N	\N	\N	\N	\N	369	18
204	2022-06-13 10:46:06.766607	2022-06-13 10:46:06.766607	2022-06-05	2021-11-28	Spilogale gracilis	azbtsilewjonchvqryu	\N	\N	\N	\N	\N	260	134
203	2022-06-13 10:46:06.766586	2022-06-13 10:46:06.766586	2022-01-24	2021-07-20	Ammospermophilus nelsoni	qxtfzopdgynbsealihuc	\N	\N	\N	\N	\N	220	265
208	2022-06-13 10:46:06.787853	2022-06-13 10:46:06.787853	2022-03-09	2021-10-01	Geospiza sp.	yhbfxwrkaogpszu	\N	\N	\N	\N	\N	271	256
209	2022-06-13 10:46:06.787996	2022-06-13 10:46:06.787996	2021-08-11	2021-08-19	Cebus albifrons	jvfcoskwinzm	\N	\N	\N	\N	\N	92	847
210	2022-06-13 10:46:06.788099	2022-06-13 10:46:06.788099	2022-05-09	2021-10-05	Eira barbata	neftayqicvhgbuzopl	\N	\N	\N	\N	\N	21	917
195	2022-06-13 10:46:06.787674	2022-06-13 10:46:06.787674	2022-02-20	2021-06-23	Boa constrictor mexicana	qxnuyscieb	\N	\N	\N	\N	\N	98	301
194	2022-06-13 10:46:06.788726	2022-06-13 10:46:06.788726	2021-09-13	2022-01-26	Lophoaetus occipitalis	zyphmukjxst	\N	\N	\N	\N	\N	280	71
212	2022-06-13 10:46:06.818192	2022-06-13 10:46:06.818192	2021-07-27	2021-11-13	Spheniscus magellanicus	hfejpkmnrixzqvgutob	\N	\N	\N	\N	\N	441	349
214	2022-06-13 10:46:06.820152	2022-06-13 10:46:06.820152	2022-05-28	2021-09-06	Dromaeus novaehollandiae	ljorpidqvntwmy	\N	\N	\N	\N	\N	704	311
215	2022-06-13 10:46:06.820315	2022-06-13 10:46:06.820315	2021-07-03	2021-12-14	Macropus parryi	anekczrudhpbv	\N	\N	\N	\N	\N	2	342
216	2022-06-13 10:46:06.82057	2022-06-13 10:46:06.82057	2021-07-14	2021-06-18	Tauraco porphyrelophus	usdmcbfpga	\N	\N	\N	\N	\N	252	643
199	2022-06-13 10:46:06.866216	2022-06-13 10:46:06.866216	2021-07-01	2021-10-11	Phoca vitulina	ocdwaezsvnrx	\N	\N	\N	\N	\N	219	113
220	2022-06-13 10:46:06.867374	2022-06-13 10:46:06.867374	2022-04-28	2022-03-20	Elephas maximus bengalensis	qdhzwcmalevruixt	\N	\N	\N	\N	\N	736	895
221	2022-06-13 10:46:06.867521	2022-06-13 10:46:06.867521	2021-12-16	2021-09-04	Crocodylus niloticus	rdnlyofzuctikpmwe	\N	\N	\N	\N	\N	519	902
207	2022-06-13 10:46:06.867111	2022-06-13 10:46:06.867111	2022-04-21	2022-05-28	Neophoca cinerea	arvoqwbjizdsnep	\N	\N	\N	\N	\N	63	568
205	2022-06-13 10:46:06.867097	2022-06-13 10:46:06.867097	2022-03-09	2022-02-05	Uraeginthus granatina	bpswkxmqtofjiv	\N	\N	\N	\N	\N	791	924
222	2022-06-13 10:46:06.86906	2022-06-13 10:46:06.86906	2022-01-21	2022-06-11	Capra ibex	yoqtsjxcwfdlbr	\N	\N	\N	\N	\N	454	817
224	2022-06-13 10:46:06.889069	2022-06-13 10:46:06.889069	2021-08-11	2021-09-25	Climacteris melanura	gfotqnidpvry	\N	\N	\N	\N	\N	762	738
225	2022-06-13 10:46:06.889158	2022-06-13 10:46:06.889158	2021-10-26	2022-02-26	Globicephala melas	rqbmlfevpxzwayhniso	\N	\N	\N	\N	\N	947	504
227	2022-06-13 10:46:06.889351	2022-06-13 10:46:06.889351	2022-03-07	2021-07-03	Mycteria ibis	dkqrupgfbsam	\N	\N	\N	\N	\N	358	965
230	2022-06-13 10:46:06.932099	2022-06-13 10:46:06.932099	2022-02-04	2021-08-24	Otaria flavescens	quhofktysjrbmnlev	\N	\N	\N	\N	\N	346	435
236	2022-06-13 10:46:06.936132	2022-06-13 10:46:06.936132	2022-05-31	2021-06-24	Lorythaixoides concolor	agzbtfirwoexmu	\N	\N	\N	\N	\N	171	144
219	2022-06-13 10:46:06.935918	2022-06-13 10:46:06.935918	2022-04-03	2022-01-18	Vanellus sp.	guctfinrqkayeplj	\N	\N	\N	\N	\N	739	479
238	2022-06-13 10:46:07.028203	2022-06-13 10:46:07.028203	2021-11-24	2022-05-29	Cyrtodactylus louisiadensis	ilgsfrbpevwhjmyzk	\N	\N	\N	\N	\N	501	192
237	2022-06-13 10:46:07.060666	2022-06-13 10:46:07.060666	2021-12-03	2022-01-05	Centrocercus urophasianus	ujeavhdxnsmyfgqz	\N	\N	\N	\N	\N	204	692
250	2022-06-13 10:46:07.091011	2022-06-13 10:46:07.091011	2021-08-26	2022-03-17	Psophia viridis	pongbcaxzkldqfyhrwsi	\N	\N	\N	\N	\N	964	810
239	2022-06-13 10:46:07.091142	2022-06-13 10:46:07.091142	2021-08-28	2022-05-18	Ephippiorhynchus mycteria	tulfdbkhcoisawy	\N	\N	\N	\N	\N	74	421
234	2022-06-13 10:46:07.110711	2022-06-13 10:46:07.110711	2021-08-15	2022-05-30	Egretta thula	fmruhckqstopwaxbi	\N	\N	\N	\N	\N	216	140
251	2022-06-13 10:46:07.113521	2022-06-13 10:46:07.113521	2021-06-27	2021-10-07	Varanus salvator	plvdxtkiohrawubcnyj	\N	\N	\N	\N	\N	654	963
252	2022-06-13 10:46:07.113635	2022-06-13 10:46:07.113635	2021-07-24	2021-08-11	Merops sp.	tngjkdyabrs	\N	\N	\N	\N	\N	408	623
254	2022-06-13 10:46:07.130292	2022-06-13 10:46:07.130292	2022-01-11	2021-06-20	Dendrocitta vagabunda	clivwsqeopatybmh	\N	\N	\N	\N	\N	508	696
256	2022-06-13 10:46:07.148657	2022-06-13 10:46:07.148657	2022-03-29	2022-01-14	Ovis ammon	yupohsmcnlzfqjbgawv	\N	\N	\N	\N	\N	961	275
258	2022-06-13 10:46:07.151395	2022-06-13 10:46:07.151395	2022-01-07	2022-06-07	Crotalus adamanteus	vzfboepshmuiaw	\N	\N	\N	\N	\N	416	229
243	2022-06-13 10:46:07.152639	2022-06-13 10:46:07.152639	2022-05-23	2021-12-05	Francolinus leucoscepus	rkolhfzjmyei	\N	\N	\N	\N	\N	511	575
244	2022-06-13 10:46:07.210871	2022-06-13 10:46:07.210871	2022-04-06	2022-06-09	Cervus duvauceli	ydptlejxngrwauiz	\N	\N	\N	\N	\N	856	409
249	2022-06-13 10:46:07.211463	2022-06-13 10:46:07.211463	2021-07-16	2021-08-19	Junonia genoveua	ckplvrjiznmohwdyqb	\N	\N	\N	\N	\N	959	238
261	2022-06-13 10:46:07.226559	2022-06-13 10:46:07.226559	2022-02-22	2022-03-03	Sarcophilus harrisii	ozblyaqswekicjvphm	\N	\N	\N	\N	\N	808	261
260	2022-06-13 10:46:07.22663	2022-06-13 10:46:07.22663	2021-08-05	2021-11-14	Aquila chrysaetos	bwzcstyxrkdivg	\N	\N	\N	\N	\N	198	771
265	2022-06-13 10:46:07.228995	2022-06-13 10:46:07.228995	2022-02-09	2022-04-22	Phaethon aethereus	sqotjwhkbxemcv	\N	\N	\N	\N	\N	19	335
267	2022-06-13 10:46:07.23071	2022-06-13 10:46:07.23071	2022-06-03	2021-06-15	Vulpes cinereoargenteus	mbvypljdefqciorxanwg	\N	\N	\N	\N	\N	633	288
248	2022-06-13 10:46:07.230696	2022-06-13 10:46:07.230696	2022-04-15	2021-10-19	Cacatua tenuirostris	fuielwkrxahznjcp	\N	\N	\N	\N	\N	34	44
268	2022-06-13 10:46:07.264319	2022-06-13 10:46:07.264319	2021-12-13	2022-05-12	Acridotheres tristis	wyrzocsxmunitqpdjfvg	\N	\N	\N	\N	\N	952	749
270	2022-06-13 10:46:07.274702	2022-06-13 10:46:07.274702	2021-08-06	2021-10-03	Genetta genetta	zctumnplsikydewjgf	\N	\N	\N	\N	\N	924	8
257	2022-06-13 10:46:07.273927	2022-06-13 10:46:07.273927	2021-07-05	2021-09-14	Mungos mungo	nymfvgwbcrpedxiau	\N	\N	\N	\N	\N	111	300
271	2022-06-13 10:46:07.2751	2022-06-13 10:46:07.2751	2021-09-07	2022-02-12	Alligator mississippiensis	pqnsyfcrmdotivza	\N	\N	\N	\N	\N	29	463
255	2022-06-13 10:46:07.274307	2022-06-13 10:46:07.274307	2021-07-13	2022-05-02	Ovibos moschatus	sfgobnicualqzkdhwjrp	\N	\N	\N	\N	\N	663	844
272	2022-06-13 10:46:07.275577	2022-06-13 10:46:07.275577	2021-07-03	2021-10-14	Pituophis melanaleucus	mnuyodktavgxrhwq	\N	\N	\N	\N	\N	196	269
273	2022-06-13 10:46:07.275923	2022-06-13 10:46:07.275923	2022-02-05	2021-06-17	Ciconia episcopus	hjwpsnovucdi	\N	\N	\N	\N	\N	43	695
274	2022-06-13 10:46:07.323341	2022-06-13 10:46:07.323341	2021-10-21	2022-02-18	Chamaelo sp.	urgwxmslbekhzdcf	\N	\N	\N	\N	\N	705	736
275	2022-06-13 10:46:07.323498	2022-06-13 10:46:07.323498	2021-10-18	2022-01-09	Cebus apella	bedkujtwqoalgmsfic	\N	\N	\N	\N	\N	671	776
276	2022-06-13 10:46:07.323573	2022-06-13 10:46:07.323573	2021-11-12	2022-02-22	Falco mexicanus	zuvylfcgaxdwsqh	\N	\N	\N	\N	\N	754	781
277	2022-06-13 10:46:07.324193	2022-06-13 10:46:07.324193	2021-11-30	2022-05-11	Lepilemur rufescens	eplfbtorqzgsdyaxnvc	\N	\N	\N	\N	\N	72	983
264	2022-06-13 10:46:07.324027	2022-06-13 10:46:07.324027	2022-04-08	2021-10-02	Canis mesomelas	lfvinugcsm	\N	\N	\N	\N	\N	968	208
280	2022-06-13 10:46:07.336781	2022-06-13 10:46:07.336781	2021-09-02	2022-03-15	Trichoglossus chlorolepidotus	eolhfgyzwvustcrjax	\N	\N	\N	\N	\N	760	919
266	2022-06-13 10:46:07.336661	2022-06-13 10:46:07.336661	2022-03-06	2021-12-01	Cervus canadensis	zjirontqlkuwsaeghc	\N	\N	\N	\N	\N	885	883
283	2022-06-13 10:46:07.340004	2022-06-13 10:46:07.340004	2021-08-14	2022-02-02	Butorides striatus	scxuadizgptqovfj	\N	\N	\N	\N	\N	276	737
285	2022-06-13 10:46:07.340185	2022-06-13 10:46:07.340185	2022-01-31	2021-09-21	Coluber constrictor	jyobfdcitarphmgzq	\N	\N	\N	\N	\N	342	386
263	2022-06-13 10:46:07.339804	2022-06-13 10:46:07.339804	2021-11-30	2022-05-11	Eolophus roseicapillus	ljspwodhnm	\N	\N	\N	\N	\N	995	948
288	2022-06-13 10:46:07.349197	2022-06-13 10:46:07.349197	2021-10-06	2022-06-03	Marmota monax	sthxfouypavqrwekzj	\N	\N	\N	\N	\N	119	825
293	2022-06-13 10:46:07.352627	2022-06-13 10:46:07.352627	2021-08-31	2021-08-09	Tachyglossus aculeatus	rgobvyxsaiedmlqu	\N	\N	\N	\N	\N	575	303
295	2022-06-13 10:46:07.358213	2022-06-13 10:46:07.358213	2021-06-30	2021-09-14	Chlidonias leucopterus	hmdszgeqxypwk	\N	\N	\N	\N	\N	933	577
298	2022-06-13 10:46:07.36259	2022-06-13 10:46:07.36259	2021-11-08	2022-05-08	Alopex lagopus	acisdmzvnplyofekhb	\N	\N	\N	\N	\N	775	318
294	2022-06-13 10:46:07.497993	2022-06-13 10:46:07.497993	2022-02-21	2022-04-03	Philetairus socius	ilvumhrbdzqtynac	\N	\N	\N	\N	\N	832	812
292	2022-06-13 10:46:07.498005	2022-06-13 10:46:07.498005	2022-03-26	2021-08-04	Chionis alba	mvtahdcsxgjnqoe	\N	\N	\N	\N	\N	138	968
290	2022-06-13 10:46:07.499117	2022-06-13 10:46:07.499117	2022-04-05	2022-04-09	Phalacrocorax carbo	lhkudvpxizcygtqr	\N	\N	\N	\N	\N	772	850
308	2022-06-13 10:46:07.56989	2022-06-13 10:46:07.56989	2022-02-09	2022-01-09	Ictalurus furcatus	qgzhpacxkonv	\N	\N	\N	\N	\N	967	546
310	2022-06-13 10:46:07.570116	2022-06-13 10:46:07.570116	2022-06-08	2021-11-11	Recurvirostra avosetta	ywqifadjregzkbp	\N	\N	\N	\N	\N	851	892
309	2022-06-13 10:46:07.570256	2022-06-13 10:46:07.570256	2021-07-13	2022-01-21	Libellula quadrimaculata	wfsqjouthypdnlxazir	\N	\N	\N	\N	\N	185	26
304	2022-06-13 10:46:07.570247	2022-06-13 10:46:07.570247	2021-07-23	2022-02-13	Agkistrodon piscivorus	zgqhfwnmti	\N	\N	\N	\N	\N	983	618
311	2022-06-13 10:46:07.585735	2022-06-13 10:46:07.585735	2022-04-08	2021-12-29	Pelecanus occidentalis	hcqybtozgkusfjn	\N	\N	\N	\N	\N	586	309
314	2022-06-13 10:46:07.587008	2022-06-13 10:46:07.587008	2022-01-20	2021-07-12	Felis yagouaroundi	wbqepuomnlvak	\N	\N	\N	\N	\N	819	841
313	2022-06-13 10:46:07.587016	2022-06-13 10:46:07.587016	2022-05-03	2021-10-03	Carduelis uropygialis	jpbmdeiwrocytaqxv	\N	\N	\N	\N	\N	255	334
303	2022-06-13 10:46:07.58756	2022-06-13 10:46:07.58756	2021-09-24	2022-03-14	Chloephaga melanoptera	eraodtnpsvc	\N	\N	\N	\N	\N	230	179
318	2022-06-13 10:46:07.655675	2022-06-13 10:46:07.655675	2021-08-23	2021-12-16	Tamiasciurus hudsonicus	opijgrabuszm	\N	\N	\N	\N	\N	221	458
306	2022-06-13 10:46:07.65588	2022-06-13 10:46:07.65588	2022-01-02	2021-12-05	Zonotrichia capensis	bdlqagyumzhwvfeksx	\N	\N	\N	\N	\N	922	838
320	2022-06-13 10:46:07.657218	2022-06-13 10:46:07.657218	2022-03-30	2022-03-08	Tockus flavirostris	jzxnmuyvltqwrgido	\N	\N	\N	\N	\N	335	322
324	2022-06-13 10:46:07.678895	2022-06-13 10:46:07.678895	2021-07-14	2021-06-15	Dasypus septemcincus	ctfypdikhzuevwjl	\N	\N	\N	\N	\N	676	868
312	2022-06-13 10:46:07.68096	2022-06-13 10:46:07.68096	2021-11-05	2022-04-23	Oryx gazella callotis	nsflitezugcwrpjyqxk	\N	\N	\N	\N	\N	240	291
327	2022-06-13 10:46:07.715736	2022-06-13 10:46:07.715736	2021-11-28	2022-01-18	Coendou prehensilis	qpcamwgoeh	\N	\N	\N	\N	\N	766	431
329	2022-06-13 10:46:07.71625	2022-06-13 10:46:07.71625	2022-05-27	2022-03-10	Nannopterum harrisi	auiqgozlvjecxntmbdk	\N	\N	\N	\N	\N	973	701
316	2022-06-13 10:46:07.725102	2022-06-13 10:46:07.725102	2022-04-02	2022-01-01	Pseudocheirus peregrinus	unojcykrltpqz	\N	\N	\N	\N	\N	757	573
317	2022-06-13 10:46:07.728347	2022-06-13 10:46:07.728347	2022-05-19	2021-10-25	Macaca radiata	mtzcknfsogawli	\N	\N	\N	\N	\N	835	163
336	2022-06-13 10:46:07.768288	2022-06-13 10:46:07.768288	2022-03-01	2022-01-06	Sarcorhamphus papa	ealmtvxdbisyfzn	\N	\N	\N	\N	\N	381	41
323	2022-06-13 10:46:07.770166	2022-06-13 10:46:07.770166	2022-01-18	2021-11-22	Microcavia australis	eodvqgmnlbtf	\N	\N	\N	\N	\N	309	753
322	2022-06-13 10:46:07.770081	2022-06-13 10:46:07.770081	2021-06-16	2021-09-07	Plocepasser mahali	dwoerblcmnjtyaif	\N	\N	\N	\N	\N	612	154
341	2022-06-13 10:46:07.809518	2022-06-13 10:46:07.809518	2022-05-22	2022-04-24	Kobus leche robertsi	ponwmbryflgzeatquvxc	\N	\N	\N	\N	\N	497	183
326	2022-06-13 10:46:07.848424	2022-06-13 10:46:07.848424	2022-05-22	2021-06-22	Stenella coeruleoalba	hsbflqrndwvuj	\N	\N	\N	\N	\N	210	447
332	2022-06-13 10:46:07.850738	2022-06-13 10:46:07.850738	2021-08-23	2022-01-12	Giraffe camelopardalis	gfiuadzkqwhpmcx	\N	\N	\N	\N	\N	317	519
337	2022-06-13 10:46:07.892601	2022-06-13 10:46:07.892601	2022-03-20	2021-10-10	Calyptorhynchus magnificus	yvfitmrgcsuljx	\N	\N	\N	\N	\N	242	702
335	2022-06-13 10:46:07.893401	2022-06-13 10:46:07.893401	2021-12-01	2021-09-13	Axis axis	qaloncykmpugtjbrs	\N	\N	\N	\N	\N	796	271
354	2022-06-13 10:46:07.947348	2022-06-13 10:46:07.947348	2021-07-29	2022-04-24	Plegadis ridgwayi	zsretycbkvimnalx	\N	\N	\N	\N	\N	834	789
343	2022-06-13 10:46:07.948853	2022-06-13 10:46:07.948853	2021-12-08	2021-10-06	Phascogale calura	opygizsqvtcl	\N	\N	\N	\N	\N	243	65
342	2022-06-13 10:46:07.948931	2022-06-13 10:46:07.948931	2022-04-07	2022-01-15	Macropus eugenii	tyuebzkpgljianhq	\N	\N	\N	\N	\N	917	598
355	2022-06-13 10:46:07.970874	2022-06-13 10:46:07.970874	2022-01-04	2022-06-07	Bubalus arnee	kqtynlbszgvw	\N	\N	\N	\N	\N	795	101
358	2022-06-13 10:46:07.973609	2022-06-13 10:46:07.973609	2022-01-05	2021-08-17	Dacelo novaeguineae	svykglnico	\N	\N	\N	\N	\N	86	186
359	2022-06-13 10:46:07.97384	2022-06-13 10:46:07.97384	2021-09-29	2021-12-14	Irania gutteralis	rdbhcwmlftjyxsk	\N	\N	\N	\N	\N	217	929
361	2022-06-13 10:46:08.004528	2022-06-13 10:46:08.004528	2021-12-18	2021-11-26	Pteronura brasiliensis	umljotzdqiphxgwcvy	\N	\N	\N	\N	\N	470	664
351	2022-06-13 10:46:08.022625	2022-06-13 10:46:08.022625	2021-09-26	2021-11-03	Leipoa ocellata	lvxudcpisfaort	\N	\N	\N	\N	\N	998	751
368	2022-06-13 10:46:08.056783	2022-06-13 10:46:08.056783	2021-07-21	2021-08-11	Agama sp.	pyqmtabvwklico	\N	\N	\N	\N	\N	742	674
372	2022-06-13 10:46:08.080308	2022-06-13 10:46:08.080308	2021-08-15	2021-06-25	Leptoptilus dubius	ulznrvgkfdswc	\N	\N	\N	\N	\N	257	166
367	2022-06-13 10:46:08.1881	2022-06-13 10:46:08.1881	2022-03-31	2022-03-26	Chauna torquata	qmaxdwhsbcvngukpj	\N	\N	\N	\N	\N	870	733
366	2022-06-13 10:46:08.188287	2022-06-13 10:46:08.188287	2022-04-09	2022-06-02	Tyto novaehollandiae	corxsuzdbewhtmjvq	\N	\N	\N	\N	\N	801	774
362	2022-06-13 10:46:08.2169	2022-06-13 10:46:08.2169	2021-10-12	2021-12-05	Gabianus pacificus	xplurhgjzvq	\N	\N	\N	\N	\N	991	69
365	2022-06-13 10:46:08.218893	2022-06-13 10:46:08.218893	2022-04-06	2022-03-22	Grus rubicundus	pbcltxgazqdjknmu	\N	\N	\N	\N	\N	809	410
383	2022-06-13 10:46:08.234894	2022-06-13 10:46:08.234894	2022-03-06	2021-10-22	Nyctereutes procyonoides	zgrqeuvimlpsjbawk	\N	\N	\N	\N	\N	38	102
384	2022-06-13 10:46:08.235688	2022-06-13 10:46:08.235688	2021-07-18	2021-12-25	Buteo jamaicensis	yzfvipaulxck	\N	\N	\N	\N	\N	883	190
385	2022-06-13 10:46:08.254654	2022-06-13 10:46:08.254654	2021-10-30	2021-12-25	Callipepla gambelii	iyeocdpsbkjgaqzuwrxl	\N	\N	\N	\N	\N	318	891
373	2022-06-13 10:46:08.273994	2022-06-13 10:46:08.273994	2021-06-22	2021-06-12	Anser anser	mpjfdaonrqg	\N	\N	\N	\N	\N	157	376
388	2022-06-13 10:46:08.357086	2022-06-13 10:46:08.357086	2021-10-21	2021-12-03	Ceryle rudis	pcowesxzhj	\N	\N	\N	\N	\N	223	997
381	2022-06-13 10:46:08.358324	2022-06-13 10:46:08.358324	2021-11-10	2022-03-28	Rhabdomys pumilio	jdotpeigcmahkfzn	\N	\N	\N	\N	\N	860	385
376	2022-06-13 10:46:08.358566	2022-06-13 10:46:08.358566	2021-11-30	2021-12-01	Antidorcas marsupialis	uicvwmdzbqshpejrnlx	\N	\N	\N	\N	\N	895	236
379	2022-06-13 10:46:08.35867	2022-06-13 10:46:08.35867	2021-09-27	2022-04-24	Phoeniconaias minor	wbsjzevcux	\N	\N	\N	\N	\N	977	717
392	2022-06-13 10:46:08.360478	2022-06-13 10:46:08.360478	2021-11-26	2022-01-18	Bos taurus	rsjpngbzuftl	\N	\N	\N	\N	\N	195	512
375	2022-06-13 10:46:08.358494	2022-06-13 10:46:08.358494	2021-07-18	2021-06-23	Cereopsis novaehollandiae	shfeinlcvbrwqgz	\N	\N	\N	\N	\N	404	894
396	2022-06-13 10:46:08.381788	2022-06-13 10:46:08.381788	2021-10-28	2022-04-08	Colaptes campestroides	gvhbitoaefyqxscum	\N	\N	\N	\N	\N	514	212
397	2022-06-13 10:46:08.383026	2022-06-13 10:46:08.383026	2021-09-24	2021-12-20	Phalaropus fulicarius	pomgqcevaluwtd	\N	\N	\N	\N	\N	160	62
403	2022-06-13 10:46:08.453463	2022-06-13 10:46:08.453463	2022-02-13	2021-07-04	Fregata magnificans	ywlxvnjprgqatihkfbdz	\N	\N	\N	\N	\N	83	124
386	2022-06-13 10:46:08.452785	2022-06-13 10:46:08.452785	2021-11-08	2021-07-24	Tapirus terrestris	ewhfpxztdnblksj	\N	\N	\N	\N	\N	521	587
389	2022-06-13 10:46:08.452854	2022-06-13 10:46:08.452854	2021-07-28	2021-12-24	Ardea cinerea	imvnuktazwbh	\N	\N	\N	\N	\N	237	17
404	2022-06-13 10:46:08.456259	2022-06-13 10:46:08.456259	2022-05-03	2021-10-23	Marmota caligata	bxdspkrauzhn	\N	\N	\N	\N	\N	336	875
409	2022-06-13 10:46:08.491065	2022-06-13 10:46:08.491065	2022-04-14	2022-04-03	Buteo regalis	zmhnsyirtalekxfubpj	\N	\N	\N	\N	\N	818	163
425	2022-06-13 10:46:08.853737	2022-06-13 10:46:08.853737	2021-07-15	2021-10-10	Terrapene carolina	kuvgadtfzmcnqwbys	\N	\N	\N	\N	\N	411	179
446	2022-06-13 10:46:08.904858	2022-06-13 10:46:08.904858	2022-02-17	2022-01-15	Lasiorhinus latifrons	jpidyounmlhtxg	\N	\N	\N	\N	\N	30	417
499	2022-06-13 10:46:09.727494	2022-06-13 10:46:09.727494	2022-01-29	2022-03-01	Thylogale stigmatica	ypedhlbnfrwaqoxmvs	\N	\N	\N	\N	\N	275	156
513	2022-06-13 10:46:09.734547	2022-06-13 10:46:09.734547	2022-04-30	2021-07-31	Petaurus norfolcensis	gjbolqenwkvumprx	\N	\N	\N	\N	\N	75	306
561	2022-06-13 10:46:10.581441	2022-06-13 10:46:10.581441	2022-01-16	2021-10-20	Odocoileus hemionus	abdqexgzvtjrswchy	\N	\N	\N	\N	\N	140	92
575	2022-06-13 10:46:10.618683	2022-06-13 10:46:10.618683	2021-09-02	2022-01-13	Chlamydosaurus kingii	smzpkvgjer	\N	\N	\N	\N	\N	991	611
728	2022-06-13 10:46:13.040691	2022-06-13 10:46:13.040691	2021-12-17	2022-06-01	Funambulus pennati	mfytclgnzbrwauqkhs	\N	\N	\N	\N	\N	898	668
946	2022-06-13 10:46:16.506256	2022-06-13 10:46:16.506256	2022-01-06	2021-08-27	Gyps fulvus	feitvwrcbnkosyq	\N	\N	\N	\N	\N	888	299
997	2022-06-13 10:46:17.311142	2022-06-13 10:46:17.311142	2022-03-29	2022-01-17	Antilope cervicapra	pjltkqhmzcvgabneisr	\N	\N	\N	\N	\N	642	298
405	2022-06-13 10:46:08.490477	2022-06-13 10:46:08.490477	2022-01-23	2021-12-25	Drymarchon corias couperi	vhsoylagtqdbn	\N	\N	\N	\N	\N	190	49
468	2022-06-13 10:46:09.319393	2022-06-13 10:46:09.319393	2022-04-22	2021-11-29	Dolichitus patagonum	sonfhkircyv	\N	\N	\N	\N	\N	791	996
591	2022-06-13 10:46:10.995239	2022-06-13 10:46:10.995239	2022-04-20	2022-03-30	Tachybaptus ruficollis	alfpmtdxgwjskyvu	\N	\N	\N	\N	\N	137	569
607	2022-06-13 10:46:11.047442	2022-06-13 10:46:11.047442	2021-08-26	2022-01-12	Haliaetus leucogaster	xdozhvulagmtc	\N	\N	\N	\N	\N	446	537
708	2022-06-13 10:46:12.663093	2022-06-13 10:46:12.663093	2021-06-18	2021-10-11	Macropus agilis	ytodbwzpxgkmravqjl	\N	\N	\N	\N	\N	170	424
716	2022-06-13 10:46:12.713013	2022-06-13 10:46:12.713013	2022-01-07	2021-08-31	Tragelaphus angasi	flyaqkwscojtrhzmpgd	\N	\N	\N	\N	\N	707	315
722	2022-06-13 10:46:12.737785	2022-06-13 10:46:12.737785	2022-02-10	2022-05-22	Galictis vittata	buiktelhznpyj	\N	\N	\N	\N	\N	346	420
873	2022-06-13 10:46:15.26345	2022-06-13 10:46:15.26345	2022-05-08	2022-02-10	Cercopithecus aethiops	bqihrcojavykxngmfew	\N	\N	\N	\N	\N	87	914
919	2022-06-13 10:46:16.086292	2022-06-13 10:46:16.086292	2021-08-05	2021-11-25	Carphophis sp.	dkugxscaqtrzv	\N	\N	\N	\N	\N	122	846
967	2022-06-13 10:46:16.977772	2022-06-13 10:46:16.977772	2021-12-30	2021-07-04	Redunca redunca	etcmsjoaivzwdg	\N	\N	\N	\N	\N	434	286
406	2022-06-13 10:46:08.490734	2022-06-13 10:46:08.490734	2021-09-21	2021-07-02	Connochaetus taurinus	uercbjfdtzginlqvwya	\N	\N	\N	\N	\N	904	538
434	2022-06-13 10:46:08.903246	2022-06-13 10:46:08.903246	2022-04-04	2022-01-14	Spheniscus mendiculus	ijqcwepadtgsnh	\N	\N	\N	\N	\N	507	558
497	2022-06-13 10:46:09.728578	2022-06-13 10:46:09.728578	2021-11-14	2021-07-02	Boa caninus	exkmyfzwdqlnvoi	\N	\N	\N	\N	\N	171	310
564	2022-06-13 10:46:10.58439	2022-06-13 10:46:10.58439	2022-04-16	2021-12-14	Gazella granti	uyrdjxpgniq	\N	\N	\N	\N	\N	489	184
594	2022-06-13 10:46:11.000567	2022-06-13 10:46:11.000567	2021-07-06	2022-05-26	Ourebia ourebi	pjgsyqnwhzr	\N	\N	\N	\N	\N	651	390
624	2022-06-13 10:46:11.419193	2022-06-13 10:46:11.419193	2022-04-09	2021-11-12	Laniarius ferrugineus	svncmwdljo	\N	\N	\N	\N	\N	271	431
733	2022-06-13 10:46:13.075788	2022-06-13 10:46:13.075788	2022-02-27	2022-04-20	Upupa epops	kgxzomvetwuqbalrnfc	\N	\N	\N	\N	\N	310	773
845	2022-06-13 10:46:14.824808	2022-06-13 10:46:14.824808	2022-01-23	2022-01-26	Canis lupus	dshzatojqxknw	\N	\N	\N	\N	\N	395	378
900	2022-06-13 10:46:15.699047	2022-06-13 10:46:15.699047	2022-01-04	2022-04-16	Myrmecobius fasciatus	uelqxipnfmdzorjtby	\N	\N	\N	\N	\N	441	721
503	2022-06-13 10:46:09.790938	2022-06-13 10:46:09.790938	2022-02-07	2022-02-10	Phalacrocorax albiventer	etaruchnfwzmsjkxdqop	\N	\N	\N	\N	\N	546	394
682	2022-06-13 10:46:12.292832	2022-06-13 10:46:12.292832	2021-08-04	2021-09-15	Bradypus tridactylus	obftkxmhyl	\N	\N	\N	\N	\N	108	353
869	2022-06-13 10:46:15.263667	2022-06-13 10:46:15.263667	2022-03-05	2021-10-22	Naja sp.	xewhsqnbydj	\N	\N	\N	\N	\N	256	254
921	2022-06-13 10:46:16.121809	2022-06-13 10:46:16.121809	2021-07-27	2022-04-27	Oncorhynchus nerka	eihmoqdtxzbsu	\N	\N	\N	\N	\N	388	950
566	2022-06-13 10:46:10.619958	2022-06-13 10:46:10.619958	2021-07-16	2021-07-18	Rhea americana	gjcvdimyuobwpe	\N	\N	\N	\N	\N	974	942
683	2022-06-13 10:46:12.293085	2022-06-13 10:46:12.293085	2021-11-15	2021-06-14	Sceloporus magister	yxrtpmqsoi	\N	\N	\N	\N	\N	979	907
741	2022-06-13 10:46:13.119193	2022-06-13 10:46:13.119193	2021-07-05	2021-07-12	Haliaeetus leucocephalus	fqokrzbudvetypxhm	\N	\N	\N	\N	\N	452	660
795	2022-06-13 10:46:14.00662	2022-06-13 10:46:14.00662	2022-03-12	2021-06-17	Zosterops pallidus	ovuybmkfqwnaspztce	\N	\N	\N	\N	\N	657	909
971	2022-06-13 10:46:16.980003	2022-06-13 10:46:16.980003	2021-07-24	2022-01-23	Myiarchus tuberculifer	fpabezkjnxghdys	\N	\N	\N	\N	\N	613	379
401	2022-06-13 10:46:08.546738	2022-06-13 10:46:08.546738	2021-12-15	2021-11-10	Dendrohyrax brucel	giujdzmysphltacn	\N	\N	\N	\N	\N	152	224
537	2022-06-13 10:46:10.208702	2022-06-13 10:46:10.208702	2021-10-20	2022-05-10	Pycnonotus nigricans	dtyiaqkzcvhnf	\N	\N	\N	\N	\N	490	479
569	2022-06-13 10:46:10.682283	2022-06-13 10:46:10.682283	2021-07-18	2021-08-28	Choloepus hoffmani	kcpzvlednhm	\N	\N	\N	\N	\N	913	449
581	2022-06-13 10:46:10.725053	2022-06-13 10:46:10.725053	2022-03-28	2022-03-29	Alectura lathami	cfbwjxduoai	\N	\N	\N	\N	\N	597	451
739	2022-06-13 10:46:13.137226	2022-06-13 10:46:13.137226	2021-10-17	2022-04-08	Eudromia elegans	cygifehnjkzuvrlopm	\N	\N	\N	\N	\N	164	905
978	2022-06-13 10:46:17.03877	2022-06-13 10:46:17.03877	2021-11-09	2022-05-20	Vanessa indica	zydraqnwhef	\N	\N	\N	\N	\N	971	426
505	2022-06-13 10:46:09.8232	2022-06-13 10:46:09.8232	2021-10-24	2022-01-28	Sarkidornis melanotos	fqwcmrpejtyiodush	\N	\N	\N	\N	\N	543	413
568	2022-06-13 10:46:10.724602	2022-06-13 10:46:10.724602	2021-08-09	2021-10-16	Streptopelia decipiens	wmltchdxnsafgp	\N	\N	\N	\N	\N	466	536
630	2022-06-13 10:46:11.50934	2022-06-13 10:46:11.50934	2021-07-04	2022-02-21	Vombatus ursinus	yuqftjxabsdvwgkmzchi	\N	\N	\N	\N	\N	288	842
830	2022-06-13 10:46:14.55073	2022-06-13 10:46:14.55073	2021-09-06	2022-01-18	Ovis canadensis	kuydpwcqtnjel	\N	\N	\N	\N	\N	616	655
929	2022-06-13 10:46:16.235095	2022-06-13 10:46:16.235095	2021-11-25	2021-08-27	Panthera pardus	gufithkszvdy	\N	\N	\N	\N	\N	407	334
940	2022-06-13 10:46:16.279597	2022-06-13 10:46:16.279597	2021-12-15	2021-09-20	Eremophila alpestris	nmdagprvcijhztxye	\N	\N	\N	\N	\N	582	62
411	2022-06-13 10:46:08.592565	2022-06-13 10:46:08.592565	2021-09-27	2021-10-23	Felis serval	pjmhvuxkfoz	\N	\N	\N	\N	\N	936	798
512	2022-06-13 10:46:09.878433	2022-06-13 10:46:09.878433	2021-08-05	2021-12-19	Hyaena hyaena	torsvfxkudp	\N	\N	\N	\N	\N	644	571
538	2022-06-13 10:46:10.255935	2022-06-13 10:46:10.255935	2021-11-25	2022-05-01	Pytilia melba	astcbpgehzmrdkfiylwo	\N	\N	\N	\N	\N	455	755
554	2022-06-13 10:46:10.28649	2022-06-13 10:46:10.28649	2021-10-07	2022-05-14	Pteropus rufus	otcqxpyejmufaihdlknw	\N	\N	\N	\N	\N	567	617
571	2022-06-13 10:46:10.724531	2022-06-13 10:46:10.724531	2021-07-12	2021-11-27	Mellivora capensis	rtwlvpkmcshdjx	\N	\N	\N	\N	\N	776	752
586	2022-06-13 10:46:10.762831	2022-06-13 10:46:10.762831	2021-06-22	2022-04-27	Bettongia penicillata	bxjudfmhrvn	\N	\N	\N	\N	\N	869	779
631	2022-06-13 10:46:11.527722	2022-06-13 10:46:11.527722	2022-06-06	2022-05-27	Meles meles	bysqnhuxai	\N	\N	\N	\N	\N	925	883
664	2022-06-13 10:46:11.954917	2022-06-13 10:46:11.954917	2022-02-18	2021-08-19	Spermophilus parryii	fizywedhnct	\N	\N	\N	\N	\N	956	178
853	2022-06-13 10:46:14.941707	2022-06-13 10:46:14.941707	2021-07-05	2021-08-14	Ictonyx striatus	qbitgxovcwjhmyupn	\N	\N	\N	\N	\N	132	431
874	2022-06-13 10:46:15.341391	2022-06-13 10:46:15.341391	2021-09-06	2021-08-19	Ploceus intermedius	kjfamdbizqonxrtehu	\N	\N	\N	\N	\N	670	830
415	2022-06-13 10:46:08.650906	2022-06-13 10:46:08.650906	2021-08-27	2021-11-19	Anthropoides paradisea	jnoblxwhqip	\N	\N	\N	\N	\N	901	740
509	2022-06-13 10:46:09.878272	2022-06-13 10:46:09.878272	2021-07-30	2021-10-24	Madoqua kirkii	ihwfvqxtzbrdloaujspm	\N	\N	\N	\N	\N	361	748
546	2022-06-13 10:46:10.28546	2022-06-13 10:46:10.28546	2022-05-13	2021-07-28	Bubo sp.	krhduigfboqmj	\N	\N	\N	\N	\N	357	33
717	2022-06-13 10:46:12.793877	2022-06-13 10:46:12.793877	2022-01-27	2021-09-01	Lepus townsendii	hsnjaxwzqeb	\N	\N	\N	\N	\N	541	501
748	2022-06-13 10:46:13.230593	2022-06-13 10:46:13.230593	2021-08-12	2022-06-02	Uraeginthus angolensis	sepjkbhmctu	\N	\N	\N	\N	\N	838	361
447	2022-06-13 10:46:09.120619	2022-06-13 10:46:09.120619	2021-09-17	2022-04-14	Trichechus inunguis	reiwotbzhqkxmcfsa	\N	\N	\N	\N	\N	291	938
463	2022-06-13 10:46:09.138289	2022-06-13 10:46:09.138289	2021-12-06	2021-11-01	Ara chloroptera	dtlgswvibkfpqauy	\N	\N	\N	\N	\N	488	856
481	2022-06-13 10:46:09.504998	2022-06-13 10:46:09.504998	2022-04-25	2021-09-09	Agelaius phoeniceus	rgjoytxflcmkapdbe	\N	\N	\N	\N	\N	15	301
635	2022-06-13 10:46:11.56887	2022-06-13 10:46:11.56887	2021-11-28	2022-04-21	Trachyphonus vaillantii	dejuzqrhcxfmtksvg	\N	\N	\N	\N	\N	903	396
688	2022-06-13 10:46:12.365479	2022-06-13 10:46:12.365479	2022-04-07	2022-01-14	Crocuta crocuta	uqzjaskdfwbyrvno	\N	\N	\N	\N	\N	844	583
715	2022-06-13 10:46:12.839371	2022-06-13 10:46:12.839371	2022-05-31	2021-12-03	Charadrius tricollaris	hqnseufaykbzjtrvcxw	\N	\N	\N	\N	\N	35	965
730	2022-06-13 10:46:12.912348	2022-06-13 10:46:12.912348	2022-01-18	2021-12-26	Equus burchelli	kzrehmbgfvwsn	\N	\N	\N	\N	\N	143	194
735	2022-06-13 10:46:12.921336	2022-06-13 10:46:12.921336	2022-02-25	2022-01-27	Mirounga leonina	zqulkcanthgm	\N	\N	\N	\N	\N	160	736
803	2022-06-13 10:46:14.108516	2022-06-13 10:46:14.108516	2021-12-10	2022-02-26	Pan troglodytes	qdvzlftkgeuronpjxi	\N	\N	\N	\N	\N	123	807
928	2022-06-13 10:46:16.239611	2022-06-13 10:46:16.239611	2021-09-16	2022-03-31	Phoenicopterus ruber	mdlpwocgrz	\N	\N	\N	\N	\N	902	829
418	2022-06-13 10:46:08.667454	2022-06-13 10:46:08.667454	2021-11-18	2022-04-26	Dasyprocta leporina	owdkbigtqc	\N	\N	\N	\N	\N	380	918
452	2022-06-13 10:46:09.121297	2022-06-13 10:46:09.121297	2022-04-15	2022-02-20	Sitta canadensis	lbhrvoeaimxdtg	\N	\N	\N	\N	\N	365	994
479	2022-06-13 10:46:09.566947	2022-06-13 10:46:09.566947	2022-04-24	2021-11-22	Buteo galapagoensis	ouwedtnxgyqlbriszv	\N	\N	\N	\N	\N	623	815
500	2022-06-13 10:46:09.584417	2022-06-13 10:46:09.584417	2021-10-12	2022-04-05	Vulpes vulpes	xiubsecgnkv	\N	\N	\N	\N	\N	992	674
501	2022-06-13 10:46:09.657593	2022-06-13 10:46:09.657593	2021-08-16	2022-05-09	Limnocorax flavirostra	swtqlzdeigbvcrnhpfj	\N	\N	\N	\N	\N	258	625
514	2022-06-13 10:46:09.991388	2022-06-13 10:46:09.991388	2021-07-07	2021-12-25	Oreotragus oreotragus	vgnmdzjuaxtpykeirco	\N	\N	\N	\N	\N	187	995
532	2022-06-13 10:46:10.063196	2022-06-13 10:46:10.063196	2021-07-16	2022-01-05	Trichosurus vulpecula	tdukqnvwfhgosxapib	\N	\N	\N	\N	\N	451	141
668	2022-06-13 10:46:12.032253	2022-06-13 10:46:12.032253	2021-09-30	2021-08-31	Crotalus triseriatus	kbvnrqetlhpowaiy	\N	\N	\N	\N	\N	789	161
746	2022-06-13 10:46:13.266678	2022-06-13 10:46:13.266678	2022-03-04	2021-10-11	Crax sp.	ufhznsylcjrvwqiagop	\N	\N	\N	\N	\N	449	121
957	2022-06-13 10:46:16.720042	2022-06-13 10:46:16.720042	2022-05-06	2021-07-09	Scolopax minor	adfxogrqkvwmnte	\N	\N	\N	\N	\N	768	443
983	2022-06-13 10:46:17.126358	2022-06-13 10:46:17.126358	2021-12-21	2021-09-23	Xerus sp.	wlfbhrpuicezymdtqs	\N	\N	\N	\N	\N	836	234
454	2022-06-13 10:46:09.121379	2022-06-13 10:46:09.121379	2021-08-27	2022-02-08	Turtur chalcospilos	atyqfkcmvlz	\N	\N	\N	\N	\N	272	208
610	2022-06-13 10:46:11.220856	2022-06-13 10:46:11.220856	2022-06-05	2021-07-18	Nasua narica	wcnzfsyokptbgeuj	\N	\N	\N	\N	\N	308	439
623	2022-06-13 10:46:11.291074	2022-06-13 10:46:11.291074	2022-03-22	2022-06-01	Coluber constrictor foxii	thovqwinzs	\N	\N	\N	\N	\N	820	416
627	2022-06-13 10:46:11.314277	2022-06-13 10:46:11.314277	2022-05-23	2021-09-29	Pseudoleistes virescens	jsqyxaucpndbkgmz	\N	\N	\N	\N	\N	731	59
985	2022-06-13 10:46:17.147271	2022-06-13 10:46:17.147271	2021-10-04	2022-03-11	Conolophus subcristatus	kbnxdawueyqmtlo	\N	\N	\N	\N	\N	372	657
419	2022-06-13 10:46:08.722763	2022-06-13 10:46:08.722763	2021-10-22	2022-01-02	Graspus graspus	obupwdtvchxzyea	\N	\N	\N	\N	\N	325	364
431	2022-06-13 10:46:08.739667	2022-06-13 10:46:08.739667	2021-10-12	2022-03-23	Neophron percnopterus	klwstcepvqdjxo	\N	\N	\N	\N	\N	241	375
723	2022-06-13 10:46:12.897151	2022-06-13 10:46:12.897151	2022-03-06	2021-12-18	Delphinus delphis	robifxqpwjdmua	\N	\N	\N	\N	\N	285	438
772	2022-06-13 10:46:13.72528	2022-06-13 10:46:13.72528	2021-10-02	2022-01-29	Cervus elaphus	ahkwebilduyzcf	\N	\N	\N	\N	\N	603	123
829	2022-06-13 10:46:14.580605	2022-06-13 10:46:14.580605	2022-03-16	2021-12-02	Suricata suricatta	eavqtzxfylw	\N	\N	\N	\N	\N	88	226
860	2022-06-13 10:46:15.04995	2022-06-13 10:46:15.04995	2021-09-16	2022-05-29	Ninox superciliaris	yhwuojdragpt	\N	\N	\N	\N	\N	134	741
878	2022-06-13 10:46:15.432011	2022-06-13 10:46:15.432011	2022-04-22	2021-06-29	Hyaena brunnea	wutbvypagehkjo	\N	\N	\N	\N	\N	306	892
984	2022-06-13 10:46:17.147524	2022-06-13 10:46:17.147524	2022-04-12	2021-08-08	Nectarinia chalybea	spednzcqlibktrxm	\N	\N	\N	\N	\N	302	750
416	2022-06-13 10:46:08.737433	2022-06-13 10:46:08.737433	2022-02-14	2021-10-05	Merops nubicus	ajiqnpwmdhz	\N	\N	\N	\N	\N	100	22
436	2022-06-13 10:46:08.763699	2022-06-13 10:46:08.763699	2022-05-25	2022-01-17	Deroptyus accipitrinus	khsurjanpyfwgq	\N	\N	\N	\N	\N	741	741
518	2022-06-13 10:46:09.993829	2022-06-13 10:46:09.993829	2022-05-10	2021-07-03	Lama pacos	xsywbzmokr	\N	\N	\N	\N	\N	205	445
533	2022-06-13 10:46:10.063612	2022-06-13 10:46:10.063612	2021-12-14	2022-04-19	Macropus giganteus	ebnwjoxtzrmd	\N	\N	\N	\N	\N	848	97
640	2022-06-13 10:46:11.622379	2022-06-13 10:46:11.622379	2022-01-08	2021-08-16	Lemur fulvus	wziphgrxocylqemfknj	\N	\N	\N	\N	\N	932	893
777	2022-06-13 10:46:13.756298	2022-06-13 10:46:13.756298	2021-07-27	2021-12-14	Gymnorhina tibicen	ucfykpdrxzs	\N	\N	\N	\N	\N	637	694
790	2022-06-13 10:46:13.78995	2022-06-13 10:46:13.78995	2021-10-08	2021-11-26	Felis wiedi or Leopardus weidi	mbulesvwhzjopnr	\N	\N	\N	\N	\N	360	107
883	2022-06-13 10:46:15.488372	2022-06-13 10:46:15.488372	2022-02-17	2022-01-18	Phascogale tapoatafa	thyrgmdfzxwpnoskicj	\N	\N	\N	\N	\N	140	695
456	2022-06-13 10:46:09.186059	2022-06-13 10:46:09.186059	2021-12-24	2022-04-22	Macaca nemestrina	yqbenkzaxosrt	\N	\N	\N	\N	\N	515	596
473	2022-06-13 10:46:09.238233	2022-06-13 10:46:09.238233	2022-04-01	2022-06-04	Speotyte cuniculata	xvgbnfpuzcdy	\N	\N	\N	\N	\N	682	794
476	2022-06-13 10:46:09.319359	2022-06-13 10:46:09.319359	2022-05-01	2022-03-04	Loris tardigratus	yvcrgfdptizlxnk	\N	\N	\N	\N	\N	774	539
490	2022-06-13 10:46:09.584958	2022-06-13 10:46:09.584958	2021-08-03	2021-10-11	Boselaphus tragocamelus	odbyanijelfxgkm	\N	\N	\N	\N	\N	947	386
502	2022-06-13 10:46:09.657617	2022-06-13 10:46:09.657617	2021-10-23	2021-07-06	Bubo virginianus	fvnucorylxk	\N	\N	\N	\N	\N	16	724
520	2022-06-13 10:46:09.992594	2022-06-13 10:46:09.992594	2022-01-10	2022-04-01	Nyctanassa violacea	ludchjteybxwf	\N	\N	\N	\N	\N	948	789
582	2022-06-13 10:46:10.823907	2022-06-13 10:46:10.823907	2022-01-17	2021-11-02	Loxodonta africana	imvhenaxsubgdfz	\N	\N	\N	\N	\N	117	875
720	2022-06-13 10:46:12.912183	2022-06-13 10:46:12.912183	2021-08-14	2021-08-15	Certotrichas paena	iqnofpwzslegj	\N	\N	\N	\N	\N	112	924
780	2022-06-13 10:46:13.789558	2022-06-13 10:46:13.789558	2021-11-17	2021-12-27	Canis lupus lycaon	kulhdenogpmyjzrci	\N	\N	\N	\N	\N	476	564
885	2022-06-13 10:46:15.488718	2022-06-13 10:46:15.488718	2022-03-01	2022-04-18	Aepyceros mylampus	vdqewiuzmylxscpbrjhk	\N	\N	\N	\N	\N	755	404
960	2022-06-13 10:46:16.819075	2022-06-13 10:46:16.819075	2021-07-25	2022-05-28	Cygnus atratus	yukrsvcjzanhqowx	\N	\N	\N	\N	\N	200	810
420	2022-06-13 10:46:08.741559	2022-06-13 10:46:08.741559	2021-11-27	2022-01-19	Sula dactylatra	kznufwlsdehgrvmbpa	\N	\N	\N	\N	\N	723	254
521	2022-06-13 10:46:09.994179	2022-06-13 10:46:09.994179	2021-06-20	2021-08-03	Plegadis falcinellus	dlycibszeotvqmr	\N	\N	\N	\N	\N	544	441
553	2022-06-13 10:46:10.467133	2022-06-13 10:46:10.467133	2021-07-29	2022-06-11	Mycteria leucocephala	mzxtwcubhi	\N	\N	\N	\N	\N	576	495
583	2022-06-13 10:46:10.864091	2022-06-13 10:46:10.864091	2021-06-28	2022-02-14	Dipodomys deserti	lxrowsikufmt	\N	\N	\N	\N	\N	341	235
643	2022-06-13 10:46:11.702023	2022-06-13 10:46:11.702023	2021-07-08	2021-12-11	Cochlearius cochlearius	slkigjcuavt	\N	\N	\N	\N	\N	376	446
756	2022-06-13 10:46:13.365415	2022-06-13 10:46:13.365415	2022-06-08	2022-05-31	Cathartes aura	yfxiukocvaztjnwghr	\N	\N	\N	\N	\N	65	27
782	2022-06-13 10:46:13.824204	2022-06-13 10:46:13.824204	2021-10-27	2021-07-12	Caiman crocodilus	brxfkyupws	\N	\N	\N	\N	\N	407	928
913	2022-06-13 10:46:15.968062	2022-06-13 10:46:15.968062	2021-11-11	2022-02-13	Mephitis mephitis	peuomanrqklcwbytgiv	\N	\N	\N	\N	\N	312	56
458	2022-06-13 10:46:09.218258	2022-06-13 10:46:09.218258	2022-05-27	2022-04-22	Martes americana	vwqfgtocrjhbkndx	\N	\N	\N	\N	\N	840	633
614	2022-06-13 10:46:11.292798	2022-06-13 10:46:11.292798	2021-12-30	2021-09-13	Lutra canadensis	fecbsadtxvqwmngjz	\N	\N	\N	\N	\N	264	462
724	2022-06-13 10:46:12.919852	2022-06-13 10:46:12.919852	2021-07-16	2022-02-08	Crotalus cerastes	azroqfcnul	\N	\N	\N	\N	\N	978	987
757	2022-06-13 10:46:13.365878	2022-06-13 10:46:13.365878	2021-12-12	2022-01-26	Melanerpes erythrocephalus	gwjylxbaqfptur	\N	\N	\N	\N	\N	655	696
807	2022-06-13 10:46:14.258824	2022-06-13 10:46:14.258824	2021-10-25	2022-01-16	Nesomimus trifasciatus	sgkxlovndiutcwfym	\N	\N	\N	\N	\N	75	596
939	2022-06-13 10:46:16.394805	2022-06-13 10:46:16.394805	2022-06-11	2021-08-16	Macropus rufus	jckrynilfpdaqguvwxht	\N	\N	\N	\N	\N	703	41
963	2022-06-13 10:46:16.856789	2022-06-13 10:46:16.856789	2021-09-15	2022-03-19	Mustela nigripes	sfzpxwydkcualhmiv	\N	\N	\N	\N	\N	443	518
432	2022-06-13 10:46:08.853138	2022-06-13 10:46:08.853138	2021-07-24	2022-05-02	Oxybelis fulgidus	tnsovzuljaidhxyebgwf	\N	\N	\N	\N	\N	457	723
444	2022-06-13 10:46:08.90456	2022-06-13 10:46:08.90456	2022-03-21	2022-05-19	Meleagris gallopavo	vkqcywdxlzprgn	\N	\N	\N	\N	\N	538	16
449	2022-06-13 10:46:08.909123	2022-06-13 10:46:08.909123	2021-09-13	2022-04-09	Aegypius tracheliotus	jvqnbuiwsfoylzmhcdkg	\N	\N	\N	\N	\N	899	323
453	2022-06-13 10:46:08.966471	2022-06-13 10:46:08.966471	2021-09-30	2021-11-27	Microcebus murinus	lzwhpguajbiecm	\N	\N	\N	\N	\N	124	562
461	2022-06-13 10:46:09.239417	2022-06-13 10:46:09.239417	2021-07-13	2021-12-10	Lybius torquatus	bcsigjohfmpvykltz	\N	\N	\N	\N	\N	833	24
477	2022-06-13 10:46:09.319562	2022-06-13 10:46:09.319562	2022-03-22	2022-02-16	Oryx gazella	xtimbnocdfhvupg	\N	\N	\N	\N	\N	34	874
589	2022-06-13 10:46:10.920437	2022-06-13 10:46:10.920437	2021-11-17	2021-12-04	Callorhinus ursinus	rslqwbepdhyuavxtgf	\N	\N	\N	\N	\N	958	658
619	2022-06-13 10:46:11.292608	2022-06-13 10:46:11.292608	2021-08-10	2021-12-10	Marmota flaviventris	atwihemflusbydnojx	\N	\N	\N	\N	\N	29	781
629	2022-06-13 10:46:11.345806	2022-06-13 10:46:11.345806	2022-02-13	2022-02-26	Macaca mulatta	squjbdzopvftal	\N	\N	\N	\N	\N	761	461
634	2022-06-13 10:46:11.354807	2022-06-13 10:46:11.354807	2021-11-17	2022-01-22	Petaurus breviceps	dxngfzwkoumhvpcsbq	\N	\N	\N	\N	\N	862	721
649	2022-06-13 10:46:11.73817	2022-06-13 10:46:11.73817	2021-11-03	2021-09-22	Pseudalopex gymnocercus	aqduhfeoitkpxw	\N	\N	\N	\N	\N	42	832
660	2022-06-13 10:46:11.771614	2022-06-13 10:46:11.771614	2021-08-02	2021-09-11	Papio cynocephalus	opwfqalderthbsg	\N	\N	\N	\N	\N	714	65
672	2022-06-13 10:46:12.180547	2022-06-13 10:46:12.180547	2021-09-27	2022-06-03	Leptoptilos crumeniferus	mwlqpektaduvczi	\N	\N	\N	\N	\N	350	471
816	2022-06-13 10:46:14.300097	2022-06-13 10:46:14.300097	2022-03-11	2022-05-26	Sauromalus obesus	isqwfmtnpkcja	\N	\N	\N	\N	\N	19	391
825	2022-06-13 10:46:14.356189	2022-06-13 10:46:14.356189	2021-11-13	2022-04-28	Panthera leo persica	tjhlfnpogwzavbs	\N	\N	\N	\N	\N	188	597
937	2022-06-13 10:46:16.395336	2022-06-13 10:46:16.395336	2021-09-01	2021-09-10	Damaliscus lunatus	hlmznrfcobtidwexy	\N	\N	\N	\N	\N	757	891
992	2022-06-13 10:46:17.309574	2022-06-13 10:46:17.309574	2022-01-22	2021-11-26	Myotis lucifugus	wlfeynzgbdroavp	\N	\N	\N	\N	\N	119	562
430	2022-06-13 10:46:08.853037	2022-06-13 10:46:08.853037	2022-04-24	2022-05-22	Vanellus armatus	vcjxzulienrdsb	\N	\N	\N	\N	\N	214	629
462	2022-06-13 10:46:09.239839	2022-06-13 10:46:09.239839	2021-11-30	2022-04-02	Macropus fuliginosus	vdgqwmfsrtpjbxlaiy	\N	\N	\N	\N	\N	461	761
528	2022-06-13 10:46:10.064905	2022-06-13 10:46:10.064905	2021-08-02	2022-06-07	Phalacrocorax brasilianus	knfxgtaruoplcywdej	\N	\N	\N	\N	\N	691	912
588	2022-06-13 10:46:10.953077	2022-06-13 10:46:10.953077	2022-03-02	2021-08-20	Cervus unicolor	eictanuofrgvjbmh	\N	\N	\N	\N	\N	850	667
603	2022-06-13 10:46:10.995851	2022-06-13 10:46:10.995851	2022-04-08	2022-03-04	Sus scrofa	rlfwgbthkxzjpyen	\N	\N	\N	\N	\N	764	15
606	2022-06-13 10:46:11.018226	2022-06-13 10:46:11.018226	2021-12-15	2021-09-19	Eurocephalus anguitimens	gksxcnifvqaodblhypz	\N	\N	\N	\N	\N	493	408
702	2022-06-13 10:46:12.556589	2022-06-13 10:46:12.556589	2022-04-03	2022-01-07	Ursus arctos	xhbdfjnoswiametzg	\N	\N	\N	\N	\N	747	480
727	2022-06-13 10:46:12.990889	2022-06-13 10:46:12.990889	2022-05-09	2022-05-23	Papilio canadensis	fbidyozlujtrhskevcgn	\N	\N	\N	\N	\N	371	400
759	2022-06-13 10:46:13.433825	2022-06-13 10:46:13.433825	2021-12-13	2021-07-09	Francolinus coqui	lwojbtikyecvnqfzhs	\N	\N	\N	\N	\N	353	2
787	2022-06-13 10:46:13.907826	2022-06-13 10:46:13.907826	2021-10-02	2022-04-14	Perameles nasuta	gmisbpvezu	\N	\N	\N	\N	\N	93	245
802	2022-06-13 10:46:13.929472	2022-06-13 10:46:13.929472	2022-05-29	2021-08-20	Pitangus sulphuratus	rbvaokhitu	\N	\N	\N	\N	\N	65	858
817	2022-06-13 10:46:14.356298	2022-06-13 10:46:14.356298	2022-03-17	2021-11-11	Phylurus milli	svwbyhiuzqrfojdml	\N	\N	\N	\N	\N	451	335
841	2022-06-13 10:46:14.744022	2022-06-13 10:46:14.744022	2022-04-30	2021-10-14	Parus atricapillus	ozbqdpjvwxlkhmaf	\N	\N	\N	\N	\N	413	749
911	2022-06-13 10:46:15.971741	2022-06-13 10:46:15.971741	2021-07-09	2021-11-26	Ursus maritimus	kliucbshpvtzjeogn	\N	\N	\N	\N	\N	375	869
965	2022-06-13 10:46:16.865202	2022-06-13 10:46:16.865202	2022-03-14	2021-12-30	Pelecans onocratalus	hnmeblrztkvjsg	\N	\N	\N	\N	\N	400	89
428	2022-06-13 10:46:08.853251	2022-06-13 10:46:08.853251	2021-07-02	2021-09-20	Grus antigone	lkzdhgvwboqmctjapus	\N	\N	\N	\N	\N	68	108
493	2022-06-13 10:46:09.685103	2022-06-13 10:46:09.685103	2022-06-11	2021-10-19	Anhinga rufa	rxbsfpytdwhjzqago	\N	\N	\N	\N	\N	401	304
677	2022-06-13 10:46:12.180053	2022-06-13 10:46:12.180053	2021-09-11	2021-08-08	Lamprotornis sp.	gzpqxuodwem	\N	\N	\N	\N	\N	808	418
686	2022-06-13 10:46:12.196473	2022-06-13 10:46:12.196473	2021-07-04	2021-11-19	Casmerodius albus	cpseongvuqdyjftrm	\N	\N	\N	\N	\N	220	62
689	2022-06-13 10:46:12.291004	2022-06-13 10:46:12.291004	2021-08-30	2021-11-03	Tayassu pecari	wztdepgabrio	\N	\N	\N	\N	\N	827	623
970	2022-06-13 10:46:16.9083	2022-06-13 10:46:16.9083	2022-05-03	2022-06-04	Theropithecus gelada	pxbrlskicm	\N	\N	\N	\N	\N	333	973
391	2022-06-13 10:46:08.452937	2022-06-13 10:46:08.452937	2022-04-25	2022-03-07	Motacilla aguimp	xqprdkiusgwv	\N	\N	\N	\N	\N	793	920
\.


--
-- Data for Name: dealer_route_users; Type: TABLE DATA; Schema: public; Owner: postgres
--

COPY public.dealer_route_users (id, updated_at, created_at, start_date, end_date, description, created_by, updated_by, vdsbs_id, user_id) FROM stdin;
\.


--
-- Data for Name: dealer_sites; Type: TABLE DATA; Schema: public; Owner: postgres
--

COPY public.dealer_sites (id, updated_at, created_at, start_date, end_date, name, attribute1, attribute2, attribute3, attribute4, attribute5, dealer_id, created_by, updated_by) FROM stdin;
5	2022-06-13 10:49:48.971652	2022-06-13 10:49:48.971652	2022-06-10	2022-03-28	Skibox	\N	\N	\N	\N	\N	735	109	45
18	2022-06-13 10:49:49.190295	2022-06-13 10:49:49.190295	2021-07-13	2021-09-26	Agivu	\N	\N	\N	\N	\N	36	724	349
24	2022-06-13 10:49:49.355526	2022-06-13 10:49:49.355526	2022-02-27	2021-09-23	Topiclounge	\N	\N	\N	\N	\N	513	35	573
33	2022-06-13 10:49:49.519692	2022-06-13 10:49:49.519692	2022-01-10	2022-02-07	Lajo	\N	\N	\N	\N	\N	43	771	362
31	2022-06-13 10:49:49.519876	2022-06-13 10:49:49.519876	2021-12-02	2022-03-15	Jabbersphere	\N	\N	\N	\N	\N	430	158	847
35	2022-06-13 10:49:49.574104	2022-06-13 10:49:49.574104	2021-10-08	2022-01-08	Wikivu	\N	\N	\N	\N	\N	80	885	556
48	2022-06-13 10:49:49.637115	2022-06-13 10:49:49.637115	2021-10-01	2021-09-21	Jamia	\N	\N	\N	\N	\N	51	411	247
45	2022-06-13 10:49:49.701485	2022-06-13 10:49:49.701485	2022-01-13	2021-09-09	Flashspan	\N	\N	\N	\N	\N	284	608	632
51	2022-06-13 10:49:49.842843	2022-06-13 10:49:49.842843	2021-07-02	2021-07-02	Topicstorm	\N	\N	\N	\N	\N	822	10	900
49	2022-06-13 10:49:49.843083	2022-06-13 10:49:49.843083	2021-12-24	2022-04-26	Pixoboo	\N	\N	\N	\N	\N	300	721	562
54	2022-06-13 10:49:49.965524	2022-06-13 10:49:49.965524	2021-08-30	2022-01-01	Yata	\N	\N	\N	\N	\N	792	851	811
63	2022-06-13 10:49:50.105462	2022-06-13 10:49:50.105462	2021-09-14	2021-09-25	Quinu	\N	\N	\N	\N	\N	581	99	366
77	2022-06-13 10:49:50.13413	2022-06-13 10:49:50.13413	2021-12-15	2022-01-29	Twinte	\N	\N	\N	\N	\N	967	133	404
78	2022-06-13 10:49:50.382671	2022-06-13 10:49:50.382671	2021-09-12	2021-10-04	Skalith	\N	\N	\N	\N	\N	935	833	774
80	2022-06-13 10:49:50.391231	2022-06-13 10:49:50.391231	2022-01-27	2021-10-06	Jatri	\N	\N	\N	\N	\N	442	318	716
89	2022-06-13 10:49:50.422174	2022-06-13 10:49:50.422174	2022-05-20	2021-09-30	Skalith	\N	\N	\N	\N	\N	362	152	820
88	2022-06-13 10:49:50.509963	2022-06-13 10:49:50.509963	2021-10-03	2021-07-29	Skippad	\N	\N	\N	\N	\N	44	500	861
136	2022-06-13 10:49:51.427752	2022-06-13 10:49:51.427752	2022-05-10	2022-05-13	Cogilith	\N	\N	\N	\N	\N	731	331	43
153	2022-06-13 10:49:51.43687	2022-06-13 10:49:51.43687	2022-02-28	2022-05-03	Gabspot	\N	\N	\N	\N	\N	343	896	693
266	2022-06-13 10:49:53.643966	2022-06-13 10:49:53.643966	2022-05-26	2021-08-10	Photobug	\N	\N	\N	\N	\N	123	325	934
323	2022-06-13 10:49:54.535163	2022-06-13 10:49:54.535163	2022-03-09	2021-10-23	Quimba	\N	\N	\N	\N	\N	40	654	781
542	2022-06-13 10:49:58.419015	2022-06-13 10:49:58.419015	2021-09-11	2022-03-11	Voonte	\N	\N	\N	\N	\N	82	440	273
554	2022-06-13 10:49:58.514418	2022-06-13 10:49:58.514418	2022-04-04	2021-12-05	Photofeed	\N	\N	\N	\N	\N	47	647	430
644	2022-06-13 10:50:00.187089	2022-06-13 10:50:00.187089	2021-11-04	2022-04-12	Babblestorm	\N	\N	\N	\N	\N	517	262	668
754	2022-06-13 10:50:02.104081	2022-06-13 10:50:02.104081	2021-07-02	2022-04-22	Linktype	\N	\N	\N	\N	\N	372	36	759
768	2022-06-13 10:50:02.130002	2022-06-13 10:50:02.130002	2021-12-26	2021-09-08	Realblab	\N	\N	\N	\N	\N	484	629	938
769	2022-06-13 10:50:02.195361	2022-06-13 10:50:02.195361	2022-01-24	2021-10-21	Dynazzy	\N	\N	\N	\N	\N	587	87	371
913	2022-06-13 10:50:04.753017	2022-06-13 10:50:04.753017	2021-07-18	2021-09-27	Dynazzy	\N	\N	\N	\N	\N	372	540	264
342	2022-06-13 10:49:54.985105	2022-06-13 10:49:54.985105	2022-01-12	2021-08-13	Centimia	\N	\N	\N	\N	\N	556	262	763
488	2022-06-13 10:49:57.611928	2022-06-13 10:49:57.611928	2021-09-26	2021-11-18	Tanoodle	\N	\N	\N	\N	\N	362	639	250
624	2022-06-13 10:49:59.829213	2022-06-13 10:49:59.829213	2022-06-06	2021-08-30	Realcube	\N	\N	\N	\N	\N	40	806	747
633	2022-06-13 10:49:59.866908	2022-06-13 10:49:59.866908	2022-03-29	2021-07-17	Voomm	\N	\N	\N	\N	\N	691	667	375
692	2022-06-13 10:50:01.169855	2022-06-13 10:50:01.169855	2022-01-27	2021-06-13	Avamm	\N	\N	\N	\N	\N	85	313	55
836	2022-06-13 10:50:03.420837	2022-06-13 10:50:03.420837	2022-02-05	2021-12-13	Buzzster	\N	\N	\N	\N	\N	46	841	604
945	2022-06-13 10:50:05.303829	2022-06-13 10:50:05.303829	2021-08-08	2022-04-15	Jazzy	\N	\N	\N	\N	\N	597	233	676
970	2022-06-13 10:50:05.684867	2022-06-13 10:50:05.684867	2022-01-01	2021-07-22	Gabtype	\N	\N	\N	\N	\N	78	392	740
980	2022-06-13 10:50:05.753933	2022-06-13 10:50:05.753933	2021-12-22	2022-05-24	Tagfeed	\N	\N	\N	\N	\N	50	410	746
168	2022-06-13 10:49:51.975884	2022-06-13 10:49:51.975884	2022-03-26	2021-12-10	Flashspan	\N	\N	\N	\N	\N	45	361	67
197	2022-06-13 10:49:52.421164	2022-06-13 10:49:52.421164	2021-07-29	2021-10-14	Browsetype	\N	\N	\N	\N	\N	108	914	414
208	2022-06-13 10:49:52.482793	2022-06-13 10:49:52.482793	2021-11-26	2022-04-18	Jabbercube	\N	\N	\N	\N	\N	261	907	669
725	2022-06-13 10:50:01.652514	2022-06-13 10:50:01.652514	2021-07-29	2022-04-25	Realfire	\N	\N	\N	\N	\N	452	327	678
787	2022-06-13 10:50:02.59765	2022-06-13 10:50:02.59765	2022-03-16	2022-05-21	Thoughtworks	\N	\N	\N	\N	\N	712	325	827
812	2022-06-13 10:50:02.968421	2022-06-13 10:50:02.968421	2022-01-22	2022-04-18	Thoughtsphere	\N	\N	\N	\N	\N	141	264	509
971	2022-06-13 10:50:05.68979	2022-06-13 10:50:05.68979	2021-10-27	2021-07-28	Tavu	\N	\N	\N	\N	\N	445	423	83
979	2022-06-13 10:50:05.753568	2022-06-13 10:50:05.753568	2021-06-12	2021-10-06	Skynoodle	\N	\N	\N	\N	\N	432	97	327
169	2022-06-13 10:49:51.977591	2022-06-13 10:49:51.977591	2022-02-19	2021-09-06	Youopia	\N	\N	\N	\N	\N	952	663	192
273	2022-06-13 10:49:53.694212	2022-06-13 10:49:53.694212	2021-10-20	2022-05-17	Digitube	\N	\N	\N	\N	\N	7	909	27
286	2022-06-13 10:49:53.726184	2022-06-13 10:49:53.726184	2022-02-08	2021-11-25	Trudeo	\N	\N	\N	\N	\N	215	497	908
288	2022-06-13 10:49:53.765272	2022-06-13 10:49:53.765272	2022-01-13	2022-03-08	Shufflester	\N	\N	\N	\N	\N	759	734	111
518	2022-06-13 10:49:58.097462	2022-06-13 10:49:58.097462	2021-12-14	2022-05-14	Skimia	\N	\N	\N	\N	\N	744	124	619
602	2022-06-13 10:49:59.485047	2022-06-13 10:49:59.485047	2021-12-19	2021-11-25	Brainsphere	\N	\N	\N	\N	\N	107	297	520
671	2022-06-13 10:50:00.820913	2022-06-13 10:50:00.820913	2021-07-27	2022-02-27	Yata	\N	\N	\N	\N	\N	159	796	5
700	2022-06-13 10:50:01.270306	2022-06-13 10:50:01.270306	2022-02-13	2021-10-16	Topicstorm	\N	\N	\N	\N	\N	119	153	623
755	2022-06-13 10:50:02.19545	2022-06-13 10:50:02.19545	2021-11-05	2022-04-17	Yakijo	\N	\N	\N	\N	\N	551	933	794
772	2022-06-13 10:50:02.268174	2022-06-13 10:50:02.268174	2021-09-11	2022-02-16	Fliptune	\N	\N	\N	\N	\N	347	229	532
777	2022-06-13 10:50:02.289988	2022-06-13 10:50:02.289988	2021-08-07	2021-10-22	Dabtype	\N	\N	\N	\N	\N	735	214	251
782	2022-06-13 10:50:02.297264	2022-06-13 10:50:02.297264	2021-07-29	2022-03-06	Livefish	\N	\N	\N	\N	\N	581	990	624
1000	2022-06-13 10:50:06.179067	2022-06-13 10:50:06.179067	2021-10-27	2022-06-06	Livetube	\N	\N	\N	\N	\N	55	751	675
116	2022-06-13 10:49:51.074149	2022-06-13 10:49:51.074149	2021-11-23	2021-12-20	Blogtags	\N	\N	\N	\N	\N	614	976	807
147	2022-06-13 10:49:51.545191	2022-06-13 10:49:51.545191	2022-03-05	2022-04-25	Quatz	\N	\N	\N	\N	\N	500	95	780
193	2022-06-13 10:49:52.423249	2022-06-13 10:49:52.423249	2022-04-11	2021-08-09	Rhycero	\N	\N	\N	\N	\N	460	301	910
248	2022-06-13 10:49:53.327636	2022-06-13 10:49:53.327636	2021-08-23	2022-03-17	Skaboo	\N	\N	\N	\N	\N	551	756	939
260	2022-06-13 10:49:53.415705	2022-06-13 10:49:53.415705	2022-05-20	2022-02-12	Kazu	\N	\N	\N	\N	\N	47	995	630
398	2022-06-13 10:49:55.98398	2022-06-13 10:49:55.98398	2022-01-26	2022-03-29	Kamba	\N	\N	\N	\N	\N	531	686	94
408	2022-06-13 10:49:56.010987	2022-06-13 10:49:56.010987	2022-01-04	2021-06-30	Tekfly	\N	\N	\N	\N	\N	284	944	887
521	2022-06-13 10:49:58.097634	2022-06-13 10:49:58.097634	2021-11-09	2021-11-26	Oyonder	\N	\N	\N	\N	\N	81	679	328
865	2022-06-13 10:50:03.963789	2022-06-13 10:50:03.963789	2022-01-16	2021-09-15	Rhyzio	\N	\N	\N	\N	\N	632	421	761
946	2022-06-13 10:50:05.305828	2022-06-13 10:50:05.305828	2021-07-17	2022-04-09	Eare	\N	\N	\N	\N	\N	976	863	215
957	2022-06-13 10:50:05.400498	2022-06-13 10:50:05.400498	2021-11-01	2022-01-11	Trudoo	\N	\N	\N	\N	\N	744	49	706
173	2022-06-13 10:49:52.03876	2022-06-13 10:49:52.03876	2021-09-09	2022-04-24	Edgeclub	\N	\N	\N	\N	\N	85	952	91
184	2022-06-13 10:49:52.045961	2022-06-13 10:49:52.045961	2022-04-23	2022-01-05	Voomm	\N	\N	\N	\N	\N	982	308	853
186	2022-06-13 10:49:52.120441	2022-06-13 10:49:52.120441	2021-07-02	2022-06-04	Browsecat	\N	\N	\N	\N	\N	72	474	312
191	2022-06-13 10:49:52.157376	2022-06-13 10:49:52.157376	2022-01-09	2022-05-14	Buzzshare	\N	\N	\N	\N	\N	256	28	451
224	2022-06-13 10:49:52.882427	2022-06-13 10:49:52.882427	2021-09-02	2022-02-19	Trudeo	\N	\N	\N	\N	\N	348	153	581
235	2022-06-13 10:49:52.949551	2022-06-13 10:49:52.949551	2021-11-15	2022-01-30	Demimbu	\N	\N	\N	\N	\N	134	173	22
250	2022-06-13 10:49:53.327605	2022-06-13 10:49:53.327605	2022-04-06	2022-04-19	Jabberstorm	\N	\N	\N	\N	\N	125	193	711
348	2022-06-13 10:49:55.047354	2022-06-13 10:49:55.047354	2022-04-16	2021-11-15	Devpulse	\N	\N	\N	\N	\N	68	576	369
421	2022-06-13 10:49:56.344921	2022-06-13 10:49:56.344921	2022-06-08	2021-09-16	Feedspan	\N	\N	\N	\N	\N	9	60	190
446	2022-06-13 10:49:56.802997	2022-06-13 10:49:56.802997	2022-02-13	2021-12-05	Aibox	\N	\N	\N	\N	\N	500	733	404
490	2022-06-13 10:49:57.676053	2022-06-13 10:49:57.676053	2022-01-09	2021-09-23	Bluezoom	\N	\N	\N	\N	\N	387	899	456
579	2022-06-13 10:49:59.035086	2022-06-13 10:49:59.035086	2021-10-06	2022-04-29	Yozio	\N	\N	\N	\N	\N	301	129	811
727	2022-06-13 10:50:01.686319	2022-06-13 10:50:01.686319	2022-03-16	2021-12-23	Bluejam	\N	\N	\N	\N	\N	7	835	661
757	2022-06-13 10:50:02.196904	2022-06-13 10:50:02.196904	2021-07-12	2022-04-09	Livetube	\N	\N	\N	\N	\N	77	269	855
869	2022-06-13 10:50:03.964106	2022-06-13 10:50:03.964106	2021-11-27	2022-06-03	Leenti	\N	\N	\N	\N	\N	2	536	946
920	2022-06-13 10:50:04.887551	2022-06-13 10:50:04.887551	2022-05-09	2022-02-17	Realpoint	\N	\N	\N	\N	\N	722	397	580
174	2022-06-13 10:49:52.038493	2022-06-13 10:49:52.038493	2021-07-26	2021-07-29	Flipopia	\N	\N	\N	\N	\N	161	225	742
203	2022-06-13 10:49:52.479951	2022-06-13 10:49:52.479951	2021-10-07	2021-08-09	Realcube	\N	\N	\N	\N	\N	77	489	110
350	2022-06-13 10:49:55.072965	2022-06-13 10:49:55.072965	2021-08-04	2021-11-03	Edgepulse	\N	\N	\N	\N	\N	78	470	658
601	2022-06-13 10:49:59.485089	2022-06-13 10:49:59.485089	2021-09-16	2021-07-21	Katz	\N	\N	\N	\N	\N	741	943	948
650	2022-06-13 10:50:00.405178	2022-06-13 10:50:00.405178	2021-06-24	2021-09-26	Lajo	\N	\N	\N	\N	\N	256	302	545
703	2022-06-13 10:50:01.270288	2022-06-13 10:50:01.270288	2022-02-16	2022-01-18	Quinu	\N	\N	\N	\N	\N	892	535	450
867	2022-06-13 10:50:04.001329	2022-06-13 10:50:04.001329	2022-04-24	2021-11-16	Avamm	\N	\N	\N	\N	\N	176	154	19
879	2022-06-13 10:50:04.052985	2022-06-13 10:50:04.052985	2022-01-16	2022-01-26	Pixope	\N	\N	\N	\N	\N	707	203	317
919	2022-06-13 10:50:04.888137	2022-06-13 10:50:04.888137	2021-06-23	2021-10-25	Talane	\N	\N	\N	\N	\N	83	872	298
951	2022-06-13 10:50:05.362236	2022-06-13 10:50:05.362236	2021-08-10	2022-06-04	Trudoo	\N	\N	\N	\N	\N	213	515	288
975	2022-06-13 10:50:05.842384	2022-06-13 10:50:05.842384	2022-01-08	2022-01-08	Youspan	\N	\N	\N	\N	\N	517	132	308
991	2022-06-13 10:50:05.871201	2022-06-13 10:50:05.871201	2021-12-17	2022-03-26	Twinder	\N	\N	\N	\N	\N	240	340	452
123	2022-06-13 10:49:51.143318	2022-06-13 10:49:51.143318	2022-03-10	2021-08-15	Mydeo	\N	\N	\N	\N	\N	807	503	916
135	2022-06-13 10:49:51.182113	2022-06-13 10:49:51.182113	2022-05-26	2021-11-13	DabZ	\N	\N	\N	\N	\N	765	92	878
628	2022-06-13 10:49:59.977468	2022-06-13 10:49:59.977468	2021-07-19	2022-02-20	Wikibox	\N	\N	\N	\N	\N	13	350	156
648	2022-06-13 10:50:00.407259	2022-06-13 10:50:00.407259	2022-04-23	2021-08-09	Edgeclub	\N	\N	\N	\N	\N	48	722	737
701	2022-06-13 10:50:01.273577	2022-06-13 10:50:01.273577	2022-02-21	2021-09-19	Topicblab	\N	\N	\N	\N	\N	8	268	734
921	2022-06-13 10:50:04.937725	2022-06-13 10:50:04.937725	2021-12-11	2021-07-22	Muxo	\N	\N	\N	\N	\N	314	799	161
934	2022-06-13 10:50:04.975975	2022-06-13 10:50:04.975975	2021-07-05	2022-05-10	Feednation	\N	\N	\N	\N	\N	479	575	375
948	2022-06-13 10:50:05.362263	2022-06-13 10:50:05.362263	2021-10-05	2022-03-30	Youopia	\N	\N	\N	\N	\N	982	627	49
309	2022-06-13 10:49:54.279509	2022-06-13 10:49:54.279509	2022-02-04	2021-08-16	Zoomlounge	\N	\N	\N	\N	\N	375	894	139
400	2022-06-13 10:49:55.985657	2022-06-13 10:49:55.985657	2021-06-22	2022-03-27	Reallinks	\N	\N	\N	\N	\N	818	526	199
450	2022-06-13 10:49:56.892355	2022-06-13 10:49:56.892355	2022-03-28	2021-06-22	Aivee	\N	\N	\N	\N	\N	72	525	298
550	2022-06-13 10:49:58.644562	2022-06-13 10:49:58.644562	2021-12-22	2022-05-13	Flipstorm	\N	\N	\N	\N	\N	590	748	368
567	2022-06-13 10:49:58.704411	2022-06-13 10:49:58.704411	2021-09-01	2022-01-07	Brainbox	\N	\N	\N	\N	\N	12	565	197
924	2022-06-13 10:50:04.940814	2022-06-13 10:50:04.940814	2022-04-09	2021-09-03	Realfire	\N	\N	\N	\N	\N	284	21	465
374	2022-06-13 10:49:55.55194	2022-06-13 10:49:55.55194	2022-02-23	2022-05-15	Browseblab	\N	\N	\N	\N	\N	347	667	506
473	2022-06-13 10:49:57.34403	2022-06-13 10:49:57.34403	2021-09-27	2021-08-10	Twitterworks	\N	\N	\N	\N	\N	280	138	359
497	2022-06-13 10:49:57.741953	2022-06-13 10:49:57.741953	2021-11-01	2022-01-18	Trupe	\N	\N	\N	\N	\N	59	986	253
511	2022-06-13 10:49:57.81554	2022-06-13 10:49:57.81554	2021-11-23	2022-03-30	Realmix	\N	\N	\N	\N	\N	373	892	790
527	2022-06-13 10:49:58.188255	2022-06-13 10:49:58.188255	2022-02-17	2021-10-22	Livetube	\N	\N	\N	\N	\N	89	405	609
607	2022-06-13 10:49:59.569517	2022-06-13 10:49:59.569517	2022-01-30	2021-10-25	Jabberstorm	\N	\N	\N	\N	\N	652	181	78
630	2022-06-13 10:49:59.97943	2022-06-13 10:49:59.97943	2021-10-10	2022-04-11	Devbug	\N	\N	\N	\N	\N	460	493	486
657	2022-06-13 10:50:00.444104	2022-06-13 10:50:00.444104	2021-12-19	2021-12-07	Rhybox	\N	\N	\N	\N	\N	723	114	508
669	2022-06-13 10:50:00.470077	2022-06-13 10:50:00.470077	2022-02-02	2021-10-20	Fivebridge	\N	\N	\N	\N	\N	38	383	459
895	2022-06-13 10:50:04.505117	2022-06-13 10:50:04.505117	2022-04-10	2021-11-23	Meezzy	\N	\N	\N	\N	\N	916	76	64
907	2022-06-13 10:50:04.526826	2022-06-13 10:50:04.526826	2021-08-12	2022-03-06	Mudo	\N	\N	\N	\N	\N	302	948	767
584	2022-06-13 10:49:59.136449	2022-06-13 10:49:59.136449	2021-07-04	2021-09-10	Browseblab	\N	\N	\N	\N	\N	16	730	39
735	2022-06-13 10:50:01.799237	2022-06-13 10:50:01.799237	2022-02-22	2021-10-23	Gigashots	\N	\N	\N	\N	\N	748	259	882
801	2022-06-13 10:50:02.748674	2022-06-13 10:50:02.748674	2022-03-15	2021-09-02	Kwimbee	\N	\N	\N	\N	\N	534	298	860
811	2022-06-13 10:50:02.766468	2022-06-13 10:50:02.766468	2021-11-08	2022-03-04	Yodoo	\N	\N	\N	\N	\N	6	280	402
899	2022-06-13 10:50:04.521832	2022-06-13 10:50:04.521832	2021-11-29	2022-06-11	Voomm	\N	\N	\N	\N	\N	95	556	82
974	2022-06-13 10:50:05.842939	2022-06-13 10:50:05.842939	2021-06-25	2022-04-12	Zava	\N	\N	\N	\N	\N	140	544	128
128	2022-06-13 10:49:51.203217	2022-06-13 10:49:51.203217	2022-02-23	2022-03-27	Abatz	\N	\N	\N	\N	\N	95	167	823
334	2022-06-13 10:49:54.792888	2022-06-13 10:49:54.792888	2021-10-10	2021-10-29	Jabbertype	\N	\N	\N	\N	\N	140	2	391
528	2022-06-13 10:49:58.208594	2022-06-13 10:49:58.208594	2021-09-23	2021-12-02	Jabbersphere	\N	\N	\N	\N	\N	55	62	128
681	2022-06-13 10:50:00.950919	2022-06-13 10:50:00.950919	2021-08-15	2022-02-09	Trilia	\N	\N	\N	\N	\N	776	589	775
695	2022-06-13 10:50:01.016447	2022-06-13 10:50:01.016447	2022-03-18	2021-07-02	Ooba	\N	\N	\N	\N	\N	375	202	152
848	2022-06-13 10:50:03.643328	2022-06-13 10:50:03.643328	2021-08-12	2021-07-04	Tagchat	\N	\N	\N	\N	\N	208	448	493
896	2022-06-13 10:50:04.577104	2022-06-13 10:50:04.577104	2021-11-22	2022-01-03	Fadeo	\N	\N	\N	\N	\N	378	864	521
914	2022-06-13 10:50:04.593161	2022-06-13 10:50:04.593161	2021-09-08	2022-04-19	Aimbo	\N	\N	\N	\N	\N	362	926	229
104	2022-06-13 10:49:50.856448	2022-06-13 10:49:50.856448	2022-01-26	2021-12-03	Gigaclub	\N	\N	\N	\N	\N	250	222	459
129	2022-06-13 10:49:51.239753	2022-06-13 10:49:51.239753	2021-09-24	2022-03-07	Edgetag	\N	\N	\N	\N	\N	224	51	410
142	2022-06-13 10:49:51.259972	2022-06-13 10:49:51.259972	2022-02-04	2021-11-11	Buzzster	\N	\N	\N	\N	\N	808	250	928
258	2022-06-13 10:49:53.507359	2022-06-13 10:49:53.507359	2021-11-15	2021-12-15	Abatz	\N	\N	\N	\N	\N	372	592	663
402	2022-06-13 10:49:56.035393	2022-06-13 10:49:56.035393	2021-12-04	2021-11-17	Edgeclub	\N	\N	\N	\N	\N	808	72	921
416	2022-06-13 10:49:56.162928	2022-06-13 10:49:56.162928	2022-05-02	2021-08-21	Meemm	\N	\N	\N	\N	\N	233	401	701
476	2022-06-13 10:49:57.37415	2022-06-13 10:49:57.37415	2021-11-06	2022-03-04	Browsetype	\N	\N	\N	\N	\N	50	389	449
503	2022-06-13 10:49:57.825116	2022-06-13 10:49:57.825116	2022-04-21	2022-05-15	Blognation	\N	\N	\N	\N	\N	249	299	336
706	2022-06-13 10:50:01.366424	2022-06-13 10:50:01.366424	2022-01-14	2021-09-20	Topicblab	\N	\N	\N	\N	\N	758	121	695
850	2022-06-13 10:50:03.669523	2022-06-13 10:50:03.669523	2021-09-04	2021-06-24	Plajo	\N	\N	\N	\N	\N	758	816	531
903	2022-06-13 10:50:04.577722	2022-06-13 10:50:04.577722	2022-01-04	2021-07-02	Avaveo	\N	\N	\N	\N	\N	91	916	938
358	2022-06-13 10:49:55.240468	2022-06-13 10:49:55.240468	2022-04-14	2022-04-25	Yodoo	\N	\N	\N	\N	\N	14	97	552
385	2022-06-13 10:49:55.717183	2022-06-13 10:49:55.717183	2022-02-17	2021-11-09	Trunyx	\N	\N	\N	\N	\N	818	942	898
558	2022-06-13 10:49:58.705672	2022-06-13 10:49:58.705672	2021-10-07	2021-07-29	Twitterwire	\N	\N	\N	\N	\N	79	853	220
738	2022-06-13 10:50:01.87586	2022-06-13 10:50:01.87586	2021-11-03	2022-05-09	Realcube	\N	\N	\N	\N	\N	424	817	345
739	2022-06-13 10:50:01.875789	2022-06-13 10:50:01.875789	2021-10-05	2022-02-02	Rhybox	\N	\N	\N	\N	\N	890	79	908
750	2022-06-13 10:50:01.908139	2022-06-13 10:50:01.908139	2022-03-02	2021-11-14	Leexo	\N	\N	\N	\N	\N	226	370	939
774	2022-06-13 10:50:02.436963	2022-06-13 10:50:02.436963	2022-04-01	2021-08-11	Jetpulse	\N	\N	\N	\N	\N	300	677	444
790	2022-06-13 10:50:02.482742	2022-06-13 10:50:02.482742	2021-08-24	2021-12-22	Skimia	\N	\N	\N	\N	\N	224	251	929
794	2022-06-13 10:50:02.522893	2022-06-13 10:50:02.522893	2022-03-07	2022-05-30	Skyndu	\N	\N	\N	\N	\N	59	978	794
188	2022-06-13 10:49:52.226778	2022-06-13 10:49:52.226778	2021-12-02	2022-06-01	Skiba	\N	\N	\N	\N	\N	19	134	151
233	2022-06-13 10:49:53.092414	2022-06-13 10:49:53.092414	2021-08-17	2022-01-28	Meejo	\N	\N	\N	\N	\N	176	148	616
314	2022-06-13 10:49:54.358408	2022-06-13 10:49:54.358408	2021-10-15	2021-09-12	Jatri	\N	\N	\N	\N	\N	58	666	339
429	2022-06-13 10:49:56.503197	2022-06-13 10:49:56.503197	2022-02-12	2022-05-17	Realfire	\N	\N	\N	\N	\N	707	182	278
478	2022-06-13 10:49:57.496549	2022-06-13 10:49:57.496549	2021-12-08	2022-02-24	Zava	\N	\N	\N	\N	\N	95	923	710
687	2022-06-13 10:50:01.031996	2022-06-13 10:50:01.031996	2022-01-09	2021-08-31	Roombo	\N	\N	\N	\N	\N	754	28	155
715	2022-06-13 10:50:01.460755	2022-06-13 10:50:01.460755	2022-02-21	2022-05-03	Meeveo	\N	\N	\N	\N	\N	78	438	963
724	2022-06-13 10:50:01.497768	2022-06-13 10:50:01.497768	2022-05-31	2022-03-12	Eadel	\N	\N	\N	\N	\N	215	55	847
827	2022-06-13 10:50:03.248374	2022-06-13 10:50:03.248374	2022-03-24	2022-04-05	BlogXS	\N	\N	\N	\N	\N	159	518	461
962	2022-06-13 10:50:05.51863	2022-06-13 10:50:05.51863	2021-07-09	2021-07-03	Buzzshare	\N	\N	\N	\N	\N	723	532	952
234	2022-06-13 10:49:53.094211	2022-06-13 10:49:53.094211	2021-07-26	2022-05-26	Jabberbean	\N	\N	\N	\N	\N	587	22	162
259	2022-06-13 10:49:53.555674	2022-06-13 10:49:53.555674	2021-06-23	2022-04-29	Feedbug	\N	\N	\N	\N	\N	553	439	383
294	2022-06-13 10:49:54.042557	2022-06-13 10:49:54.042557	2022-03-26	2022-04-02	Teklist	\N	\N	\N	\N	\N	82	353	923
435	2022-06-13 10:49:56.553415	2022-06-13 10:49:56.553415	2022-05-15	2022-01-25	Zoomzone	\N	\N	\N	\N	\N	534	63	885
505	2022-06-13 10:49:57.872472	2022-06-13 10:49:57.872472	2021-10-03	2021-11-11	Eadel	\N	\N	\N	\N	\N	377	35	957
666	2022-06-13 10:50:00.616714	2022-06-13 10:50:00.616714	2022-04-29	2022-02-20	Cogidoo	\N	\N	\N	\N	\N	778	4	462
740	2022-06-13 10:50:01.953556	2022-06-13 10:50:01.953556	2021-08-18	2022-03-05	Brainbox	\N	\N	\N	\N	\N	57	976	243
779	2022-06-13 10:50:02.438038	2022-06-13 10:50:02.438038	2021-12-08	2022-03-01	Blognation	\N	\N	\N	\N	\N	134	873	774
828	2022-06-13 10:50:03.323166	2022-06-13 10:50:03.323166	2021-06-20	2022-02-15	Aibox	\N	\N	\N	\N	\N	56	885	162
841	2022-06-13 10:50:03.349057	2022-06-13 10:50:03.349057	2021-11-30	2021-07-05	Eire	\N	\N	\N	\N	\N	764	24	432
111	2022-06-13 10:49:50.941256	2022-06-13 10:49:50.941256	2021-08-21	2022-05-14	Skyble	\N	\N	\N	\N	\N	722	119	21
122	2022-06-13 10:49:50.990857	2022-06-13 10:49:50.990857	2022-03-07	2021-10-29	Zoombox	\N	\N	\N	\N	\N	608	936	360
126	2022-06-13 10:49:51.040745	2022-06-13 10:49:51.040745	2021-11-03	2022-02-27	Eayo	\N	\N	\N	\N	\N	632	426	991
507	2022-06-13 10:49:57.918995	2022-06-13 10:49:57.918995	2022-02-20	2022-01-26	Agivu	\N	\N	\N	\N	\N	6	787	335
743	2022-06-13 10:50:01.956356	2022-06-13 10:50:01.956356	2021-07-03	2021-08-06	Trudeo	\N	\N	\N	\N	\N	710	201	140
758	2022-06-13 10:50:02.032332	2022-06-13 10:50:02.032332	2022-04-25	2022-05-01	Yata	\N	\N	\N	\N	\N	224	572	829
805	2022-06-13 10:50:02.869808	2022-06-13 10:50:02.869808	2021-09-24	2022-01-21	Zoonder	\N	\N	\N	\N	\N	20	560	183
853	2022-06-13 10:50:03.766189	2022-06-13 10:50:03.766189	2022-04-27	2022-05-19	Youspan	\N	\N	\N	\N	\N	741	779	54
240	2022-06-13 10:49:53.142061	2022-06-13 10:49:53.142061	2022-06-05	2021-12-21	Realcube	\N	\N	\N	\N	\N	445	245	460
482	2022-06-13 10:49:57.498528	2022-06-13 10:49:57.498528	2021-09-17	2021-09-14	LiveZ	\N	\N	\N	\N	\N	240	14	67
534	2022-06-13 10:49:58.366612	2022-06-13 10:49:58.366612	2021-10-19	2022-03-18	Skinder	\N	\N	\N	\N	\N	26	538	206
745	2022-06-13 10:50:01.956707	2022-06-13 10:50:01.956707	2021-11-07	2021-11-02	Zoovu	\N	\N	\N	\N	\N	348	34	254
759	2022-06-13 10:50:02.032339	2022-06-13 10:50:02.032339	2021-09-07	2021-07-08	Wordtune	\N	\N	\N	\N	\N	19	824	274
882	2022-06-13 10:50:04.245478	2022-06-13 10:50:04.245478	2022-02-17	2021-08-19	Skippad	\N	\N	\N	\N	\N	434	338	356
988	2022-06-13 10:50:06.039564	2022-06-13 10:50:06.039564	2021-10-08	2021-07-27	Gigabox	\N	\N	\N	\N	\N	952	745	302
267	2022-06-13 10:49:53.612183	2022-06-13 10:49:53.612183	2021-11-09	2021-08-19	Browsebug	\N	\N	\N	\N	\N	26	13	471
277	2022-06-13 10:49:53.642863	2022-06-13 10:49:53.642863	2022-01-11	2022-04-04	Youfeed	\N	\N	\N	\N	\N	555	685	124
293	2022-06-13 10:49:54.043016	2022-06-13 10:49:54.043016	2022-01-05	2022-05-18	Leenti	\N	\N	\N	\N	\N	64	50	82
436	2022-06-13 10:49:56.658762	2022-06-13 10:49:56.658762	2022-03-04	2022-05-26	Browsedrive	\N	\N	\N	\N	\N	34	42	511
480	2022-06-13 10:49:57.52138	2022-06-13 10:49:57.52138	2021-07-04	2021-10-15	Topdrive	\N	\N	\N	\N	\N	765	846	764
496	2022-06-13 10:49:57.575202	2022-06-13 10:49:57.575202	2022-03-12	2021-12-25	Twinte	\N	\N	\N	\N	\N	722	478	425
593	2022-06-13 10:49:59.338059	2022-06-13 10:49:59.338059	2021-06-30	2021-10-03	Realcube	\N	\N	\N	\N	\N	46	834	474
600	2022-06-13 10:49:59.354825	2022-06-13 10:49:59.354825	2022-05-11	2022-02-06	Wordpedia	\N	\N	\N	\N	\N	176	754	879
604	2022-06-13 10:49:59.377379	2022-06-13 10:49:59.377379	2022-01-11	2021-07-24	Trudoo	\N	\N	\N	\N	\N	671	683	632
719	2022-06-13 10:50:01.548061	2022-06-13 10:50:01.548061	2022-05-19	2021-10-17	Feedfire	\N	\N	\N	\N	\N	253	652	191
783	2022-06-13 10:50:02.500865	2022-06-13 10:50:02.500865	2022-01-10	2022-05-15	Skinix	\N	\N	\N	\N	\N	513	201	98
297	2022-06-13 10:49:54.04326	2022-06-13 10:49:54.04326	2021-10-17	2021-07-05	Wikizz	\N	\N	\N	\N	\N	707	364	141
414	2022-06-13 10:49:56.216157	2022-06-13 10:49:56.216157	2021-08-05	2021-07-18	Jaxbean	\N	\N	\N	\N	\N	161	913	322
540	2022-06-13 10:49:58.403811	2022-06-13 10:49:58.403811	2021-09-28	2021-10-01	Dablist	\N	\N	\N	\N	\N	116	957	601
549	2022-06-13 10:49:58.419111	2022-06-13 10:49:58.419111	2021-12-28	2022-04-03	Jamia	\N	\N	\N	\N	\N	792	256	813
553	2022-06-13 10:49:58.514298	2022-06-13 10:49:58.514298	2022-04-20	2022-03-22	Skalith	\N	\N	\N	\N	\N	293	697	348
592	2022-06-13 10:49:59.373196	2022-06-13 10:49:59.373196	2021-11-18	2022-01-04	Jayo	\N	\N	\N	\N	\N	108	898	801
910	2022-06-13 10:50:04.717928	2022-06-13 10:50:04.717928	2022-04-20	2021-07-29	Realblab	\N	\N	\N	\N	\N	513	598	232
\.


--
-- Data for Name: dealers; Type: TABLE DATA; Schema: public; Owner: postgres
--

COPY public.dealers (id, updated_at, created_at, start_date, end_date, name, tax_no, attribute1, attribute2, attribute3, attribute4, attribute5, created_by, updated_by) FROM stdin;
2	2022-06-13 10:48:45.485867	2022-06-13 10:48:45.485867	2022-01-26	2022-01-14	Caryophyllaceae	hzcltgbvqrmjkuapf	\N	\N	\N	\N	\N	644	465
12	2022-06-13 10:48:45.533494	2022-06-13 10:48:45.533494	2021-07-29	2021-11-04	Liliaceae	zmfjqxiaulnegkry	\N	\N	\N	\N	\N	698	198
16	2022-06-13 10:48:45.586728	2022-06-13 10:48:45.586728	2022-01-06	2022-05-14	Salicaceae	irmltdxyheogqvwanpfj	\N	\N	\N	\N	\N	65	853
249	2022-06-13 10:48:48.973393	2022-06-13 10:48:48.973393	2022-05-16	2021-09-10	Selaginellaceae	thoeixscnmpqryjvb	\N	\N	\N	\N	\N	147	219
332	2022-06-13 10:48:50.393529	2022-06-13 10:48:50.393529	2021-11-13	2022-04-25	Acarosporaceae	qnoskuhgxfyt	\N	\N	\N	\N	\N	105	242
346	2022-06-13 10:48:50.442168	2022-06-13 10:48:50.442168	2021-07-18	2021-06-23	Hypnaceae	trplusbciq	\N	\N	\N	\N	\N	115	784
348	2022-06-13 10:48:50.510661	2022-06-13 10:48:50.510661	2022-01-02	2022-04-07	Aizoaceae	fevnklqtidzguar	\N	\N	\N	\N	\N	146	426
725	2022-06-13 10:48:57.511218	2022-06-13 10:48:57.511218	2022-04-23	2021-06-21	Piperaceae	hmtibnyrzofgsjkadq	\N	\N	\N	\N	\N	291	856
888	2022-06-13 10:49:00.506803	2022-06-13 10:49:00.506803	2022-02-17	2022-01-11	Marantaceae	atpkhbqedzvj	\N	\N	\N	\N	\N	343	969
934	2022-06-13 10:49:01.448522	2022-06-13 10:49:01.448522	2021-09-28	2022-04-02	Funariaceae	uxkvtfropcdsybejizwq	\N	\N	\N	\N	\N	499	23
944	2022-06-13 10:49:01.497874	2022-06-13 10:49:01.497874	2022-03-06	2021-08-30	Menispermaceae	wjvqfupkcdesaty	\N	\N	\N	\N	\N	159	206
7	2022-06-13 10:48:45.53597	2022-06-13 10:48:45.53597	2021-11-10	2021-11-29	Ranunculaceae	wjaxqytmesv	\N	\N	\N	\N	\N	401	162
8	2022-06-13 10:48:45.536354	2022-06-13 10:48:45.536354	2022-04-07	2021-12-20	Brassicaceae	frdpoahgwxnc	\N	\N	\N	\N	\N	82	226
20	2022-06-13 10:48:45.58735	2022-06-13 10:48:45.58735	2021-10-18	2021-12-27	Sapindaceae	estichmuxqkjw	\N	\N	\N	\N	\N	272	4
19	2022-06-13 10:48:45.587949	2022-06-13 10:48:45.587949	2021-06-24	2021-09-01	Fabaceae	pqljvtcmfnbw	\N	\N	\N	\N	\N	24	299
24	2022-06-13 10:48:45.60039	2022-06-13 10:48:45.60039	2021-10-08	2022-05-28	Pteridaceae	echaprsgflzy	\N	\N	\N	\N	\N	982	718
253	2022-06-13 10:48:49.039088	2022-06-13 10:48:49.039088	2022-03-20	2021-08-15	Gesneriaceae	adlyhnqircesom	\N	\N	\N	\N	\N	501	290
128	2022-06-13 10:48:47.009271	2022-06-13 10:48:47.009271	2021-09-28	2021-08-16	Cuscutaceae	ufanjdbxmpsyltgqh	\N	\N	\N	\N	\N	389	795
159	2022-06-13 10:48:47.414061	2022-06-13 10:48:47.414061	2021-07-31	2022-03-09	Saururaceae	kgtuedlzsbvm	\N	\N	\N	\N	\N	951	578
520	2022-06-13 10:48:53.794193	2022-06-13 10:48:53.794193	2022-01-29	2021-08-28	Aulacomniaceae	ozuafmgctkesbqdy	\N	\N	\N	\N	\N	761	111
534	2022-06-13 10:48:53.822026	2022-06-13 10:48:53.822026	2021-10-26	2022-03-21	Rhizocarpaceae	wvxnqfiozlmurk	\N	\N	\N	\N	\N	985	302
792	2022-06-13 10:48:58.613475	2022-06-13 10:48:58.613475	2022-04-28	2022-01-06	Basellaceae	dicsyvohbl	\N	\N	\N	\N	\N	254	247
935	2022-06-13 10:49:01.564845	2022-06-13 10:49:01.564845	2021-11-13	2021-07-19	Myrsinaceae	wvngpjeutxriqa	\N	\N	\N	\N	\N	561	147
952	2022-06-13 10:49:01.606877	2022-06-13 10:49:01.606877	2021-08-04	2021-10-02	Empetraceae	obginhlwzrtacdvq	\N	\N	\N	\N	\N	273	657
6	2022-06-13 10:48:45.585623	2022-06-13 10:48:45.585623	2021-12-16	2021-09-17	Asteraceae	blcnwteuajifqhozmps	\N	\N	\N	\N	\N	688	441
26	2022-06-13 10:48:45.60256	2022-06-13 10:48:45.60256	2021-10-10	2022-04-27	Verbenaceae	aqpmhrgbzewn	\N	\N	\N	\N	\N	819	774
250	2022-06-13 10:48:49.040573	2022-06-13 10:48:49.040573	2022-05-31	2021-11-14	Iridaceae	ngtrlxbcvdphwaykiqo	\N	\N	\N	\N	\N	613	306
161	2022-06-13 10:48:47.435653	2022-06-13 10:48:47.435653	2021-10-14	2022-03-03	Crassulaceae	djuortxahczmesvyg	\N	\N	\N	\N	\N	455	97
551	2022-06-13 10:48:54.290905	2022-06-13 10:48:54.290905	2022-04-20	2021-11-02	Casuarinaceae	zhsirxlvumcybg	\N	\N	\N	\N	\N	141	977
652	2022-06-13 10:48:56.168245	2022-06-13 10:48:56.168245	2022-02-15	2022-03-20	Theophrastaceae	xyigotjfnlb	\N	\N	\N	\N	\N	153	786
758	2022-06-13 10:48:58.051229	2022-06-13 10:48:58.051229	2021-07-16	2021-10-18	Dennstaedtiaceae	quflcdhzoiw	\N	\N	\N	\N	\N	32	490
9	2022-06-13 10:48:45.596822	2022-06-13 10:48:45.596822	2021-07-28	2022-02-06	Physciaceae	kdbusyhcirz	\N	\N	\N	\N	\N	647	475
62	2022-06-13 10:48:46.147365	2022-06-13 10:48:46.147365	2022-01-16	2021-08-02	Rubiaceae	ovhnwmaxlsg	\N	\N	\N	\N	\N	833	865
77	2022-06-13 10:48:46.20122	2022-06-13 10:48:46.20122	2022-05-18	2022-01-06	Parmeliaceae	cksvfrazoqldy	\N	\N	\N	\N	\N	734	527
81	2022-06-13 10:48:46.265652	2022-06-13 10:48:46.265652	2021-08-07	2022-04-07	Saxifragaceae	gbizawqxdt	\N	\N	\N	\N	\N	212	82
107	2022-06-13 10:48:46.653204	2022-06-13 10:48:46.653204	2022-02-27	2022-02-10	Betulaceae	sferhtcdkmoqlavxy	\N	\N	\N	\N	\N	554	387
118	2022-06-13 10:48:46.660342	2022-06-13 10:48:46.660342	2022-01-03	2022-04-29	Euphorbiaceae	rvpbdtisezfjkqwmho	\N	\N	\N	\N	\N	409	551
120	2022-06-13 10:48:46.745504	2022-06-13 10:48:46.745504	2021-08-25	2022-03-26	Grossulariaceae	mbqxvjksnfdyg	\N	\N	\N	\N	\N	565	831
256	2022-06-13 10:48:49.12049	2022-06-13 10:48:49.12049	2022-04-26	2021-06-26	Lycopodiaceae	ifcldqwuonet	\N	\N	\N	\N	\N	250	859
442	2022-06-13 10:48:52.259068	2022-06-13 10:48:52.259068	2021-10-13	2021-08-01	Isoetaceae	muktbgfzahojiqvlpyrx	\N	\N	\N	\N	\N	659	701
759	2022-06-13 10:48:58.052164	2022-06-13 10:48:58.052164	2021-10-11	2021-07-23	Lobariaceae	picxherztgkn	\N	\N	\N	\N	\N	873	591
10	2022-06-13 10:48:45.602085	2022-06-13 10:48:45.602085	2022-01-07	2022-05-07	Cyperaceae	qzvnpbsjkyolig	\N	\N	\N	\N	\N	875	69
55	2022-06-13 10:48:46.147626	2022-06-13 10:48:46.147626	2022-06-01	2021-07-10	Cactaceae	rgvbltyknspa	\N	\N	\N	\N	\N	975	327
78	2022-06-13 10:48:46.201191	2022-06-13 10:48:46.201191	2022-01-05	2021-09-13	Brachytheciaceae	kftwbjnspg	\N	\N	\N	\N	\N	615	688
80	2022-06-13 10:48:46.265503	2022-06-13 10:48:46.265503	2021-10-29	2022-04-15	Heliconiaceae	jazrexdslbw	\N	\N	\N	\N	\N	258	700
83	2022-06-13 10:48:46.306061	2022-06-13 10:48:46.306061	2021-10-17	2021-06-14	Hymenophyllaceae	tazkjelyhmuwivgqnoxb	\N	\N	\N	\N	\N	525	326
91	2022-06-13 10:48:46.323713	2022-06-13 10:48:46.323713	2021-09-08	2021-08-30	Gnetaceae	sbfjwezmnqkyagiptho	\N	\N	\N	\N	\N	110	303
133	2022-06-13 10:48:47.060307	2022-06-13 10:48:47.060307	2021-08-10	2021-12-27	Graphidaceae	twkiermvcgdfsxqjnop	\N	\N	\N	\N	\N	474	413
280	2022-06-13 10:48:49.508328	2022-06-13 10:48:49.508328	2022-05-03	2021-07-20	Asclepiadaceae	ziblxaykptecoqwsfvng	\N	\N	\N	\N	\N	936	759
293	2022-06-13 10:48:49.545064	2022-06-13 10:48:49.545064	2021-07-05	2021-09-04	Coniocybaceae	cajpifldvysq	\N	\N	\N	\N	\N	198	443
314	2022-06-13 10:48:49.997952	2022-06-13 10:48:49.997952	2021-08-18	2021-09-15	Grimmiaceae	fcdymzbqnsxwtguih	\N	\N	\N	\N	\N	561	360
553	2022-06-13 10:48:54.315339	2022-06-13 10:48:54.315339	2022-05-18	2021-06-18	Umbilicariaceae	fkoelwticxazrm	\N	\N	\N	\N	\N	907	289
608	2022-06-13 10:48:55.286434	2022-06-13 10:48:55.286434	2022-02-10	2021-07-01	Catillariaceae	fwhvlkqzpydertas	\N	\N	\N	\N	\N	186	810
990	2022-06-13 10:49:02.563514	2022-06-13 10:49:02.563514	2021-12-21	2022-02-15	Myricaceae	ztckfhsqxro	\N	\N	\N	\N	\N	52	100
134	2022-06-13 10:48:47.12737	2022-06-13 10:48:47.12737	2022-03-09	2021-08-02	Linaceae	gzxwjltmhyirdquec	\N	\N	\N	\N	\N	959	660
632	2022-06-13 10:48:55.741406	2022-06-13 10:48:55.741406	2022-02-18	2022-04-25	Collemataceae	vlwcnxbrimupejqdzh	\N	\N	\N	\N	\N	236	350
731	2022-06-13 10:48:57.688978	2022-06-13 10:48:57.688978	2022-03-28	2021-12-26	Cornaceae	tzflqucjsibvhanypok	\N	\N	\N	\N	\N	973	595
890	2022-06-13 10:49:00.579594	2022-06-13 10:49:00.579594	2021-09-01	2022-05-30	Vitaceae	cktqsduxbma	\N	\N	\N	\N	\N	9	62
967	2022-06-13 10:49:02.191655	2022-06-13 10:49:02.191655	2021-12-31	2022-05-24	Hippocastanaceae	egztwlpuihfjcmxry	\N	\N	\N	\N	\N	682	647
982	2022-06-13 10:49:02.233119	2022-06-13 10:49:02.233119	2021-08-23	2021-10-03	Bartramiaceae	ikhdpnucvwratmoxq	\N	\N	\N	\N	\N	991	116
72	2022-06-13 10:48:46.265239	2022-06-13 10:48:46.265239	2021-08-13	2021-11-26	Myrtaceae	lapfnqujoixcd	\N	\N	\N	\N	\N	326	124
140	2022-06-13 10:48:47.133708	2022-06-13 10:48:47.133708	2021-11-01	2021-06-23	Bacidiaceae	hseuvidbwkglztaxrf	\N	\N	\N	\N	\N	174	577
163	2022-06-13 10:48:47.508499	2022-06-13 10:48:47.508499	2022-04-03	2021-09-29	Hamamelidaceae	xtugyjwfdmnh	\N	\N	\N	\N	\N	303	277
176	2022-06-13 10:48:47.526934	2022-06-13 10:48:47.526934	2021-09-16	2022-04-04	Araceae	sbnoagqzdx	\N	\N	\N	\N	\N	604	285
500	2022-06-13 10:48:53.318152	2022-06-13 10:48:53.318152	2022-05-23	2021-07-02	Melastomataceae	xreultaonsipfb	\N	\N	\N	\N	\N	930	60
556	2022-06-13 10:48:54.371961	2022-06-13 10:48:54.371961	2022-01-08	2021-07-06	Ulvaceae	usvqnptdoye	\N	\N	\N	\N	\N	625	225
581	2022-06-13 10:48:54.870129	2022-06-13 10:48:54.870129	2022-04-10	2021-09-15	Arctomiaceae	qdzxbrhotfncsmp	\N	\N	\N	\N	\N	637	297
735	2022-06-13 10:48:57.689149	2022-06-13 10:48:57.689149	2022-05-16	2021-09-30	Bombacaceae	roicufqjmtbanvhlpges	\N	\N	\N	\N	\N	739	552
744	2022-06-13 10:48:57.713345	2022-06-13 10:48:57.713345	2022-01-26	2022-04-27	Gunneraceae	kroqdaegsitjfb	\N	\N	\N	\N	\N	363	841
818	2022-06-13 10:48:59.143628	2022-06-13 10:48:59.143628	2022-03-10	2021-07-09	Fuscideaceae	bguhpqknfwte	\N	\N	\N	\N	\N	666	428
892	2022-06-13 10:49:00.599699	2022-06-13 10:49:00.599699	2021-07-14	2021-10-11	Podocarpaceae	qbjkwmoheusvz	\N	\N	\N	\N	\N	215	995
916	2022-06-13 10:49:01.156301	2022-06-13 10:49:01.156301	2022-02-08	2021-10-14	Coccotremataceae	gvwthnkoei	\N	\N	\N	\N	\N	89	594
27	2022-06-13 10:48:45.75947	2022-06-13 10:48:45.75947	2021-10-07	2021-09-28	Polygonaceae	yjkzofugptwqbnvd	\N	\N	\N	\N	\N	562	737
68	2022-06-13 10:48:46.26534	2022-06-13 10:48:46.26534	2021-09-03	2021-10-17	Sphagnaceae	cuswmtgbedz	\N	\N	\N	\N	\N	997	11
85	2022-06-13 10:48:46.306166	2022-06-13 10:48:46.306166	2021-11-14	2021-07-06	Boraginaceae	siqohdagprfcwe	\N	\N	\N	\N	\N	864	385
141	2022-06-13 10:48:47.134062	2022-06-13 10:48:47.134062	2021-10-09	2022-05-11	Ulmaceae	kwfxchoadys	\N	\N	\N	\N	\N	979	802
284	2022-06-13 10:48:49.558856	2022-06-13 10:48:49.558856	2021-07-27	2021-06-30	Onagraceae	fdzhpsmrkl	\N	\N	\N	\N	\N	778	928
398	2022-06-13 10:48:51.458994	2022-06-13 10:48:51.458994	2022-02-11	2022-03-27	Scouleriaceae	jndlutxeygrzipcoh	\N	\N	\N	\N	\N	550	770
503	2022-06-13 10:48:53.404706	2022-06-13 10:48:53.404706	2022-01-29	2022-05-23	Uncertain Ascomycota Family	kxzegapcmtyuvf	\N	\N	\N	\N	\N	621	498
555	2022-06-13 10:48:54.405502	2022-06-13 10:48:54.405502	2022-03-24	2021-11-09	Moraceae	slvnrmfhixkjpuedgq	\N	\N	\N	\N	\N	310	281
707	2022-06-13 10:48:57.19516	2022-06-13 10:48:57.19516	2021-10-16	2021-06-14	Caricaceae	pygrjnmhdix	\N	\N	\N	\N	\N	658	344
765	2022-06-13 10:48:58.175401	2022-06-13 10:48:58.175401	2021-08-06	2022-02-09	Oxalidaceae	uwqxboagjmlsh	\N	\N	\N	\N	\N	178	514
776	2022-06-13 10:48:58.206458	2022-06-13 10:48:58.206458	2022-01-31	2021-08-08	Proteaceae	pwodbuezrcij	\N	\N	\N	\N	\N	544	640
778	2022-06-13 10:48:58.211377	2022-06-13 10:48:58.211377	2022-05-20	2021-11-02	Acanthaceae	cthspeufljxdibwqor	\N	\N	\N	\N	\N	935	546
937	2022-06-13 10:49:01.566692	2022-06-13 10:49:01.566692	2022-05-31	2022-03-29	Turneraceae	djhvsuoczyqfximgrt	\N	\N	\N	\N	\N	625	784
318	2022-06-13 10:48:50.093863	2022-06-13 10:48:50.093863	2021-06-16	2021-09-10	Juncaceae	sxfqvywbcihguke	\N	\N	\N	\N	\N	142	867
195	2022-06-13 10:48:48.027794	2022-06-13 10:48:48.027794	2021-08-09	2021-10-16	Celastraceae	xcdhzvtmgiquopnwak	\N	\N	\N	\N	\N	435	619
343	2022-06-13 10:48:50.583322	2022-06-13 10:48:50.583322	2021-06-26	2022-05-23	Epacridaceae	gsnzarvdmjhoufyxkw	\N	\N	\N	\N	\N	835	366
764	2022-06-13 10:48:58.204402	2022-06-13 10:48:58.204402	2021-11-19	2022-03-01	Splachnaceae	fdipltyrnxmk	\N	\N	\N	\N	\N	776	98
22	2022-06-13 10:48:45.763739	2022-06-13 10:48:45.763739	2021-07-28	2022-02-02	Fagaceae	eldzioxmwtpsjhukcy	\N	\N	\N	\N	\N	519	658
43	2022-06-13 10:48:45.88795	2022-06-13 10:48:45.88795	2021-12-18	2021-11-10	Teloschistaceae	pkxwlqvnfrcj	\N	\N	\N	\N	\N	630	275
47	2022-06-13 10:48:45.916152	2022-06-13 10:48:45.916152	2022-05-16	2022-01-21	Lamiaceae	rhewxufzjk	\N	\N	\N	\N	\N	66	610
48	2022-06-13 10:48:45.934884	2022-06-13 10:48:45.934884	2022-03-10	2021-12-21	Eriocaulaceae	viabwdmxcejorlhtuf	\N	\N	\N	\N	\N	463	616
57	2022-06-13 10:48:45.98275	2022-06-13 10:48:45.98275	2022-06-04	2021-09-14	Poaceae	pjmcrxahst	\N	\N	\N	\N	\N	324	204
64	2022-06-13 10:48:46.020355	2022-06-13 10:48:46.020355	2021-08-02	2021-10-03	Apiaceae	atrxbsuzyjievgwmlpn	\N	\N	\N	\N	\N	191	450
424	2022-06-13 10:48:52.032438	2022-06-13 10:48:52.032438	2021-08-28	2021-09-30	Pedaliaceae	gjkytvpqeunaidz	\N	\N	\N	\N	\N	335	534
531	2022-06-13 10:48:53.945902	2022-06-13 10:48:53.945902	2021-06-14	2021-10-10	Porpidiaceae	lfxeypwbkj	\N	\N	\N	\N	\N	438	199
634	2022-06-13 10:48:55.808398	2022-06-13 10:48:55.808398	2022-03-07	2021-08-10	Potamogetonaceae	zytncjgudhvex	\N	\N	\N	\N	\N	711	306
843	2022-06-13 10:48:59.697116	2022-06-13 10:48:59.697116	2021-11-21	2022-01-02	Burseraceae	rmutgohxbkelsqcpnvw	\N	\N	\N	\N	\N	836	112
859	2022-06-13 10:48:59.74022	2022-06-13 10:48:59.74022	2021-11-16	2022-03-12	Trapeliaceae	sndxtuvlyrhgbmija	\N	\N	\N	\N	\N	596	94
34	2022-06-13 10:48:45.810618	2022-06-13 10:48:45.810618	2022-05-26	2022-02-25	Smilacaceae	ilkqfepmgrutyadbjsw	\N	\N	\N	\N	\N	931	900
44	2022-06-13 10:48:45.888093	2022-06-13 10:48:45.888093	2021-07-02	2022-03-24	Hymeneliaceae	fsoebdkhlvjmyucrpngw	\N	\N	\N	\N	\N	533	43
50	2022-06-13 10:48:45.93517	2022-06-13 10:48:45.93517	2022-04-14	2021-11-09	Loasaceae	gbqfwijopy	\N	\N	\N	\N	\N	289	172
58	2022-06-13 10:48:45.983057	2022-06-13 10:48:45.983057	2021-12-06	2022-04-03	Campanulaceae	vabsqlyhunftc	\N	\N	\N	\N	\N	534	649
75	2022-06-13 10:48:46.307296	2022-06-13 10:48:46.307296	2021-06-20	2021-10-23	Goodeniaceae	gunbiwcqxzkrhvlma	\N	\N	\N	\N	\N	185	208
261	2022-06-13 10:48:49.168844	2022-06-13 10:48:49.168844	2022-05-28	2021-10-12	Violaceae	mxwpkcujeyvgoair	\N	\N	\N	\N	\N	578	70
373	2022-06-13 10:48:51.077433	2022-06-13 10:48:51.077433	2021-07-06	2022-01-12	Theaceae	ejwtvxsbczai	\N	\N	\N	\N	\N	251	302
387	2022-06-13 10:48:51.125805	2022-06-13 10:48:51.125805	2021-12-22	2022-03-26	Bryaceae	byjztmlohsrfdvn	\N	\N	\N	\N	\N	754	359
452	2022-06-13 10:48:52.403053	2022-06-13 10:48:52.403053	2022-02-15	2021-07-09	Simaroubaceae	exqtimgzjvof	\N	\N	\N	\N	\N	728	756
479	2022-06-13 10:48:52.971222	2022-06-13 10:48:52.971222	2021-06-28	2021-06-29	Bromeliaceae	gybfumwodkvapqieln	\N	\N	\N	\N	\N	512	238
587	2022-06-13 10:48:54.942514	2022-06-13 10:48:54.942514	2021-10-06	2021-12-29	Baeomycetaceae	fchnyidoburxqmkglz	\N	\N	\N	\N	\N	696	308
614	2022-06-13 10:48:55.385773	2022-06-13 10:48:55.385773	2021-10-04	2022-03-04	Krameriaceae	tmxskhovcnuqyifljepr	\N	\N	\N	\N	\N	408	541
712	2022-06-13 10:48:57.278123	2022-06-13 10:48:57.278123	2022-03-30	2022-01-04	Sarraceniaceae	exjotskpqmnz	\N	\N	\N	\N	\N	30	849
38	2022-06-13 10:48:45.888489	2022-06-13 10:48:45.888489	2022-04-03	2022-04-05	Polygalaceae	wmpyhgfajierdzvxtsu	\N	\N	\N	\N	\N	656	556
51	2022-06-13 10:48:45.935387	2022-06-13 10:48:45.935387	2022-05-16	2021-11-28	Fabroniaceae	pkhsnxlrwzuvdbqog	\N	\N	\N	\N	\N	40	916
59	2022-06-13 10:48:45.983376	2022-06-13 10:48:45.983376	2022-04-20	2021-12-07	Rhamnaceae	cupbszqfeimw	\N	\N	\N	\N	\N	333	596
741	2022-06-13 10:48:57.804839	2022-06-13 10:48:57.804839	2022-04-10	2022-03-27	Valerianaceae	hernjtmkdpg	\N	\N	\N	\N	\N	847	929
754	2022-06-13 10:48:57.828933	2022-06-13 10:48:57.828933	2022-06-10	2021-09-26	Racopilaceae	hcjqrztwyuigxedps	\N	\N	\N	\N	\N	939	657
822	2022-06-13 10:48:59.260469	2022-06-13 10:48:59.260469	2021-09-20	2021-11-16	Ephedraceae	gijamykvwsxfzedqr	\N	\N	\N	\N	\N	13	313
208	2022-06-13 10:48:48.341805	2022-06-13 10:48:48.341805	2022-04-04	2021-10-08	Cucurbitaceae	nxlemyfaqhiukdjbro	\N	\N	\N	\N	\N	738	234
116	2022-06-13 10:48:46.830082	2022-06-13 10:48:46.830082	2021-09-11	2021-07-21	Caprifoliaceae	rtzvcyiwjkpxsebqmuao	\N	\N	\N	\N	\N	5	52
177	2022-06-13 10:48:47.682447	2022-06-13 10:48:47.682447	2021-11-01	2021-10-27	Urticaceae	expcmbuvyirtk	\N	\N	\N	\N	\N	385	646
321	2022-06-13 10:48:50.176432	2022-06-13 10:48:50.176432	2021-06-22	2021-07-05	Cladoniaceae	xcduqkoytgnpe	\N	\N	\N	\N	\N	913	102
347	2022-06-13 10:48:50.683755	2022-06-13 10:48:50.683755	2022-02-03	2021-12-22	Haloragaceae	arlwfidjextuvyo	\N	\N	\N	\N	\N	280	529
430	2022-06-13 10:48:52.03339	2022-06-13 10:48:52.03339	2022-01-08	2022-06-11	Polytrichaceae	jytmluqcfrgwpsdvn	\N	\N	\N	\N	\N	181	573
690	2022-06-13 10:48:56.894217	2022-06-13 10:48:56.894217	2022-03-07	2021-06-22	Polypodiaceae	czrvthesdnyuimfpwob	\N	\N	\N	\N	\N	651	186
774	2022-06-13 10:48:58.359742	2022-06-13 10:48:58.359742	2021-09-11	2022-05-14	Pyrenulaceae	acrpqmtksbunhzfivl	\N	\N	\N	\N	\N	796	884
36	2022-06-13 10:48:45.890776	2022-06-13 10:48:45.890776	2022-04-10	2022-04-28	Lecanoraceae	ulwdkrnaxeciyzbhg	\N	\N	\N	\N	\N	52	132
79	2022-06-13 10:48:46.345934	2022-06-13 10:48:46.345934	2021-12-16	2021-10-02	Pterobryaceae	zelnpvudkqmjhcfxias	\N	\N	\N	\N	\N	508	104
98	2022-06-13 10:48:46.387292	2022-06-13 10:48:46.387292	2022-03-07	2021-06-20	Apocynaceae	rbqgkzduaxomlps	\N	\N	\N	\N	\N	95	872
100	2022-06-13 10:48:46.485882	2022-06-13 10:48:46.485882	2021-12-09	2022-05-25	Arthoniaceae	harsgoidqemtxcwpnjbu	\N	\N	\N	\N	\N	293	75
976	2022-06-13 10:49:02.276364	2022-06-13 10:49:02.276364	2021-09-19	2021-08-06	Sapotaceae	yvoiemjktsxralzqubc	\N	\N	\N	\N	\N	106	302
35	2022-06-13 10:48:45.916258	2022-06-13 10:48:45.916258	2021-06-20	2021-11-12	Verrucariaceae	spkregdwajoxfyczilv	\N	\N	\N	\N	\N	475	428
82	2022-06-13 10:48:46.387579	2022-06-13 10:48:46.387579	2021-07-22	2021-08-14	Ericaceae	vqylfodrbmtensxzj	\N	\N	\N	\N	\N	90	674
240	2022-06-13 10:48:48.850407	2022-06-13 10:48:48.850407	2021-10-01	2021-09-09	Polemoniaceae	izwfauvsxecrmodkthgp	\N	\N	\N	\N	\N	849	109
378	2022-06-13 10:48:51.167217	2022-06-13 10:48:51.167217	2021-09-01	2022-03-25	Lecideaceae	fcalvnpomx	\N	\N	\N	\N	\N	263	689
392	2022-06-13 10:48:51.251215	2022-06-13 10:48:51.251215	2022-03-25	2021-06-17	Pinaceae	tcmigkbjdypvx	\N	\N	\N	\N	\N	530	486
460	2022-06-13 10:48:52.519586	2022-06-13 10:48:52.519586	2022-05-16	2021-11-15	Alismataceae	qdtynfzhbpju	\N	\N	\N	\N	\N	511	455
590	2022-06-13 10:48:54.997044	2022-06-13 10:48:54.997044	2021-12-30	2021-12-29	Orobanchaceae	nqlwumgbsoxkyrhtepd	\N	\N	\N	\N	\N	608	692
691	2022-06-13 10:48:56.927956	2022-06-13 10:48:56.927956	2022-03-16	2021-12-03	Lauraceae	axpkbvelmyzcnrg	\N	\N	\N	\N	\N	475	361
710	2022-06-13 10:48:57.365755	2022-06-13 10:48:57.365755	2021-07-18	2021-07-21	Fissidentaceae	kzimfvorlxyqagbwphse	\N	\N	\N	\N	\N	414	180
4	2022-06-13 10:48:45.486204	2022-06-13 10:48:45.486204	2021-10-06	2022-04-20	Viscaceae	zonvjdyhlcxwg	\N	\N	\N	\N	\N	329	373
14	2022-06-13 10:48:45.533836	2022-06-13 10:48:45.533836	2022-06-03	2021-10-28	Orchidaceae	agzbifovmk	\N	\N	\N	\N	\N	940	369
18	2022-06-13 10:48:45.58701	2022-06-13 10:48:45.58701	2022-02-20	2022-01-13	Arecaceae	prceunkwjbvzxdgolsh	\N	\N	\N	\N	\N	70	489
23	2022-06-13 10:48:45.600362	2022-06-13 10:48:45.600362	2021-12-11	2022-05-03	Malvaceae	amkhtgzjldyebnpcxs	\N	\N	\N	\N	\N	960	408
211	2022-06-13 10:48:48.39953	2022-06-13 10:48:48.39953	2021-07-07	2022-02-10	Mniaceae	olvtniphsjembfwdgrzy	\N	\N	\N	\N	\N	779	629
223	2022-06-13 10:48:48.455987	2022-06-13 10:48:48.455987	2022-03-10	2022-01-26	Tiliaceae	fgcmbjwuqo	\N	\N	\N	\N	\N	995	518
119	2022-06-13 10:48:46.852972	2022-06-13 10:48:46.852972	2021-09-08	2021-07-03	Dryopteridaceae	ungcbhvetdmo	\N	\N	\N	\N	\N	866	297
484	2022-06-13 10:48:53.023106	2022-06-13 10:48:53.023106	2022-03-02	2022-03-19	Capparaceae	ikjbxqrosndwvem	\N	\N	\N	\N	\N	590	932
40	2022-06-13 10:48:45.937859	2022-06-13 10:48:45.937859	2022-06-05	2021-09-14	Rutaceae	pxztfqmvhlrycjbiw	\N	\N	\N	\N	\N	223	90
56	2022-06-13 10:48:45.963702	2022-06-13 10:48:45.963702	2021-12-29	2022-05-10	Cistaceae	cfomkhsdrwpt	\N	\N	\N	\N	\N	541	343
89	2022-06-13 10:48:46.502504	2022-06-13 10:48:46.502504	2021-08-02	2021-12-21	Rosaceae	wlubikymocseqjapxdf	\N	\N	\N	\N	\N	798	2
123	2022-06-13 10:48:46.950216	2022-06-13 10:48:46.950216	2021-06-27	2022-03-16	Solanaceae	fmpswybhcratgjeiondu	\N	\N	\N	\N	\N	372	26
300	2022-06-13 10:48:49.797958	2022-06-13 10:48:49.797958	2021-09-30	2021-08-23	Agavaceae	gndphkvzlaxbj	\N	\N	\N	\N	\N	764	685
591	2022-06-13 10:48:55.060076	2022-06-13 10:48:55.060076	2022-02-28	2021-10-10	Sterculiaceae	tlvgenophdxzk	\N	\N	\N	\N	\N	102	279
748	2022-06-13 10:48:57.950626	2022-06-13 10:48:57.950626	2022-03-22	2022-02-28	Orthotrichaceae	fnlehxbjgrdmsiuk	\N	\N	\N	\N	\N	689	649
215	2022-06-13 10:48:48.435317	2022-06-13 10:48:48.435317	2022-01-04	2022-05-10	Araucariaceae	ymbwziodhqptre	\N	\N	\N	\N	\N	700	188
224	2022-06-13 10:48:48.456129	2022-06-13 10:48:48.456129	2022-02-13	2021-10-23	Cupressaceae	axgopsutvmjzyecbdqi	\N	\N	\N	\N	\N	208	407
226	2022-06-13 10:48:48.481697	2022-06-13 10:48:48.481697	2022-04-28	2021-10-02	Pottiaceae	urvnxefwzd	\N	\N	\N	\N	\N	307	990
121	2022-06-13 10:48:46.950834	2022-06-13 10:48:46.950834	2021-10-16	2021-09-04	Stereocaulaceae	ytmuxabshrodzievlpj	\N	\N	\N	\N	\N	691	502
230	2022-06-13 10:48:48.497619	2022-06-13 10:48:48.497619	2022-05-23	2022-03-27	Primulaceae	yqroiljdmuba	\N	\N	\N	\N	\N	114	934
233	2022-06-13 10:48:48.514325	2022-06-13 10:48:48.514325	2021-12-03	2021-12-13	Gentianaceae	marihcfzypvowbquekdl	\N	\N	\N	\N	\N	706	760
301	2022-06-13 10:48:49.798213	2022-06-13 10:48:49.798213	2021-11-15	2022-03-29	Nyctaginaceae	xzmcbulrnjshiqapdfkg	\N	\N	\N	\N	\N	98	78
432	2022-06-13 10:48:52.094895	2022-06-13 10:48:52.094895	2021-08-08	2021-06-21	Anacardiaceae	rdyjluzmigwfnovae	\N	\N	\N	\N	\N	720	154
513	2022-06-13 10:48:53.66611	2022-06-13 10:48:53.66611	2022-02-28	2021-06-18	Dicranaceae	kptvauqoibxwsmnfyj	\N	\N	\N	\N	\N	122	995
721	2022-06-13 10:48:57.439153	2022-06-13 10:48:57.439153	2021-12-04	2022-03-09	Callitrichaceae	hoqmxieyfkpuzrgbv	\N	\N	\N	\N	\N	964	102
807	2022-06-13 10:48:58.942022	2022-06-13 10:48:58.942022	2022-04-28	2021-06-13	Thymelaeaceae	ykacwgbzlxfn	\N	\N	\N	\N	\N	941	251
45	2022-06-13 10:48:45.998477	2022-06-13 10:48:45.998477	2022-02-26	2021-11-09	Thuidiaceae	jcxrzvtladkhybs	\N	\N	\N	\N	\N	249	956
213	2022-06-13 10:48:48.435443	2022-06-13 10:48:48.435443	2022-02-16	2022-05-01	Cannabaceae	dtzliefhvouw	\N	\N	\N	\N	\N	847	405
95	2022-06-13 10:48:46.567771	2022-06-13 10:48:46.567771	2021-11-22	2022-05-02	Amblystegiaceae	hlwyvmpxsudrb	\N	\N	\N	\N	\N	526	211
108	2022-06-13 10:48:46.574589	2022-06-13 10:48:46.574589	2022-05-10	2022-05-02	Chenopodiaceae	tjrvdoimyqlhnzwc	\N	\N	\N	\N	\N	313	435
122	2022-06-13 10:48:46.951211	2022-06-13 10:48:46.951211	2021-08-06	2021-12-31	Portulacaceae	awzymndpjgfxchoiutl	\N	\N	\N	\N	\N	871	39
298	2022-06-13 10:48:49.802068	2022-06-13 10:48:49.802068	2021-07-10	2021-09-19	Aspleniaceae	ajolcgktrhifndvybmex	\N	\N	\N	\N	\N	442	224
542	2022-06-13 10:48:54.136047	2022-06-13 10:48:54.136047	2022-03-22	2021-12-02	Juglandaceae	bahmuxkwrfpts	\N	\N	\N	\N	\N	938	717
671	2022-06-13 10:48:56.517745	2022-06-13 10:48:56.517745	2022-01-01	2022-02-09	Annonaceae	sohkunqdzjaprcygvbx	\N	\N	\N	\N	\N	900	901
808	2022-06-13 10:48:58.943923	2022-06-13 10:48:58.943923	2021-12-30	2021-08-03	Brigantiaceae	zkwyxnhsumgqpbotv	\N	\N	\N	\N	\N	752	812
46	2022-06-13 10:48:46.066609	2022-06-13 10:48:46.066609	2021-09-23	2021-08-30	Papaveraceae	wyemzvhfdk	\N	\N	\N	\N	\N	540	816
125	2022-06-13 10:48:46.971324	2022-06-13 10:48:46.971324	2022-05-22	2021-10-18	Aceraceae	wpiqghtrbe	\N	\N	\N	\N	\N	499	894
434	2022-06-13 10:48:52.141068	2022-06-13 10:48:52.141068	2021-07-25	2022-01-14	Bignoniaceae	jxcqnspefwvatdho	\N	\N	\N	\N	\N	841	994
445	2022-06-13 10:48:52.163203	2022-06-13 10:48:52.163203	2022-02-25	2021-08-26	Amaranthaceae	snqtklrcbgohm	\N	\N	\N	\N	\N	404	389
517	2022-06-13 10:48:53.711718	2022-06-13 10:48:53.711718	2021-11-23	2022-05-25	Malpighiaceae	dvjwlpsaiz	\N	\N	\N	\N	\N	232	703
722	2022-06-13 10:48:57.470937	2022-06-13 10:48:57.470937	2022-04-04	2021-09-01	Lecythidaceae	gqymbzcljaodt	\N	\N	\N	\N	\N	643	86
157	2022-06-13 10:48:47.412871	2022-06-13 10:48:47.412871	2021-08-06	2021-12-28	Cyatheaceae	sainkzcfehoptdl	\N	\N	\N	\N	\N	601	463
302	2022-06-13 10:48:49.856788	2022-06-13 10:48:49.856788	2022-01-10	2022-03-25	Oleaceae	kwfozpjmdabscqe	\N	\N	\N	\N	\N	194	570
672	2022-06-13 10:48:56.563909	2022-06-13 10:48:56.563909	2021-07-31	2021-08-16	Magnoliaceae	lcsinkjgwabodhztqmr	\N	\N	\N	\N	\N	177	452
723	2022-06-13 10:48:57.472157	2022-06-13 10:48:57.472157	2021-09-01	2021-12-25	Paeoniaceae	njskyugxwidzrqhe	\N	\N	\N	\N	\N	71	635
3	2022-06-13 10:48:45.486062	2022-06-13 10:48:45.486062	2021-11-14	2022-03-18	Meliaceae	bkzlhxdejfrgicawn	\N	\N	\N	\N	\N	676	350
13	2022-06-13 10:48:45.533692	2022-06-13 10:48:45.533692	2022-06-04	2021-11-25	Scrophulariaceae	wrizlvusegdb	\N	\N	\N	\N	\N	320	468
276	2022-06-13 10:48:49.425737	2022-06-13 10:48:49.425737	2021-11-28	2022-04-12	Geraniaceae	ecsfmpzuknb	\N	\N	\N	\N	\N	218	695
287	2022-06-13 10:48:49.443839	2022-06-13 10:48:49.443839	2021-12-14	2021-06-21	Myristicaceae	igncmaeoyxf	\N	\N	\N	\N	\N	240	653
362	2022-06-13 10:48:50.835382	2022-06-13 10:48:50.835382	2021-09-01	2021-12-22	Zingiberaceae	pxiqbgzmsoyvdtacf	\N	\N	\N	\N	\N	199	661
372	2022-06-13 10:48:50.897194	2022-06-13 10:48:50.897194	2021-06-29	2022-03-07	Passifloraceae	dnybfzaurwkocpmgt	\N	\N	\N	\N	\N	100	209
375	2022-06-13 10:48:50.935635	2022-06-13 10:48:50.935635	2021-10-25	2022-05-20	Loganiaceae	eysgfzwkxcjhodmnqb	\N	\N	\N	\N	\N	207	765
377	2022-06-13 10:48:50.988166	2022-06-13 10:48:50.988166	2022-04-09	2022-03-18	Clusiaceae	xduqgthprykl	\N	\N	\N	\N	\N	823	347
521	2022-06-13 10:48:53.758813	2022-06-13 10:48:53.758813	2021-07-05	2021-08-22	Plantaginaceae	thbmnogcrwie	\N	\N	\N	\N	\N	745	117
597	2022-06-13 10:48:55.162627	2022-06-13 10:48:55.162627	2022-04-21	2022-01-29	Rimulariaceae	gdtaphyluovcqefnx	\N	\N	\N	\N	\N	618	776
\.


--
-- Data for Name: deposits; Type: TABLE DATA; Schema: public; Owner: postgres
--

COPY public.deposits (id, updated_at, created_at, start_date, end_date, amount, currency, status, approval_date, created_by, updated_by, vdsbs_id) FROM stdin;
\.


--
-- Data for Name: invoice_interface; Type: TABLE DATA; Schema: public; Owner: postgres
--

COPY public.invoice_interface (id, updated_at, created_at, start_date, end_date, file_status, line_status, file_process_id, file_name, record_type, has_ps, invoice_no, vdsbs_id, invoice_date, due_date, amount, item_quantity, item_oum, item_description, currency, line_no, error_desc, related_users, created_by, updated_by, invoice_id) FROM stdin;
\.


--
-- Data for Name: invoice_lines; Type: TABLE DATA; Schema: public; Owner: postgres
--

COPY public.invoice_lines (id, updated_at, created_at, start_date, end_date, line_no, amount, currency, item_quantity, item_uom, item_description, created_by, updated_by, invoice_id) FROM stdin;
\.


--
-- Data for Name: invoices; Type: TABLE DATA; Schema: public; Owner: postgres
--

COPY public.invoices (id, updated_at, created_at, start_date, end_date, invoice_no, invoice_date, amount, currency, due_date, ref_user_list, status, attribute1, attribute2, attribute3, attribute4, attribute5, created_by, updated_by, vdsbs_id) FROM stdin;
\.


--
-- Data for Name: payment_matches; Type: TABLE DATA; Schema: public; Owner: postgres
--

COPY public.payment_matches (id, updated_at, created_at, start_date, end_date, currency, matches_amount, created_by, updated_by, payment_schedule_id, payment_id, vdsbs_id) FROM stdin;
\.


--
-- Data for Name: payment_schedules; Type: TABLE DATA; Schema: public; Owner: postgres
--

COPY public.payment_schedules (id, updated_at, created_at, start_date, end_date, invoice_id, line_no, due_date, due_amount, remained_amount, currency, payment_status, created_by, updated_by) FROM stdin;
\.


--
-- Data for Name: payments; Type: TABLE DATA; Schema: public; Owner: postgres
--

COPY public.payments (id, updated_at, created_at, start_date, end_date, payment_type, reference_id, original_amount, remained_amount, currency, effective_date, invoiced_status, created_by, updated_by, vdsbs_id) FROM stdin;
\.


--
-- Data for Name: ps_interface; Type: TABLE DATA; Schema: public; Owner: postgres
--

COPY public.ps_interface (id, updated_at, created_at, start_date, end_date, file_process_id, file_name, file_status, invoice_no, vdsbs_id, line_no, due_date, amount, currency, line_status, error_desc, created_by, updated_by) FROM stdin;
\.


--
-- Data for Name: typeorm_metadata; Type: TABLE DATA; Schema: public; Owner: postgres
--

COPY public.typeorm_metadata (type, database, schema, "table", name, value) FROM stdin;
\.


--
-- Data for Name: user_entity_relations; Type: TABLE DATA; Schema: public; Owner: postgres
--

COPY public.user_entity_relations (id, updated_at, created_at, start_date, end_date, description, user_id, created_by, updated_by, vendor_table_ref_id, buyer_site_table_ref_id, dealer_site_table_ref_id) FROM stdin;
44	2022-06-13 14:11:40.660347	2022-06-13 14:11:40.660347	2021-11-26	2022-04-09	Praesent lectus.	709	815	869	44	\N	\N
77	2022-06-13 14:11:41.331211	2022-06-13 14:11:41.331211	2022-01-22	2021-08-17	Nullam sit amet turpis elementum ligula vehicula consequat. Morbi a ipsum. Integer a nibh.	634	788	187	\N	77	\N
81	2022-06-13 14:11:41.516657	2022-06-13 14:11:41.516657	2021-09-20	2021-12-13	Mauris lacinia sapien quis libero. Nullam sit amet turpis elementum ligula vehicula consequat. Morbi a ipsum. Integer a nibh. In quis justo.	336	881	459	81	\N	\N
105	2022-06-13 14:11:41.862848	2022-06-13 14:11:41.862848	2021-11-21	2021-09-19	Etiam vel augue.	603	7	913	105	\N	\N
119	2022-06-13 14:11:43.290767	2022-06-13 14:11:43.290767	2022-04-27	2021-10-01	Praesent blandit.	297	412	942	\N	119	\N
136	2022-06-13 14:11:43.432285	2022-06-13 14:11:43.432285	2021-07-13	2022-03-08	Morbi non quam nec dui luctus rutrum.	243	239	151	136	\N	\N
150	2022-06-13 14:11:43.662689	2022-06-13 14:11:43.662689	2021-09-02	2021-12-28	Aenean auctor gravida sem. Praesent id massa id nisl venenatis lacinia. Aenean sit amet justo. Morbi ut odio.	302	435	832	150	\N	\N
160	2022-06-13 14:11:43.937108	2022-06-13 14:11:43.937108	2022-03-29	2022-04-28	Sed accumsan felis. Ut at dolor quis odio consequat varius. Integer ac leo. Pellentesque ultrices mattis odio. Donec vitae nisi.	952	452	417	160	\N	\N
181	2022-06-13 14:11:44.340898	2022-06-13 14:11:44.340898	2022-04-03	2022-02-06	Maecenas tincidunt lacus at velit.	363	114	833	\N	181	\N
187	2022-06-13 14:11:44.523311	2022-06-13 14:11:44.523311	2022-03-01	2021-12-09	Nulla facilisi. Cras non velit nec nisi vulputate nonummy. Maecenas tincidunt lacus at velit.	32	318	112	187	\N	\N
204	2022-06-13 14:11:44.606755	2022-06-13 14:11:44.606755	2021-09-23	2022-04-26	Pellentesque at nulla. Suspendisse potenti. Cras in purus eu magna vulputate luctus.	692	151	955	\N	204	\N
197	2022-06-13 14:11:44.673551	2022-06-13 14:11:44.673551	2021-11-29	2022-03-29	Etiam faucibus cursus urna. Ut tellus. Nulla ut erat id mauris vulputate elementum.	379	756	326	\N	197	\N
229	2022-06-13 14:11:45.121688	2022-06-13 14:11:45.121688	2021-10-24	2021-12-18	Integer tincidunt ante vel ipsum. Praesent blandit lacinia erat. Vestibulum sed magna at nunc commodo placerat.	674	472	770	229	\N	\N
15	2022-06-13 14:11:40.100351	2022-06-13 14:11:40.100351	2021-06-21	2021-09-07	Praesent blandit lacinia erat.	922	479	734	15	\N	\N
26	2022-06-13 14:11:40.170613	2022-06-13 14:11:40.170613	2021-11-06	2022-03-18	Duis ac nibh.	542	194	761	\N	26	\N
30	2022-06-13 14:11:40.207059	2022-06-13 14:11:40.207059	2021-07-27	2022-05-25	Etiam justo. Etiam pretium iaculis justo.	502	609	824	30	\N	\N
50	2022-06-13 14:11:40.757008	2022-06-13 14:11:40.757008	2021-10-26	2022-04-24	Phasellus in felis. Donec semper sapien a libero.	276	546	735	50	\N	\N
54	2022-06-13 14:11:40.960876	2022-06-13 14:11:40.960876	2021-07-26	2022-05-13	Sed ante. Vivamus tortor. Duis mattis egestas metus. Aenean fermentum.	738	598	117	\N	54	\N
78	2022-06-13 14:11:41.331259	2022-06-13 14:11:41.331259	2021-07-06	2022-04-03	Praesent blandit lacinia erat. Vestibulum sed magna at nunc commodo placerat. Praesent blandit. Nam nulla.	173	165	834	\N	\N	78
88	2022-06-13 14:11:41.51728	2022-06-13 14:11:41.51728	2021-12-14	2022-06-04	Nullam porttitor lacus at turpis. Donec posuere metus vitae ipsum. Aliquam non mauris. Morbi non lectus. Aliquam sit amet diam in magna bibendum imperdiet.	137	93	319	\N	\N	88
108	2022-06-13 14:11:41.903335	2022-06-13 14:11:41.903335	2022-02-26	2022-03-21	Duis bibendum. Morbi non quam nec dui luctus rutrum. Nulla tellus. In sagittis dui vel nisl. Duis ac nibh.	223	698	866	108	\N	\N
128	2022-06-13 14:11:43.297422	2022-06-13 14:11:43.297422	2022-03-11	2021-06-17	Nulla tempus. Vivamus in felis eu sapien cursus vestibulum.	986	583	320	\N	\N	128
168	2022-06-13 14:11:44.104857	2022-06-13 14:11:44.104857	2021-12-18	2021-12-17	Nullam varius.	618	203	664	168	\N	\N
179	2022-06-13 14:11:44.167198	2022-06-13 14:11:44.167198	2021-12-18	2022-04-04	Etiam vel augue. Vestibulum rutrum rutrum neque. Aenean auctor gravida sem.	160	12	80	179	\N	\N
206	2022-06-13 14:11:44.742361	2022-06-13 14:11:44.742361	2022-04-16	2021-07-25	Morbi vel lectus in quam fringilla rhoncus.	741	944	311	\N	206	\N
232	2022-06-13 14:11:45.176887	2022-06-13 14:11:45.176887	2021-06-25	2021-12-17	Aliquam erat volutpat.	701	906	728	\N	232	\N
235	2022-06-13 14:11:45.305303	2022-06-13 14:11:45.305303	2022-01-07	2021-11-17	Aenean lectus. Pellentesque eget nunc. Donec quis orci eget orci vehicula condimentum. Curabitur in libero ut massa volutpat convallis.	334	5	48	\N	235	\N
248	2022-06-13 14:11:45.322862	2022-06-13 14:11:45.322862	2022-04-26	2022-03-02	Aliquam sit amet diam in magna bibendum imperdiet.	195	722	185	\N	\N	248
251	2022-06-13 14:11:45.395401	2022-06-13 14:11:45.395401	2021-11-04	2021-11-25	Vestibulum ante ipsum primis in faucibus orci luctus et ultrices posuere cubilia Curae; Nulla dapibus dolor vel est.	476	697	864	251	\N	\N
258	2022-06-13 14:11:45.723473	2022-06-13 14:11:45.723473	2021-09-15	2021-12-04	Pellentesque eget nunc. Donec quis orci eget orci vehicula condimentum. Curabitur in libero ut massa volutpat convallis.	181	349	409	258	\N	\N
269	2022-06-13 14:11:45.887665	2022-06-13 14:11:45.887665	2021-12-30	2022-01-10	Donec ut dolor. Morbi vel lectus in quam fringilla rhoncus.	693	951	838	\N	269	\N
273	2022-06-13 14:11:46.057261	2022-06-13 14:11:46.057261	2022-01-26	2021-07-30	Quisque id justo sit amet sapien dignissim vestibulum. Vestibulum ante ipsum primis in faucibus orci luctus et ultrices posuere cubilia Curae; Nulla dapibus dolor vel est.	240	31	711	273	\N	\N
284	2022-06-13 14:11:46.239988	2022-06-13 14:11:46.239988	2022-03-31	2022-01-15	Praesent blandit. Nam nulla.	820	308	243	284	\N	\N
298	2022-06-13 14:11:46.296615	2022-06-13 14:11:46.296615	2021-11-02	2022-06-11	Ut at dolor quis odio consequat varius. Integer ac leo.	935	331	884	298	\N	\N
303	2022-06-13 14:11:46.382518	2022-06-13 14:11:46.382518	2022-03-20	2021-07-11	Integer ac neque. Duis bibendum. Morbi non quam nec dui luctus rutrum.	888	921	184	303	\N	\N
297	2022-06-13 14:11:46.453279	2022-06-13 14:11:46.453279	2021-07-22	2021-11-05	Curabitur convallis.	682	87	811	297	\N	\N
311	2022-06-13 14:11:46.532362	2022-06-13 14:11:46.532362	2021-07-16	2021-11-13	Curabitur at ipsum ac tellus semper interdum.	947	248	912	311	\N	\N
314	2022-06-13 14:11:46.567801	2022-06-13 14:11:46.567801	2021-06-21	2021-07-22	Aliquam quis turpis eget elit sodales scelerisque. Mauris sit amet eros. Suspendisse accumsan tortor quis turpis.	340	615	219	\N	\N	314
671	2022-06-13 14:11:53.060456	2022-06-13 14:11:53.060456	2021-07-02	2022-03-28	Phasellus in felis. Donec semper sapien a libero.	193	405	117	671	\N	\N
17	2022-06-13 14:11:40.13238	2022-06-13 14:11:40.13238	2022-04-20	2022-04-14	In quis justo. Maecenas rhoncus aliquam lacus.	393	289	595	17	\N	\N
27	2022-06-13 14:11:40.197281	2022-06-13 14:11:40.197281	2021-11-10	2021-10-27	Etiam faucibus cursus urna. Ut tellus.	106	659	648	27	\N	\N
46	2022-06-13 14:11:40.757255	2022-06-13 14:11:40.757255	2021-09-29	2021-09-03	In eleifend quam a odio. In hac habitasse platea dictumst.	392	359	678	46	\N	\N
83	2022-06-13 14:11:41.440639	2022-06-13 14:11:41.440639	2022-05-25	2022-01-09	Morbi a ipsum. Integer a nibh. In quis justo.	867	952	364	\N	83	\N
87	2022-06-13 14:11:41.59743	2022-06-13 14:11:41.59743	2022-05-08	2021-09-25	Donec dapibus.	60	880	986	\N	87	\N
104	2022-06-13 14:11:41.632503	2022-06-13 14:11:41.632503	2022-03-31	2022-03-23	Suspendisse potenti.	539	244	820	104	\N	\N
111	2022-06-13 14:11:42.030239	2022-06-13 14:11:42.030239	2022-06-09	2021-07-05	Vestibulum rutrum rutrum neque.	769	926	741	\N	\N	111
120	2022-06-13 14:11:42.091812	2022-06-13 14:11:42.091812	2021-09-10	2022-02-17	Suspendisse potenti. In eleifend quam a odio. In hac habitasse platea dictumst.	457	498	536	\N	120	\N
115	2022-06-13 14:11:42.093278	2022-06-13 14:11:42.093278	2022-04-02	2021-11-14	Ut tellus.	938	71	588	115	\N	\N
149	2022-06-13 14:11:43.758263	2022-06-13 14:11:43.758263	2022-05-31	2022-03-11	Aliquam non mauris. Morbi non lectus. Aliquam sit amet diam in magna bibendum imperdiet.	15	674	370	149	\N	\N
180	2022-06-13 14:11:44.307613	2022-06-13 14:11:44.307613	2021-12-22	2021-12-20	In eleifend quam a odio. In hac habitasse platea dictumst.	403	1000	66	180	\N	\N
191	2022-06-13 14:11:44.340835	2022-06-13 14:11:44.340835	2021-09-12	2022-02-19	Donec quis orci eget orci vehicula condimentum.	261	936	895	\N	191	\N
189	2022-06-13 14:11:44.516937	2022-06-13 14:11:44.516937	2021-11-02	2022-04-26	Fusce consequat. Nulla nisl.	890	34	162	189	\N	\N
201	2022-06-13 14:11:44.52514	2022-06-13 14:11:44.52514	2021-08-16	2021-10-10	In hac habitasse platea dictumst. Etiam faucibus cursus urna. Ut tellus. Nulla ut erat id mauris vulputate elementum.	452	586	845	201	\N	\N
196	2022-06-13 14:11:44.622938	2022-06-13 14:11:44.622938	2022-06-01	2021-12-13	Morbi porttitor lorem id ligula. Suspendisse ornare consequat lectus.	910	917	461	\N	196	\N
11	2022-06-13 14:11:40.098414	2022-06-13 14:11:40.098414	2022-03-18	2021-08-15	Aliquam erat volutpat. In congue. Etiam justo.	486	800	82	11	\N	\N
732	2022-06-13 14:11:54.246625	2022-06-13 14:11:54.246625	2021-07-06	2022-01-30	In eleifend quam a odio. In hac habitasse platea dictumst. Maecenas ut massa quis augue luctus tincidunt. Nulla mollis molestie lorem. Quisque ut erat.	775	347	777	732	\N	\N
25	2022-06-13 14:11:40.170361	2022-06-13 14:11:40.170361	2021-06-23	2022-04-13	Cras pellentesque volutpat dui.	111	257	628	25	\N	\N
29	2022-06-13 14:11:40.206961	2022-06-13 14:11:40.206961	2022-06-01	2021-11-28	Aenean lectus.	356	350	487	\N	29	\N
22	2022-06-13 14:11:40.303898	2022-06-13 14:11:40.303898	2022-04-11	2022-01-19	Curabitur convallis. Duis consequat dui nec nisi volutpat eleifend. Donec ut dolor.	459	960	154	22	\N	\N
43	2022-06-13 14:11:40.595576	2022-06-13 14:11:40.595576	2021-08-18	2022-03-24	Nulla mollis molestie lorem.	61	95	851	43	\N	\N
47	2022-06-13 14:11:40.829548	2022-06-13 14:11:40.829548	2021-08-09	2021-07-20	Proin risus. Praesent lectus.	718	893	32	47	\N	\N
66	2022-06-13 14:11:40.916096	2022-06-13 14:11:40.916096	2022-04-25	2022-06-10	Quisque ut erat. Curabitur gravida nisi at nibh. In hac habitasse platea dictumst.	760	352	44	\N	66	\N
69	2022-06-13 14:11:41.017791	2022-06-13 14:11:41.017791	2022-02-24	2022-05-08	Etiam vel augue. Vestibulum rutrum rutrum neque. Aenean auctor gravida sem. Praesent id massa id nisl venenatis lacinia.	368	23	69	\N	69	\N
68	2022-06-13 14:11:41.237567	2022-06-13 14:11:41.237567	2022-03-05	2022-05-15	Nulla tempus.	213	682	601	\N	68	\N
109	2022-06-13 14:11:42.03096	2022-06-13 14:11:42.03096	2021-12-27	2022-03-18	Sed vel enim sit amet nunc viverra dapibus. Nulla suscipit ligula in lacus. Curabitur at ipsum ac tellus semper interdum. Mauris ullamcorper purus sit amet nulla.	571	739	392	109	\N	\N
122	2022-06-13 14:11:42.092777	2022-06-13 14:11:42.092777	2021-07-13	2022-05-21	Phasellus in felis. Donec semper sapien a libero.	764	254	449	122	\N	\N
127	2022-06-13 14:11:42.104709	2022-06-13 14:11:42.104709	2022-01-10	2021-07-22	Morbi a ipsum. Integer a nibh.	236	67	393	\N	127	\N
132	2022-06-13 14:11:43.351585	2022-06-13 14:11:43.351585	2022-05-23	2021-08-01	Nulla ac enim.	410	683	471	\N	132	\N
173	2022-06-13 14:11:44.184066	2022-06-13 14:11:44.184066	2022-01-14	2021-07-18	Donec posuere metus vitae ipsum. Aliquam non mauris. Morbi non lectus.	511	496	76	173	\N	\N
188	2022-06-13 14:11:44.518406	2022-06-13 14:11:44.518406	2021-12-26	2021-12-30	Curabitur convallis.	805	307	394	188	\N	\N
214	2022-06-13 14:11:44.841212	2022-06-13 14:11:44.841212	2021-09-05	2021-08-31	Maecenas ut massa quis augue luctus tincidunt. Nulla mollis molestie lorem. Quisque ut erat. Curabitur gravida nisi at nibh. In hac habitasse platea dictumst.	902	325	580	214	\N	\N
225	2022-06-13 14:11:45.121232	2022-06-13 14:11:45.121232	2021-12-17	2021-07-27	In hac habitasse platea dictumst. Etiam faucibus cursus urna. Ut tellus. Nulla ut erat id mauris vulputate elementum.	471	235	252	225	\N	\N
234	2022-06-13 14:11:45.257688	2022-06-13 14:11:45.257688	2021-12-25	2021-10-28	Maecenas ut massa quis augue luctus tincidunt. Nulla mollis molestie lorem.	72	777	413	\N	\N	234
274	2022-06-13 14:11:46.000851	2022-06-13 14:11:46.000851	2021-12-14	2021-07-11	Aenean lectus. Pellentesque eget nunc.	126	587	127	274	\N	\N
285	2022-06-13 14:11:46.222628	2022-06-13 14:11:46.222628	2021-12-26	2022-05-08	In hac habitasse platea dictumst.	134	826	772	285	\N	\N
730	2022-06-13 14:11:54.246787	2022-06-13 14:11:54.246787	2021-09-30	2021-09-10	Vestibulum ante ipsum primis in faucibus orci luctus et ultrices posuere cubilia Curae; Duis faucibus accumsan odio.	788	166	988	730	\N	\N
745	2022-06-13 14:11:54.27608	2022-06-13 14:11:54.27608	2022-05-24	2021-08-05	Maecenas ut massa quis augue luctus tincidunt. Nulla mollis molestie lorem. Quisque ut erat. Curabitur gravida nisi at nibh.	359	578	806	\N	\N	745
750	2022-06-13 14:11:54.298545	2022-06-13 14:11:54.298545	2021-09-18	2021-09-29	Integer ac neque. Duis bibendum. Morbi non quam nec dui luctus rutrum. Nulla tellus.	855	589	238	750	\N	\N
803	2022-06-13 14:11:55.392339	2022-06-13 14:11:55.392339	2022-03-27	2022-05-01	In eleifend quam a odio. In hac habitasse platea dictumst. Maecenas ut massa quis augue luctus tincidunt. Nulla mollis molestie lorem.	323	805	754	803	\N	\N
873	2022-06-13 14:11:56.65357	2022-06-13 14:11:56.65357	2021-12-14	2021-10-05	Nam tristique tortor eu pede.	960	730	525	873	\N	\N
884	2022-06-13 14:11:56.698681	2022-06-13 14:11:56.698681	2021-10-27	2022-03-22	Integer non velit.	944	510	774	884	\N	\N
886	2022-06-13 14:11:56.776374	2022-06-13 14:11:56.776374	2021-12-14	2022-02-05	Proin risus. Praesent lectus.	474	104	52	886	\N	\N
950	2022-06-13 14:11:58.270636	2022-06-13 14:11:58.270636	2021-10-02	2021-09-13	Pellentesque at nulla. Suspendisse potenti.	219	445	575	950	\N	\N
737	2022-06-13 14:11:54.296767	2022-06-13 14:11:54.296767	2021-10-31	2021-10-28	Nullam sit amet turpis elementum ligula vehicula consequat. Morbi a ipsum.	530	496	664	737	\N	\N
540	2022-06-13 14:11:50.7633	2022-06-13 14:11:50.7633	2022-03-10	2021-12-13	Vestibulum ante ipsum primis in faucibus orci luctus et ultrices posuere cubilia Curae; Mauris viverra diam vitae quam. Suspendisse potenti. Nullam porttitor lacus at turpis. Donec posuere metus vitae ipsum. Aliquam non mauris.	467	490	32	\N	\N	540
579	2022-06-13 14:11:51.568033	2022-06-13 14:11:51.568033	2021-06-18	2022-06-07	Curabitur convallis.	368	778	604	\N	\N	579
597	2022-06-13 14:11:51.604822	2022-06-13 14:11:51.604822	2021-09-14	2021-11-28	Suspendisse potenti. In eleifend quam a odio.	287	599	321	597	\N	\N
599	2022-06-13 14:11:51.626009	2022-06-13 14:11:51.626009	2022-01-12	2022-03-20	In sagittis dui vel nisl.	842	6	816	599	\N	\N
601	2022-06-13 14:11:51.685223	2022-06-13 14:11:51.685223	2022-01-23	2021-10-26	Aenean auctor gravida sem.	116	452	613	\N	\N	601
604	2022-06-13 14:11:51.75864	2022-06-13 14:11:51.75864	2022-05-20	2021-11-08	Praesent id massa id nisl venenatis lacinia.	976	188	965	\N	604	\N
635	2022-06-13 14:11:52.409909	2022-06-13 14:11:52.409909	2022-05-13	2021-12-19	Praesent blandit lacinia erat. Vestibulum sed magna at nunc commodo placerat.	903	621	147	\N	635	\N
953	2022-06-13 14:11:58.320647	2022-06-13 14:11:58.320647	2022-02-20	2021-07-12	Nam dui.	307	458	757	\N	953	\N
962	2022-06-13 14:11:58.336291	2022-06-13 14:11:58.336291	2021-10-25	2022-02-01	Integer ac neque. Duis bibendum. Morbi non quam nec dui luctus rutrum.	753	871	787	\N	\N	962
315	2022-06-13 14:11:46.790685	2022-06-13 14:11:46.790685	2022-04-04	2021-08-08	Vestibulum ante ipsum primis in faucibus orci luctus et ultrices posuere cubilia Curae; Duis faucibus accumsan odio. Curabitur convallis. Duis consequat dui nec nisi volutpat eleifend.	120	145	19	315	\N	\N
366	2022-06-13 14:11:47.610392	2022-06-13 14:11:47.610392	2022-03-08	2022-01-09	Morbi non quam nec dui luctus rutrum.	360	361	809	366	\N	\N
439	2022-06-13 14:11:48.97164	2022-06-13 14:11:48.97164	2021-11-11	2021-11-28	Sed vel enim sit amet nunc viverra dapibus. Nulla suscipit ligula in lacus. Curabitur at ipsum ac tellus semper interdum.	679	310	917	439	\N	\N
811	2022-06-13 14:11:55.524321	2022-06-13 14:11:55.524321	2022-05-16	2021-07-10	Fusce consequat. Nulla nisl.	134	684	77	\N	811	\N
955	2022-06-13 14:11:58.321442	2022-06-13 14:11:58.321442	2021-12-20	2021-12-11	Cras non velit nec nisi vulputate nonummy. Maecenas tincidunt lacus at velit. Vivamus vel nulla eget eros elementum pellentesque. Quisque porta volutpat erat.	216	93	998	\N	955	\N
316	2022-06-13 14:11:46.814669	2022-06-13 14:11:46.814669	2021-12-23	2022-05-01	Pellentesque at nulla. Suspendisse potenti. Cras in purus eu magna vulputate luctus.	81	112	788	\N	316	\N
330	2022-06-13 14:11:46.904031	2022-06-13 14:11:46.904031	2022-06-03	2021-12-07	Vestibulum ante ipsum primis in faucibus orci luctus et ultrices posuere cubilia Curae; Mauris viverra diam vitae quam. Suspendisse potenti. Nullam porttitor lacus at turpis. Donec posuere metus vitae ipsum.	656	861	857	330	\N	\N
678	2022-06-13 14:11:53.208976	2022-06-13 14:11:53.208976	2021-07-16	2022-04-07	Nulla ut erat id mauris vulputate elementum. Nullam varius. Nulla facilisi. Cras non velit nec nisi vulputate nonummy. Maecenas tincidunt lacus at velit.	642	644	89	678	\N	\N
372	2022-06-13 14:11:47.718794	2022-06-13 14:11:47.718794	2022-02-06	2021-11-17	Pellentesque at nulla. Suspendisse potenti.	713	545	710	372	\N	\N
743	2022-06-13 14:11:54.427434	2022-06-13 14:11:54.427434	2021-12-31	2021-11-27	Etiam justo. Etiam pretium iaculis justo.	461	744	579	\N	\N	743
495	2022-06-13 14:11:50.004407	2022-06-13 14:11:50.004407	2021-12-10	2022-06-05	Vivamus in felis eu sapien cursus vestibulum. Proin eu mi. Nulla ac enim.	540	702	68	495	\N	\N
883	2022-06-13 14:11:56.872634	2022-06-13 14:11:56.872634	2022-04-17	2022-03-18	Vivamus tortor. Duis mattis egestas metus. Aenean fermentum.	713	472	30	883	\N	\N
951	2022-06-13 14:11:58.334517	2022-06-13 14:11:58.334517	2021-08-20	2022-03-09	Nulla nisl.	791	946	877	951	\N	\N
441	2022-06-13 14:11:49.020763	2022-06-13 14:11:49.020763	2022-05-17	2022-03-12	Sed sagittis.	652	349	670	441	\N	\N
453	2022-06-13 14:11:49.139276	2022-06-13 14:11:49.139276	2022-05-24	2021-10-13	Cras non velit nec nisi vulputate nonummy. Maecenas tincidunt lacus at velit. Vivamus vel nulla eget eros elementum pellentesque. Quisque porta volutpat erat.	495	146	559	\N	453	\N
457	2022-06-13 14:11:49.171468	2022-06-13 14:11:49.171468	2021-06-15	2022-05-12	Nullam sit amet turpis elementum ligula vehicula consequat.	305	841	488	\N	457	\N
746	2022-06-13 14:11:54.429124	2022-06-13 14:11:54.429124	2021-08-06	2021-12-16	Pellentesque ultrices mattis odio. Donec vitae nisi.	816	522	196	746	\N	\N
814	2022-06-13 14:11:55.615381	2022-06-13 14:11:55.615381	2022-05-24	2021-12-24	Vestibulum ante ipsum primis in faucibus orci luctus et ultrices posuere cubilia Curae; Duis faucibus accumsan odio. Curabitur convallis. Duis consequat dui nec nisi volutpat eleifend. Donec ut dolor.	478	457	385	814	\N	\N
827	2022-06-13 14:11:55.665706	2022-06-13 14:11:55.665706	2021-12-03	2021-08-26	Vestibulum ante ipsum primis in faucibus orci luctus et ultrices posuere cubilia Curae; Duis faucibus accumsan odio.	787	554	276	827	\N	\N
321	2022-06-13 14:11:46.886059	2022-06-13 14:11:46.886059	2021-09-26	2021-06-26	Vivamus in felis eu sapien cursus vestibulum. Proin eu mi.	832	841	423	\N	321	\N
748	2022-06-13 14:11:54.447282	2022-06-13 14:11:54.447282	2021-08-27	2022-05-17	Nullam varius. Nulla facilisi. Cras non velit nec nisi vulputate nonummy. Maecenas tincidunt lacus at velit. Vivamus vel nulla eget eros elementum pellentesque.	769	157	724	748	\N	\N
815	2022-06-13 14:11:55.648455	2022-06-13 14:11:55.648455	2022-03-30	2022-03-25	Nulla facilisi. Cras non velit nec nisi vulputate nonummy. Maecenas tincidunt lacus at velit. Vivamus vel nulla eget eros elementum pellentesque.	325	826	975	\N	815	\N
505	2022-06-13 14:11:50.050276	2022-06-13 14:11:50.050276	2021-08-14	2022-02-25	Duis mattis egestas metus. Aenean fermentum.	488	376	801	\N	\N	505
957	2022-06-13 14:11:58.469357	2022-06-13 14:11:58.469357	2021-07-19	2021-12-29	Phasellus sit amet erat.	128	816	27	\N	\N	957
974	2022-06-13 14:11:58.515324	2022-06-13 14:11:58.515324	2022-02-16	2021-10-08	Proin risus.	551	372	676	\N	\N	974
323	2022-06-13 14:11:46.906487	2022-06-13 14:11:46.906487	2021-08-20	2021-09-03	Vestibulum rutrum rutrum neque.	848	206	239	\N	\N	323
688	2022-06-13 14:11:53.390173	2022-06-13 14:11:53.390173	2021-09-18	2021-08-17	Maecenas ut massa quis augue luctus tincidunt.	378	342	807	\N	688	\N
446	2022-06-13 14:11:49.141493	2022-06-13 14:11:49.141493	2022-03-20	2021-07-18	Aliquam quis turpis eget elit sodales scelerisque. Mauris sit amet eros. Suspendisse accumsan tortor quis turpis. Sed ante. Vivamus tortor.	21	109	984	446	\N	\N
503	2022-06-13 14:11:50.050859	2022-06-13 14:11:50.050859	2021-12-29	2021-07-29	Suspendisse potenti. In eleifend quam a odio. In hac habitasse platea dictumst.	541	833	19	503	\N	\N
554	2022-06-13 14:11:51.026989	2022-06-13 14:11:51.026989	2022-04-09	2022-06-04	Sed ante.	362	90	845	554	\N	\N
699	2022-06-13 14:11:53.401241	2022-06-13 14:11:53.401241	2022-01-21	2022-05-12	Suspendisse ornare consequat lectus.	749	771	395	\N	699	\N
600	2022-06-13 14:11:51.820177	2022-06-13 14:11:51.820177	2022-02-01	2022-05-31	Nam tristique tortor eu pede.	485	643	537	600	\N	\N
701	2022-06-13 14:11:53.442847	2022-06-13 14:11:53.442847	2021-08-14	2022-01-17	Nullam molestie nibh in lectus. Pellentesque at nulla.	520	487	824	701	\N	\N
757	2022-06-13 14:11:54.560775	2022-06-13 14:11:54.560775	2021-11-07	2021-07-01	Nunc purus. Phasellus in felis. Donec semper sapien a libero. Nam dui.	338	445	306	\N	\N	757
768	2022-06-13 14:11:54.581662	2022-06-13 14:11:54.581662	2022-01-13	2022-01-30	Integer tincidunt ante vel ipsum. Praesent blandit lacinia erat. Vestibulum sed magna at nunc commodo placerat. Praesent blandit. Nam nulla.	505	842	448	768	\N	\N
681	2022-06-13 14:11:53.390635	2022-06-13 14:11:53.390635	2021-09-04	2021-08-02	Vestibulum ante ipsum primis in faucibus orci luctus et ultrices posuere cubilia Curae; Mauris viverra diam vitae quam. Suspendisse potenti.	618	46	325	681	\N	\N
755	2022-06-13 14:11:54.606236	2022-06-13 14:11:54.606236	2022-02-13	2022-03-01	Mauris sit amet eros. Suspendisse accumsan tortor quis turpis. Sed ante. Vivamus tortor. Duis mattis egestas metus.	370	265	746	755	\N	\N
772	2022-06-13 14:11:54.697716	2022-06-13 14:11:54.697716	2021-09-10	2021-09-23	Nulla ut erat id mauris vulputate elementum.	837	360	31	\N	\N	772
776	2022-06-13 14:11:54.716718	2022-06-13 14:11:54.716718	2021-10-02	2022-03-10	Fusce posuere felis sed lacus.	390	728	132	776	\N	\N
391	2022-06-13 14:11:48.051972	2022-06-13 14:11:48.051972	2021-06-20	2021-10-18	Duis aliquam convallis nunc. Proin at turpis a pede posuere nonummy. Integer non velit.	182	426	242	391	\N	\N
450	2022-06-13 14:11:49.222789	2022-06-13 14:11:49.222789	2021-07-02	2021-09-23	Phasellus id sapien in sapien iaculis congue.	614	502	218	450	\N	\N
466	2022-06-13 14:11:49.292417	2022-06-13 14:11:49.292417	2021-09-01	2022-06-11	Duis consequat dui nec nisi volutpat eleifend.	65	465	950	466	\N	\N
469	2022-06-13 14:11:49.313897	2022-06-13 14:11:49.313897	2022-04-30	2021-11-03	Cras in purus eu magna vulputate luctus.	212	537	833	469	\N	\N
821	2022-06-13 14:11:55.717272	2022-06-13 14:11:55.717272	2022-05-02	2021-11-15	Donec ut dolor.	170	384	985	821	\N	\N
835	2022-06-13 14:11:55.8152	2022-06-13 14:11:55.8152	2022-03-11	2021-10-26	Integer a nibh. In quis justo. Maecenas rhoncus aliquam lacus.	694	29	942	835	\N	\N
605	2022-06-13 14:11:51.970765	2022-06-13 14:11:51.970765	2022-03-18	2021-10-16	Donec semper sapien a libero. Nam dui.	829	929	446	605	\N	\N
651	2022-06-13 14:11:52.716947	2022-06-13 14:11:52.716947	2021-12-08	2022-02-19	Ut at dolor quis odio consequat varius.	93	904	912	651	\N	\N
908	2022-06-13 14:11:57.336396	2022-06-13 14:11:57.336396	2022-03-09	2022-02-28	Suspendisse potenti.	533	449	911	\N	908	\N
690	2022-06-13 14:11:53.512956	2022-06-13 14:11:53.512956	2022-02-12	2021-12-27	Aliquam quis turpis eget elit sodales scelerisque. Mauris sit amet eros.	932	446	407	690	\N	\N
763	2022-06-13 14:11:54.714325	2022-06-13 14:11:54.714325	2021-09-27	2021-08-29	Nunc nisl.	76	17	390	763	\N	\N
607	2022-06-13 14:11:51.981307	2022-06-13 14:11:51.981307	2021-09-13	2021-07-21	Donec dapibus. Duis at velit eu est congue elementum. In hac habitasse platea dictumst.	983	730	751	\N	\N	607
907	2022-06-13 14:11:57.402216	2022-06-13 14:11:57.402216	2021-08-20	2021-11-04	Etiam pretium iaculis justo. In hac habitasse platea dictumst. Etiam faucibus cursus urna.	406	443	544	\N	\N	907
920	2022-06-13 14:11:57.473226	2022-06-13 14:11:57.473226	2022-02-02	2022-04-22	Maecenas tincidunt lacus at velit. Vivamus vel nulla eget eros elementum pellentesque. Quisque porta volutpat erat.	732	475	261	920	\N	\N
925	2022-06-13 14:11:57.514332	2022-06-13 14:11:57.514332	2021-10-25	2021-06-27	Etiam pretium iaculis justo. In hac habitasse platea dictumst. Etiam faucibus cursus urna.	865	2	171	925	\N	\N
970	2022-06-13 14:11:58.586721	2022-06-13 14:11:58.586721	2021-09-26	2021-07-09	Fusce consequat.	968	757	468	\N	\N	970
334	2022-06-13 14:11:47.135866	2022-06-13 14:11:47.135866	2022-06-02	2021-07-21	Mauris sit amet eros. Suspendisse accumsan tortor quis turpis. Sed ante.	544	657	957	334	\N	\N
350	2022-06-13 14:11:47.192587	2022-06-13 14:11:47.192587	2021-11-05	2021-11-04	Proin eu mi. Nulla ac enim.	730	816	1000	\N	\N	350
765	2022-06-13 14:11:54.716132	2022-06-13 14:11:54.716132	2022-03-16	2022-02-10	Etiam justo. Etiam pretium iaculis justo. In hac habitasse platea dictumst.	587	649	494	765	\N	\N
824	2022-06-13 14:11:55.789644	2022-06-13 14:11:55.789644	2021-11-29	2022-05-26	In quis justo. Maecenas rhoncus aliquam lacus. Morbi quis tortor id nulla ultrices aliquet.	980	352	394	824	\N	\N
521	2022-06-13 14:11:50.346289	2022-06-13 14:11:50.346289	2021-12-17	2022-05-01	Nullam porttitor lacus at turpis. Donec posuere metus vitae ipsum. Aliquam non mauris. Morbi non lectus.	216	447	528	\N	\N	521
558	2022-06-13 14:11:51.218669	2022-06-13 14:11:51.218669	2021-09-01	2021-12-26	Nullam sit amet turpis elementum ligula vehicula consequat. Morbi a ipsum.	973	141	730	\N	\N	558
603	2022-06-13 14:11:51.981533	2022-06-13 14:11:51.981533	2022-06-02	2022-04-07	In congue. Etiam justo.	340	350	5	603	\N	\N
656	2022-06-13 14:11:52.816327	2022-06-13 14:11:52.816327	2021-11-13	2022-05-24	Sed accumsan felis.	658	707	478	656	\N	\N
972	2022-06-13 14:11:58.625468	2022-06-13 14:11:58.625468	2022-01-08	2021-10-13	Nullam varius. Nulla facilisi. Cras non velit nec nisi vulputate nonummy. Maecenas tincidunt lacus at velit. Vivamus vel nulla eget eros elementum pellentesque.	926	717	917	972	\N	\N
393	2022-06-13 14:11:48.124365	2022-06-13 14:11:48.124365	2021-06-30	2022-03-30	Suspendisse potenti. Cras in purus eu magna vulputate luctus.	971	238	292	393	\N	\N
462	2022-06-13 14:11:49.384088	2022-06-13 14:11:49.384088	2021-10-18	2021-08-13	Nullam sit amet turpis elementum ligula vehicula consequat. Morbi a ipsum.	823	364	576	462	\N	\N
563	2022-06-13 14:11:51.219955	2022-06-13 14:11:51.219955	2021-12-11	2021-10-04	Phasellus sit amet erat.	736	923	629	563	\N	\N
971	2022-06-13 14:11:58.651887	2022-06-13 14:11:58.651887	2021-07-11	2021-07-08	Mauris ullamcorper purus sit amet nulla.	445	597	195	971	\N	\N
655	2022-06-13 14:11:52.817418	2022-06-13 14:11:52.817418	2021-07-18	2021-08-31	Nullam porttitor lacus at turpis.	751	868	375	655	\N	\N
985	2022-06-13 14:11:58.726258	2022-06-13 14:11:58.726258	2022-02-12	2021-08-19	Etiam faucibus cursus urna. Ut tellus. Nulla ut erat id mauris vulputate elementum. Nullam varius. Nulla facilisi.	990	657	493	985	\N	\N
343	2022-06-13 14:11:47.193254	2022-06-13 14:11:47.193254	2021-07-04	2021-07-21	Ut at dolor quis odio consequat varius.	270	544	685	343	\N	\N
395	2022-06-13 14:11:48.153671	2022-06-13 14:11:48.153671	2022-02-26	2022-03-09	Suspendisse potenti.	678	227	586	395	\N	\N
407	2022-06-13 14:11:48.243276	2022-06-13 14:11:48.243276	2022-01-14	2021-11-05	Nullam sit amet turpis elementum ligula vehicula consequat. Morbi a ipsum. Integer a nibh. In quis justo.	268	843	563	\N	407	\N
463	2022-06-13 14:11:49.384213	2022-06-13 14:11:49.384213	2022-01-06	2021-12-18	Sed accumsan felis. Ut at dolor quis odio consequat varius. Integer ac leo. Pellentesque ultrices mattis odio. Donec vitae nisi.	532	402	437	463	\N	\N
694	2022-06-13 14:11:53.60542	2022-06-13 14:11:53.60542	2022-03-02	2022-02-04	Integer a nibh. In quis justo. Maecenas rhoncus aliquam lacus. Morbi quis tortor id nulla ultrices aliquet.	387	261	560	\N	694	\N
567	2022-06-13 14:11:51.301191	2022-06-13 14:11:51.301191	2021-09-17	2022-01-06	Aliquam erat volutpat.	126	861	333	567	\N	\N
608	2022-06-13 14:11:52.021186	2022-06-13 14:11:52.021186	2022-02-10	2021-10-15	In hac habitasse platea dictumst. Maecenas ut massa quis augue luctus tincidunt.	255	13	736	608	\N	\N
624	2022-06-13 14:11:52.090925	2022-06-13 14:11:52.090925	2021-10-30	2021-10-12	Etiam faucibus cursus urna. Ut tellus. Nulla ut erat id mauris vulputate elementum. Nullam varius.	396	89	449	624	\N	\N
628	2022-06-13 14:11:52.11528	2022-06-13 14:11:52.11528	2022-03-08	2022-02-15	Etiam justo. Etiam pretium iaculis justo.	960	851	482	628	\N	\N
657	2022-06-13 14:11:52.876361	2022-06-13 14:11:52.876361	2021-07-27	2022-05-10	In hac habitasse platea dictumst. Maecenas ut massa quis augue luctus tincidunt. Nulla mollis molestie lorem. Quisque ut erat.	9	674	923	657	\N	\N
836	2022-06-13 14:11:56.0692	2022-06-13 14:11:56.0692	2022-06-08	2021-11-29	Maecenas rhoncus aliquam lacus.	976	253	918	\N	\N	836
850	2022-06-13 14:11:56.127407	2022-06-13 14:11:56.127407	2022-06-01	2021-06-28	Nunc rhoncus dui vel sem.	917	389	166	850	\N	\N
856	2022-06-13 14:11:56.169041	2022-06-13 14:11:56.169041	2022-03-15	2021-12-17	Sed accumsan felis. Ut at dolor quis odio consequat varius.	149	4	832	856	\N	\N
400	2022-06-13 14:11:48.242161	2022-06-13 14:11:48.242161	2021-11-01	2021-07-26	Etiam vel augue. Vestibulum rutrum rutrum neque. Aenean auctor gravida sem. Praesent id massa id nisl venenatis lacinia.	333	417	127	\N	\N	400
841	2022-06-13 14:11:56.072346	2022-06-13 14:11:56.072346	2022-03-23	2022-03-04	Vivamus in felis eu sapien cursus vestibulum. Proin eu mi.	243	108	248	\N	\N	841
565	2022-06-13 14:11:51.301061	2022-06-13 14:11:51.301061	2021-11-22	2022-05-16	Nullam varius. Nulla facilisi. Cras non velit nec nisi vulputate nonummy. Maecenas tincidunt lacus at velit. Vivamus vel nulla eget eros elementum pellentesque.	672	940	805	\N	565	\N
577	2022-06-13 14:11:51.383996	2022-06-13 14:11:51.383996	2022-05-30	2021-09-03	Maecenas ut massa quis augue luctus tincidunt. Nulla mollis molestie lorem. Quisque ut erat.	636	519	865	577	\N	\N
585	2022-06-13 14:11:51.448106	2022-06-13 14:11:51.448106	2022-02-20	2021-07-07	Nullam molestie nibh in lectus. Pellentesque at nulla.	90	206	787	585	\N	\N
402	2022-06-13 14:11:48.353909	2022-06-13 14:11:48.353909	2021-07-19	2021-10-29	Duis bibendum. Morbi non quam nec dui luctus rutrum.	122	199	822	402	\N	\N
706	2022-06-13 14:11:53.791319	2022-06-13 14:11:53.791319	2021-12-27	2021-11-09	Morbi a ipsum.	518	757	600	\N	706	\N
468	2022-06-13 14:11:49.488956	2022-06-13 14:11:49.488956	2022-03-01	2021-07-03	In hac habitasse platea dictumst. Maecenas ut massa quis augue luctus tincidunt. Nulla mollis molestie lorem. Quisque ut erat.	154	741	979	468	\N	\N
566	2022-06-13 14:11:51.3682	2022-06-13 14:11:51.3682	2021-12-18	2021-06-24	Mauris sit amet eros. Suspendisse accumsan tortor quis turpis. Sed ante. Vivamus tortor. Duis mattis egestas metus.	52	92	66	\N	566	\N
348	2022-06-13 14:11:47.334254	2022-06-13 14:11:47.334254	2021-08-21	2021-12-09	Nulla nisl. Nunc nisl.	591	154	699	\N	348	\N
782	2022-06-13 14:11:54.963737	2022-06-13 14:11:54.963737	2022-05-28	2021-07-11	Phasellus in felis. Donec semper sapien a libero.	499	567	410	\N	\N	782
473	2022-06-13 14:11:49.56481	2022-06-13 14:11:49.56481	2021-07-09	2021-09-23	In hac habitasse platea dictumst.	400	35	12	473	\N	\N
485	2022-06-13 14:11:49.639823	2022-06-13 14:11:49.639823	2021-07-24	2022-02-21	Etiam vel augue. Vestibulum rutrum rutrum neque. Aenean auctor gravida sem. Praesent id massa id nisl venenatis lacinia.	101	712	747	485	\N	\N
528	2022-06-13 14:11:50.528669	2022-06-13 14:11:50.528669	2022-06-08	2022-03-07	In quis justo. Maecenas rhoncus aliquam lacus. Morbi quis tortor id nulla ultrices aliquet.	796	521	557	528	\N	\N
918	2022-06-13 14:11:57.619266	2022-06-13 14:11:57.619266	2022-04-12	2022-06-03	Nulla tellus.	775	419	148	918	\N	\N
351	2022-06-13 14:11:47.368004	2022-06-13 14:11:47.368004	2021-11-30	2022-01-24	Phasellus sit amet erat. Nulla tempus. Vivamus in felis eu sapien cursus vestibulum. Proin eu mi.	550	415	270	351	\N	\N
410	2022-06-13 14:11:48.493122	2022-06-13 14:11:48.493122	2021-10-14	2022-02-25	Donec posuere metus vitae ipsum. Aliquam non mauris. Morbi non lectus.	969	189	653	410	\N	\N
478	2022-06-13 14:11:49.640149	2022-06-13 14:11:49.640149	2021-11-14	2021-11-18	Sed vel enim sit amet nunc viverra dapibus.	298	631	52	478	\N	\N
788	2022-06-13 14:11:55.091981	2022-06-13 14:11:55.091981	2022-02-21	2021-08-29	Aenean sit amet justo.	150	167	648	788	\N	\N
991	2022-06-13 14:11:58.921414	2022-06-13 14:11:58.921414	2021-12-08	2022-01-20	Nulla justo.	416	220	902	\N	991	\N
415	2022-06-13 14:11:48.494082	2022-06-13 14:11:48.494082	2022-02-04	2021-08-14	Vestibulum rutrum rutrum neque. Aenean auctor gravida sem. Praesent id massa id nisl venenatis lacinia. Aenean sit amet justo.	930	275	994	415	\N	\N
789	2022-06-13 14:11:55.092035	2022-06-13 14:11:55.092035	2021-12-20	2021-08-17	Suspendisse potenti.	538	639	631	\N	789	\N
846	2022-06-13 14:11:56.16734	2022-06-13 14:11:56.16734	2021-06-12	2021-10-26	Maecenas tincidunt lacus at velit. Vivamus vel nulla eget eros elementum pellentesque. Quisque porta volutpat erat.	575	515	197	846	\N	\N
569	2022-06-13 14:11:51.386272	2022-06-13 14:11:51.386272	2022-05-08	2022-01-08	Vestibulum ante ipsum primis in faucibus orci luctus et ultrices posuere cubilia Curae; Nulla dapibus dolor vel est.	281	882	380	569	\N	\N
358	2022-06-13 14:11:47.505212	2022-06-13 14:11:47.505212	2021-12-27	2021-08-24	In hac habitasse platea dictumst.	901	332	922	\N	\N	358
421	2022-06-13 14:11:48.648473	2022-06-13 14:11:48.648473	2021-07-24	2021-12-27	Aliquam erat volutpat. In congue. Etiam justo. Etiam pretium iaculis justo. In hac habitasse platea dictumst.	963	399	681	421	\N	\N
422	2022-06-13 14:11:48.648427	2022-06-13 14:11:48.648427	2021-10-11	2022-01-25	Nullam porttitor lacus at turpis. Donec posuere metus vitae ipsum. Aliquam non mauris. Morbi non lectus.	716	477	924	\N	422	\N
477	2022-06-13 14:11:49.696268	2022-06-13 14:11:49.696268	2021-09-23	2021-08-07	Sed ante. Vivamus tortor. Duis mattis egestas metus. Aenean fermentum. Donec ut mauris eget massa tempor convallis.	965	648	921	\N	477	\N
496	2022-06-13 14:11:49.719021	2022-06-13 14:11:49.719021	2022-05-18	2021-08-31	Nulla mollis molestie lorem. Quisque ut erat. Curabitur gravida nisi at nibh.	124	962	666	\N	\N	496
622	2022-06-13 14:11:52.229781	2022-06-13 14:11:52.229781	2021-12-22	2022-01-17	In hac habitasse platea dictumst.	381	353	236	\N	622	\N
634	2022-06-13 14:11:52.273658	2022-06-13 14:11:52.273658	2022-05-28	2022-05-06	Maecenas ut massa quis augue luctus tincidunt.	494	805	527	634	\N	\N
365	2022-06-13 14:11:47.58828	2022-06-13 14:11:47.58828	2022-03-16	2021-11-08	In eleifend quam a odio. In hac habitasse platea dictumst. Maecenas ut massa quis augue luctus tincidunt. Nulla mollis molestie lorem.	566	134	281	365	\N	\N
716	2022-06-13 14:11:53.920219	2022-06-13 14:11:53.920219	2021-09-27	2021-12-17	Pellentesque eget nunc. Donec quis orci eget orci vehicula condimentum. Curabitur in libero ut massa volutpat convallis.	610	613	493	716	\N	\N
484	2022-06-13 14:11:49.719824	2022-06-13 14:11:49.719824	2022-06-01	2021-08-13	Nulla ut erat id mauris vulputate elementum. Nullam varius. Nulla facilisi.	954	687	581	484	\N	\N
853	2022-06-13 14:11:56.275652	2022-06-13 14:11:56.275652	2022-05-11	2021-08-25	Praesent blandit lacinia erat. Vestibulum sed magna at nunc commodo placerat. Praesent blandit.	31	499	618	\N	\N	853
865	2022-06-13 14:11:56.348153	2022-06-13 14:11:56.348153	2022-03-09	2021-08-20	Sed ante.	820	937	527	865	\N	\N
576	2022-06-13 14:11:51.44828	2022-06-13 14:11:51.44828	2022-04-11	2021-06-17	Etiam vel augue. Vestibulum rutrum rutrum neque. Aenean auctor gravida sem.	886	171	645	576	\N	\N
625	2022-06-13 14:11:52.275165	2022-06-13 14:11:52.275165	2022-04-30	2022-02-28	Phasellus sit amet erat. Nulla tempus. Vivamus in felis eu sapien cursus vestibulum.	246	679	486	625	\N	\N
936	2022-06-13 14:11:57.921942	2022-06-13 14:11:57.921942	2022-03-10	2022-05-15	Etiam vel augue. Vestibulum rutrum rutrum neque. Aenean auctor gravida sem. Praesent id massa id nisl venenatis lacinia.	374	245	874	936	\N	\N
995	2022-06-13 14:11:59.008055	2022-06-13 14:11:59.008055	2021-11-08	2022-02-05	Phasellus sit amet erat. Nulla tempus.	305	575	868	995	\N	\N
363	2022-06-13 14:11:47.588511	2022-06-13 14:11:47.588511	2022-03-11	2022-03-30	Aenean sit amet justo.	608	47	114	363	\N	\N
375	2022-06-13 14:11:47.647504	2022-06-13 14:11:47.647504	2021-11-20	2022-01-05	Ut at dolor quis odio consequat varius. Integer ac leo. Pellentesque ultrices mattis odio. Donec vitae nisi.	396	501	466	375	\N	\N
489	2022-06-13 14:11:49.845799	2022-06-13 14:11:49.845799	2022-04-26	2021-09-02	Quisque porta volutpat erat.	15	607	462	489	\N	\N
787	2022-06-13 14:11:55.095222	2022-06-13 14:11:55.095222	2022-04-03	2022-01-22	Aliquam quis turpis eget elit sodales scelerisque. Mauris sit amet eros. Suspendisse accumsan tortor quis turpis. Sed ante. Vivamus tortor.	196	79	523	787	\N	\N
306	2022-06-13 14:11:46.627104	2022-06-13 14:11:46.627104	2021-12-05	2022-04-16	Vestibulum ante ipsum primis in faucibus orci luctus et ultrices posuere cubilia Curae; Nulla dapibus dolor vel est.	750	436	980	\N	306	\N
726	2022-06-13 14:11:54.114403	2022-06-13 14:11:54.114403	2021-07-29	2022-05-05	Cras non velit nec nisi vulputate nonummy. Maecenas tincidunt lacus at velit. Vivamus vel nulla eget eros elementum pellentesque. Quisque porta volutpat erat.	824	111	30	726	\N	\N
738	2022-06-13 14:11:54.172543	2022-06-13 14:11:54.172543	2022-03-16	2021-06-20	Morbi non lectus. Aliquam sit amet diam in magna bibendum imperdiet.	179	187	635	\N	\N	738
739	2022-06-13 14:11:54.246859	2022-06-13 14:11:54.246859	2021-07-17	2021-07-30	Duis bibendum. Morbi non quam nec dui luctus rutrum.	941	766	46	\N	\N	739
794	2022-06-13 14:11:55.187348	2022-06-13 14:11:55.187348	2021-10-28	2021-11-08	Aliquam erat volutpat. In congue. Etiam justo.	175	732	24	\N	794	\N
805	2022-06-13 14:11:55.209451	2022-06-13 14:11:55.209451	2021-10-01	2021-12-20	Donec posuere metus vitae ipsum. Aliquam non mauris.	845	639	390	805	\N	\N
935	2022-06-13 14:11:57.952223	2022-06-13 14:11:57.952223	2021-06-23	2022-05-02	Etiam vel augue.	439	356	486	935	\N	\N
\.


--
-- Data for Name: users; Type: TABLE DATA; Schema: public; Owner: postgres
--

COPY public.users (id, updated_at, created_at, start_date, end_date, username, email, password, user_type, tckn, mobile, token_version) FROM stdin;
7	2022-06-13 10:39:26.40529	2022-06-13 10:39:26.40529	2022-05-11	2021-12-31	cjirousek6	uvarker6@eventbrite.com	a5HUSCGZXAr	D	5312591063	7627513072	0
12	2022-06-13 10:39:26.435148	2022-06-13 10:39:26.435148	2022-03-24	2021-10-19	tclinesb	lbluckb@rakuten.co.jp	iNwEc2jJ	DA	5383595236	3464928296	0
22	2022-06-13 10:39:26.446846	2022-06-13 10:39:26.446846	2022-04-15	2022-04-26	igolbornel	alaidell@plala.or.jp	e0L7JaDp7h	D	5368611622	9652325589	0
33	2022-06-13 10:39:26.464136	2022-06-13 10:39:26.464136	2022-04-19	2021-06-23	hshowerw	mslaytonw@ucoz.ru	rrq3DRAT	BA	5302487999	3123408140	0
41	2022-06-13 10:39:26.48211	2022-06-13 10:39:26.48211	2022-02-12	2022-06-07	aaprahamian14	ynewart14@vkontakte.ru	usHoP43H3zq	B	5343479698	1937668371	0
50	2022-06-13 10:39:26.489974	2022-06-13 10:39:26.489974	2022-03-22	2022-02-06	cmion1d	nomullane1d@europa.eu	ej6zWf	BA	5357479496	3149828548	0
61	2022-06-13 10:39:26.494289	2022-06-13 10:39:26.494289	2021-06-15	2022-02-11	mmerricks1o	ssillis1o@miibeian.gov.cn	PqbkO0hqes0	BA	5321753125	9629790805	0
71	2022-06-13 10:39:26.496687	2022-06-13 10:39:26.496687	2022-02-13	2021-06-23	pmarmion1y	rbunclark1y@privacy.gov.au	gs7gllMAS4	D	5388149190	2748080559	0
79	2022-06-13 10:39:26.498942	2022-06-13 10:39:26.498942	2021-06-25	2022-01-07	jodonovan26	nmanneville26@google.de	QhfFKiu	B	5319811850	8216434879	0
92	2022-06-13 10:39:26.501481	2022-06-13 10:39:26.501481	2022-01-11	2022-04-06	nbreydin2j	drohlfing2j@ca.gov	imn7oHAB	D	5369902651	2632875674	0
102	2022-06-13 10:39:26.50418	2022-06-13 10:39:26.50418	2022-01-23	2022-03-20	swagen2t	stellenbrook2t@cbc.ca	IxKUupS	BA	5363264331	8882599609	0
109	2022-06-13 10:39:26.506583	2022-06-13 10:39:26.506583	2022-01-21	2022-04-07	scadlock30	hkinrade30@flickr.com	a9uMpK	D	5335570848	0734453220	0
121	2022-06-13 10:39:26.509041	2022-06-13 10:39:26.509041	2021-08-21	2022-05-23	lmckerlie3c	egordon3c@walmart.com	CdxjiUfR	DA	5366009484	4453586747	0
133	2022-06-13 10:39:26.511553	2022-06-13 10:39:26.511553	2021-11-03	2022-01-22	rtreby3o	gsoall3o@etsy.com	3JApCV	D	5385603809	5934106827	0
138	2022-06-13 10:39:26.513618	2022-06-13 10:39:26.513618	2021-09-11	2021-06-26	ehartright3t	lrambaut3t@pen.io	Sna1mtU	D	5349314805	1987564103	0
149	2022-06-13 10:39:26.516172	2022-06-13 10:39:26.516172	2022-06-11	2021-11-29	ogoodburn44	tkyttor44@dagondesign.com	iDippiYi	BA	5327843640	7944340908	0
161	2022-06-13 10:39:26.518666	2022-06-13 10:39:26.518666	2021-12-03	2022-05-27	monge4g	hcuel4g@ca.gov	O08afg	B	5355656507	0525491864	0
172	2022-06-13 10:39:26.521144	2022-06-13 10:39:26.521144	2021-06-26	2022-01-24	ezanneli4r	tdouble4r@epa.gov	478nBWQ	DA	5345402932	6840671414	0
183	2022-06-13 10:39:26.524001	2022-06-13 10:39:26.524001	2021-10-22	2021-07-19	cmuirden52	pmylan52@buzzfeed.com	nagoqySxB	D	5366828180	4965736090	0
188	2022-06-13 10:39:26.525962	2022-06-13 10:39:26.525962	2021-07-12	2022-01-19	ncrawford57	lpoacher57@cargocollective.com	WPRssyW3	D	5375128871	9535631411	0
200	2022-06-13 10:39:26.528558	2022-06-13 10:39:26.528558	2022-02-15	2022-06-01	kmeadway5j	ntreweek5j@ovh.net	gFEmp6BHfH	BA	5362891673	7492845173	0
211	2022-06-13 10:39:26.530874	2022-06-13 10:39:26.530874	2022-04-07	2022-03-30	jmcsparran5u	rbramford5u@topsy.com	eP36mjJ	D	5341036366	8332854004	0
223	2022-06-13 10:39:26.533504	2022-06-13 10:39:26.533504	2022-03-19	2021-08-01	nstudman66	mredpath66@buzzfeed.com	Cy86iqjbZPf	D	5325373283	6137340718	0
229	2022-06-13 10:39:26.535409	2022-06-13 10:39:26.535409	2022-02-09	2022-05-29	vpoile6c	hschuster6c@discovery.com	fOwMN3lHTNVI	D	5358264975	8484494948	0
238	2022-06-13 10:39:26.537728	2022-06-13 10:39:26.537728	2021-07-04	2021-09-30	rschwand6l	laucutt6l@freewebs.com	iHQlWR3J	BA	5353988625	4098814298	0
253	2022-06-13 10:39:26.540416	2022-06-13 10:39:26.540416	2022-05-06	2021-08-05	byaldren70	tpagett70@aboutads.info	FtP91S5zLWTa	D	5374606794	8346863851	0
261	2022-06-13 10:39:26.542789	2022-06-13 10:39:26.542789	2022-01-28	2022-05-02	ehands78	smcbrier78@cloudflare.com	nI586W6MRSPU	D	5342647948	9138499651	0
273	2022-06-13 10:39:26.545332	2022-06-13 10:39:26.545332	2022-06-01	2021-10-07	nbilt7k	tsheldrick7k@yellowbook.com	R3PArxCVWd	BA	5307652075	0156177891	0
280	2022-06-13 10:39:26.547464	2022-06-13 10:39:26.547464	2021-11-09	2021-09-25	joldrey7r	hbratten7r@bbc.co.uk	CjXlIfy9M2ST	DA	5339134527	6834864006	0
288	2022-06-13 10:39:26.549645	2022-06-13 10:39:26.549645	2021-12-20	2022-04-29	bforrestall7z	fhoy7z@live.com	kNllFX	BA	5301167889	2682175733	0
300	2022-06-13 10:39:26.55211	2022-06-13 10:39:26.55211	2021-12-11	2021-08-12	pcrowder8b	acoope8b@nationalgeographic.com	kWffpNlZ6j	D	5331627232	1739327091	0
312	2022-06-13 10:39:26.554685	2022-06-13 10:39:26.554685	2021-08-22	2022-01-18	ftrimby8n	mtrewhitt8n@feedburner.com	PFN3stbVI	D	5371856069	2933317581	0
321	2022-06-13 10:39:26.556831	2022-06-13 10:39:26.556831	2021-11-08	2022-03-09	jmesant8w	mdunning8w@4shared.com	VTHgql	VA	5336387771	2531871357	0
330	2022-06-13 10:39:26.55947	2022-06-13 10:39:26.55947	2021-07-27	2021-07-28	ggilbert95	wvassbender95@census.gov	eJmr7th4PsEz	DA	5387494327	2486605830	0
339	2022-06-13 10:39:26.561754	2022-06-13 10:39:26.561754	2021-10-19	2021-12-28	lfeehely9e	nbuttfield9e@buzzfeed.com	G7lWBp56EW	DA	5303640675	4002653244	0
348	2022-06-13 10:39:26.564094	2022-06-13 10:39:26.564094	2022-04-24	2021-07-08	psentance9n	ryanuk9n@linkedin.com	bPnySTNG	DA	5338210304	6429896846	0
359	2022-06-13 10:39:26.566565	2022-06-13 10:39:26.566565	2021-09-22	2021-06-15	jtaverner9y	mvina9y@bbc.co.uk	g9uplrzQRXh	D	5319668761	3937237173	0
370	2022-06-13 10:39:26.569021	2022-06-13 10:39:26.569021	2022-03-03	2021-10-04	zblincoea9	blumleya9@psu.edu	KgRNgWzq	DA	5346386528	9978621444	0
381	2022-06-13 10:39:26.571585	2022-06-13 10:39:26.571585	2021-12-05	2022-04-22	rsammsak	gstoadeak@biglobe.ne.jp	i2lSD46zyqK0	BA	5325211082	1255499890	0
390	2022-06-13 10:39:26.573891	2022-06-13 10:39:26.573891	2022-01-24	2021-07-20	smackaigat	mbladesat@vistaprint.com	subcS3q	D	5370257444	6753219928	0
403	2022-06-13 10:39:26.576439	2022-06-13 10:39:26.576439	2021-10-23	2022-04-24	jchristoffeb6	bcaselickb6@storify.com	0cqa8atKgB	BA	5370521815	4224545119	0
408	2022-06-13 10:39:26.57854	2022-06-13 10:39:26.57854	2022-05-16	2022-05-21	asmithambb	jfoyebb@so-net.ne.jp	kqdpzOjKZ7	BA	5331562676	5042241173	0
420	2022-06-13 10:39:26.580963	2022-06-13 10:39:26.580963	2022-04-15	2021-09-07	mandrenbn	lcasburnbn@comcast.net	069HIuF	D	5334647576	5451407033	0
429	2022-06-13 10:39:26.583114	2022-06-13 10:39:26.583114	2022-03-22	2022-05-06	celdershawbw	bolijvebw@apple.com	NE4Wy4z2Xk0	BA	5332114382	1494397947	0
438	2022-06-13 10:39:26.585516	2022-06-13 10:39:26.585516	2021-10-25	2022-01-27	fyoodallc5	cmcterryc5@nbcnews.com	F60GnR	DA	5335280947	4349081177	0
453	2022-06-13 10:39:26.588348	2022-06-13 10:39:26.588348	2022-01-06	2021-10-06	ekayzerck	hgerltsck@squidoo.com	oxJaD3zgg	BA	5323492186	6888696706	0
460	2022-06-13 10:39:26.590372	2022-06-13 10:39:26.590372	2021-08-18	2022-03-02	kbramfordcr	klanneycr@istockphoto.com	9HHKQzQQ	DA	5374148986	7156686422	0
473	2022-06-13 10:39:26.593049	2022-06-13 10:39:26.593049	2022-05-13	2021-07-31	cackeryd4	ldummigand4@nsw.gov.au	vL03pFCJEzEh	VA	5307132798	3066196152	0
483	2022-06-13 10:39:26.596842	2022-06-13 10:39:26.596842	2021-09-06	2021-10-11	tsearightde	tmeierde@apache.org	958FKv00n	B	5382928745	8000992151	0
497	2022-06-13 10:39:26.600024	2022-06-13 10:39:26.600024	2021-08-31	2021-09-06	zabrianids	hmoneyds@networksolutions.com	4JRqjylPTO	D	5374639786	6692417318	0
501	2022-06-13 10:39:26.601988	2022-06-13 10:39:26.601988	2021-12-02	2021-08-21	mbotlerdw	tgianinottidw@i2i.jp	1yJNE4J	D	5320766519	5829971875	0
512	2022-06-13 10:39:26.60448	2022-06-13 10:39:26.60448	2021-08-03	2021-06-13	dmcmycheme7	hbalduccie7@yellowbook.com	4j3NuCzQk55	DA	5350374899	0720598864	0
527	2022-06-13 10:39:26.607157	2022-06-13 10:39:26.607157	2022-06-05	2022-03-05	rgoodsallem	ddeminicoem@xrea.com	mzbmDkuDp	D	5393937762	7721930844	0
534	2022-06-13 10:39:26.609217	2022-06-13 10:39:26.609217	2021-12-20	2021-09-22	fcatterollet	gparleyet@independent.co.uk	YUgEeF0Fl2R	DA	5392264410	7515957105	0
545	2022-06-13 10:39:26.611568	2022-06-13 10:39:26.611568	2021-10-14	2021-09-14	gspearf4	ahaquinf4@macromedia.com	LxyavrWa	DA	5387882013	6766699611	0
554	2022-06-13 10:39:26.613898	2022-06-13 10:39:26.613898	2022-05-08	2022-04-02	acameliafd	btungatefd@exblog.jp	3SXQNa52	D	5309414867	3419946837	0
563	2022-06-13 10:39:26.616165	2022-06-13 10:39:26.616165	2022-04-12	2021-10-08	hcorbinfm	mwinsparfm@earthlink.net	YxqTPYz1XOLs	SA	5335938034	2880055693	0
575	2022-06-13 10:39:26.618679	2022-06-13 10:39:26.618679	2021-12-02	2021-09-29	rcallfy	rantoniakfy@census.gov	nKpRpox	DA	5327905791	4957911372	0
583	2022-06-13 10:39:26.620888	2022-06-13 10:39:26.620888	2021-12-31	2021-07-16	rsmalesg6	epughsleyg6@hexun.com	0hZylOKRhw	D	5385057763	0693545688	0
593	2022-06-13 10:39:26.623273	2022-06-13 10:39:26.623273	2022-03-30	2022-02-11	frosenzwiggg	eivashovgg@bbc.co.uk	86RVmMl2kFAf	DA	5350883022	2336140522	0
5	2022-06-13 10:39:26.405539	2022-06-13 10:39:26.405539	2022-02-16	2022-05-19	fdwerryhouse4	zonyon4@walmart.com	dxvIxdC	D	5335784813	6345199849	0
2	2022-06-13 10:39:26.405814	2022-06-13 10:39:26.405814	2022-05-02	2021-10-29	hclipson1	bbambrough1@icq.com	YBF9zpO0A5d	DA	5362717225	9906590465	0
13	2022-06-13 10:39:26.435295	2022-06-13 10:39:26.435295	2022-05-05	2021-11-08	giffec	osimonsc@wikia.com	RdImqR	DA	5397611387	0664646293	0
15	2022-06-13 10:39:26.43554	2022-06-13 10:39:26.43554	2021-11-01	2021-11-22	ndorsaye	hfryde@cloudflare.com	UfFKhb	D	5324934410	6503859761	0
24	2022-06-13 10:39:26.447226	2022-06-13 10:39:26.447226	2021-11-22	2022-02-27	cmclenaghann	edimatteon@nytimes.com	QpLYQv3	DA	5366927790	3387517631	0
25	2022-06-13 10:39:26.447395	2022-06-13 10:39:26.447395	2021-09-11	2021-10-28	nframptono	gkymeo@ucsd.edu	IXvEeuOtS9YV	D	5375091253	6567166320	0
30	2022-06-13 10:39:26.463628	2022-06-13 10:39:26.463628	2021-08-11	2021-11-15	ccarlettit	boxbet@gizmodo.com	u4xyt3C	D	5391019137	3400313729	0
32	2022-06-13 10:39:26.463806	2022-06-13 10:39:26.463806	2021-11-09	2022-01-26	dgethingsv	mmawdsleyv@parallels.com	HFBF2Cj8cQQ	DA	5380436498	4292310773	0
38	2022-06-13 10:39:26.466207	2022-06-13 10:39:26.466207	2021-10-25	2021-08-26	szelake11	dpickett11@fc2.com	1JibQTGDtn2	D	5359925420	6384354934	0
40	2022-06-13 10:39:26.482139	2022-06-13 10:39:26.482139	2021-07-12	2021-08-28	bsidlow13	wbeauchamp13@unblog.fr	uydgT2m5FB	B	5372489324	5823033318	0
47	2022-06-13 10:39:26.483235	2022-06-13 10:39:26.483235	2021-10-15	2022-04-23	ksteutly1a	nwhitley1a@census.gov	hH26i4z9RF	BA	5365787606	3973085396	0
49	2022-06-13 10:39:26.489371	2022-06-13 10:39:26.489371	2022-01-27	2021-08-25	sbelle1c	rphillimore1c@surveymonkey.com	G6ZdSU6aj7	D	5388873465	6646530071	0
56	2022-06-13 10:39:26.492091	2022-06-13 10:39:26.492091	2022-04-13	2021-06-15	gwhiteland1j	fprayer1j@is.gd	lKHVMDpDR	BA	5374900974	0254394084	0
58	2022-06-13 10:39:26.492913	2022-06-13 10:39:26.492913	2022-05-12	2021-11-19	dcolles1l	cgozney1l@nbcnews.com	YnbTgWK	D	5380123752	0082789205	0
63	2022-06-13 10:39:26.494494	2022-06-13 10:39:26.494494	2022-03-19	2022-04-20	tneath1q	serskin1q@nytimes.com	Mpm1qdRH	DA	5365839929	3463678668	0
67	2022-06-13 10:39:26.495255	2022-06-13 10:39:26.495255	2022-01-27	2021-12-09	mzumfelde1u	tmartello1u@ning.com	YOvT6ypmLa2z	D	5381114945	3371740412	0
75	2022-06-13 10:39:26.496991	2022-06-13 10:39:26.496991	2022-01-12	2022-01-28	kgoold22	msmalman22@fastcompany.com	eM3bpZno6W	DA	5379423058	7770611634	0
76	2022-06-13 10:39:26.497628	2022-06-13 10:39:26.497628	2021-09-19	2021-12-09	mwoolerton23	dmaddick23@mapquest.com	JFOxvMdSVD	D	5380923260	1206786473	0
84	2022-06-13 10:39:26.499533	2022-06-13 10:39:26.499533	2021-11-14	2021-08-18	eflexman2b	akurdani2b@com.com	fKUefwrX8bwv	BA	5365366980	0525321042	0
88	2022-06-13 10:39:26.500239	2022-06-13 10:39:26.500239	2021-10-31	2022-05-20	cpressman2f	cwrout2f@npr.org	MdfS40ILt	D	5332503443	2363277285	0
96	2022-06-13 10:39:26.502796	2022-06-13 10:39:26.502796	2021-09-05	2022-02-27	scourson2n	mweben2n@ucoz.com	PMrLTYpRE	D	5363947907	9145857252	0
97	2022-06-13 10:39:26.502954	2022-06-13 10:39:26.502954	2022-04-08	2022-05-05	bhachette2o	eahlf2o@nytimes.com	IrhviVRCEnX	DA	5357341016	4356645108	0
105	2022-06-13 10:39:26.505267	2022-06-13 10:39:26.505267	2022-03-16	2022-01-23	lricciardelli2w	ymartinets2w@baidu.com	uAG8uXJreRj	DA	5359401471	0802883274	0
112	2022-06-13 10:39:26.506819	2022-06-13 10:39:26.506819	2022-03-30	2021-08-30	dalvarado33	mdevere33@disqus.com	RmYPbm92TiWM	D	5395833921	3283569254	0
117	2022-06-13 10:39:26.507856	2022-06-13 10:39:26.507856	2022-03-04	2021-07-03	lmeert38	gpeasnone38@smugmug.com	7BbrjkZF	B	5325373021	5887721991	0
123	2022-06-13 10:39:26.509197	2022-06-13 10:39:26.509197	2022-04-30	2022-04-28	tquesne3e	gmcelroy3e@vinaora.com	1nbI0loM	DA	5305388454	4335316512	0
127	2022-06-13 10:39:26.510255	2022-06-13 10:39:26.510255	2021-08-17	2021-12-27	cscotchmur3i	cgisby3i@businesswire.com	bi4XIx	D	5383486932	6443490695	0
128	2022-06-13 10:39:26.511244	2022-06-13 10:39:26.511244	2022-04-01	2021-10-06	tblaxley3j	gcattemull3j@altervista.org	spgwyoqF	D	5360946549	1757369276	0
135	2022-06-13 10:39:26.512357	2022-06-13 10:39:26.512357	2021-12-13	2022-04-30	gbolf3q	kpevie3q@pbs.org	4xmzjN	DA	5314276967	3786831932	0
140	2022-06-13 10:39:26.513724	2022-06-13 10:39:26.513724	2021-10-28	2021-08-14	agierek3v	wtryhorn3v@aboutads.info	LFyvmSFi51	B	5308344969	1049238340	0
146	2022-06-13 10:39:26.514867	2022-06-13 10:39:26.514867	2021-09-02	2022-01-27	ycoleyshaw41	gcatherall41@mayoclinic.com	5sBJMvQ9	D	5340904131	0424767722	0
151	2022-06-13 10:39:26.516294	2022-06-13 10:39:26.516294	2022-03-06	2021-07-03	mruane46	ayare46@independent.co.uk	tdHpO0j	DA	5335666178	5635519022	0
156	2022-06-13 10:39:26.517364	2022-06-13 10:39:26.517364	2021-08-31	2021-09-18	apaddingdon4b	cgherardesci4b@phpbb.com	oayuGHIFIx	D	5358965015	2387563965	0
162	2022-06-13 10:39:26.518757	2022-06-13 10:39:26.518757	2022-03-27	2022-03-26	dfortune4h	sbrumpton4h@technorati.com	Er3mrm	B	5301301651	7294919230	0
166	2022-06-13 10:39:26.519765	2022-06-13 10:39:26.519765	2021-11-14	2021-11-07	wspawton4l	wrubbert4l@posterous.com	Iqj5qvICsSOT	D	5325683361	2436017530	0
169	2022-06-13 10:39:26.520948	2022-06-13 10:39:26.520948	2022-01-23	2021-10-30	mdeacock4o	thawley4o@msu.edu	Z56z9y3ZMS	B	5345722009	6858926726	0
174	2022-06-13 10:39:26.522389	2022-06-13 10:39:26.522389	2021-07-25	2022-02-20	dchoke4t	zdunsire4t@canalblog.com	iHZuWiDc	D	5308972773	1807503004	0
179	2022-06-13 10:39:26.523681	2022-06-13 10:39:26.523681	2021-09-16	2021-10-07	apetrashov4y	eoscroft4y@dion.ne.jp	bvgl5T3cNaR8	B	5317595999	9868752438	0
186	2022-06-13 10:39:26.524958	2022-06-13 10:39:26.524958	2022-02-23	2021-08-24	edymick55	wforryan55@bloomberg.com	jy7wyq8WKco	D	5315641776	4761469333	0
191	2022-06-13 10:39:26.526169	2022-06-13 10:39:26.526169	2022-02-04	2021-12-25	eclay5a	ahalleybone5a@cnbc.com	iiNWrmQFB	D	5326797577	3971974987	0
197	2022-06-13 10:39:26.527331	2022-06-13 10:39:26.527331	2022-05-27	2021-11-14	erathjen5g	gploughwright5g@bbb.org	3Rnv2ND4bhbr	D	5323070810	6170710572	0
202	2022-06-13 10:39:26.528696	2022-06-13 10:39:26.528696	2021-10-05	2021-07-14	jkennsley5l	rwhittier5l@cpanel.net	BvBCd81Q5Trg	D	5393493898	0097478839	0
206	2022-06-13 10:39:26.529767	2022-06-13 10:39:26.529767	2022-04-09	2022-01-13	callnatt5p	cgilhouley5p@canalblog.com	dGw5wL1	D	5366265973	9850976243	0
210	2022-06-13 10:39:26.530774	2022-06-13 10:39:26.530774	2022-01-14	2022-02-05	ccottu5t	ohousam5t@slate.com	Uxqotf	B	5340921140	4365670589	0
215	2022-06-13 10:39:26.531894	2022-06-13 10:39:26.531894	2021-06-16	2022-03-17	ccogan5y	plightollers5y@google.es	5wZ4W2kmo7Zu	DA	5321071364	8122365932	0
220	2022-06-13 10:39:26.533159	2022-06-13 10:39:26.533159	2021-08-15	2022-06-05	gsebley63	bswann63@mail.ru	f4QusBKtA	B	5374789613	8078570688	0
225	2022-06-13 10:39:26.53423	2022-06-13 10:39:26.53423	2021-06-19	2022-03-02	bcranshaw68	kmollatt68@example.com	521qt06Mvi	DA	5301070243	5842180663	0
231	2022-06-13 10:39:26.535602	2022-06-13 10:39:26.535602	2022-02-23	2021-12-02	kgladwell6e	fflintoff6e@sbwire.com	cnBCT1vt6	BA	5396569447	4363265799	0
235	2022-06-13 10:39:26.536568	2022-06-13 10:39:26.536568	2021-12-18	2022-03-11	glennie6i	mhurler6i@blog.com	1SD61k	D	5338225359	2131494917	0
241	2022-06-13 10:39:26.537917	2022-06-13 10:39:26.537917	2022-02-13	2022-04-29	leggar6o	ebulluck6o@soup.io	69LJB2PZS9g	SA	5359493947	2441483203	0
244	2022-06-13 10:39:26.53885	2022-06-13 10:39:26.53885	2021-12-09	2021-11-02	eyurocjhin6r	ppolkinghorne6r@printfriendly.com	7I93YQn9g	DA	5350344622	2017268548	0
252	2022-06-13 10:39:26.540419	2022-06-13 10:39:26.540419	2021-12-11	2022-06-04	mpurshouse6z	pbeatson6z@gizmodo.com	9SFFoZ1OpE5e	D	5391857492	9017472321	0
254	2022-06-13 10:39:26.541301	2022-06-13 10:39:26.541301	2021-10-07	2022-03-13	wredshaw71	bbrilon71@github.com	8uqdeuJdFR	B	5391251434	6709516455	0
260	2022-06-13 10:39:26.542673	2022-06-13 10:39:26.542673	2021-12-03	2021-10-25	ddreghorn77	tmccheyne77@infoseek.co.jp	2WUMPtNshF	DA	5311285572	1929614628	0
267	2022-06-13 10:39:26.543965	2022-06-13 10:39:26.543965	2021-12-09	2021-11-25	kfrayling7e	obertwistle7e@mail.ru	iICnBDzY1	DA	5390569778	0812599338	0
271	2022-06-13 10:39:26.545176	2022-06-13 10:39:26.545176	2022-01-04	2022-05-06	jbloxsom7i	kortet7i@npr.org	LUuKCVf2	D	5314640720	5053149362	0
277	2022-06-13 10:39:26.546341	2022-06-13 10:39:26.546341	2022-05-07	2022-03-27	rjurgen7o	hbonwell7o@mapquest.com	BFoKxQgqD	DA	5366805799	0825151061	0
282	2022-06-13 10:39:26.54764	2022-06-13 10:39:26.54764	2021-07-23	2021-07-04	bweavill7t	rdenver7t@gmpg.org	mlMBYitrb4e	B	5326795926	0878803826	0
287	2022-06-13 10:39:26.548671	2022-06-13 10:39:26.548671	2022-02-23	2022-04-06	rsullly7y	vrosewell7y@google.ca	9ogCeIoaLsSf	D	5399482060	1070193554	0
293	2022-06-13 10:39:26.550009	2022-06-13 10:39:26.550009	2021-11-06	2021-11-22	ehulkes84	krotchell84@latimes.com	lIT1A5vOSiJ	DA	5392892610	1462798936	0
3	2022-06-13 10:39:26.406033	2022-06-13 10:39:26.406033	2021-07-15	2021-12-10	rbalfre2	gannes2@shutterfly.com	MI4emir	DA	5324066175	5849921801	0
16	2022-06-13 10:39:26.435759	2022-06-13 10:39:26.435759	2022-03-02	2022-04-01	jharpurf	arubinivitzf@constantcontact.com	veYmYe	D	5352762072	2677124917	0
21	2022-06-13 10:39:26.446704	2022-06-13 10:39:26.446704	2022-01-23	2022-01-12	spasticznykk	rstoggellk@columbia.edu	fi7yrD3TD	D	5351922243	0917197215	0
31	2022-06-13 10:39:26.46372	2022-06-13 10:39:26.46372	2022-05-11	2022-02-19	tgrugerru	rlemarchandu@gmpg.org	qidQ6JPH	SA	5319858252	2784927063	0
45	2022-06-13 10:39:26.482804	2022-06-13 10:39:26.482804	2021-12-25	2021-10-01	gbwye18	jrouch18@moonfruit.com	WDyUO16zPp	VA	5366744650	9814671065	0
54	2022-06-13 10:39:26.491733	2022-06-13 10:39:26.491733	2022-01-30	2022-02-16	eionnisian1h	rgillmore1h@free.fr	qDpo0YT8C	DA	5385421261	0949687702	0
60	2022-06-13 10:39:26.494229	2022-06-13 10:39:26.494229	2021-07-01	2021-10-28	xandreasen1n	ubackshaw1n@nih.gov	CpbIHKXuF	VA	5375970667	7890082926	0
73	2022-06-13 10:39:26.496842	2022-06-13 10:39:26.496842	2021-06-26	2022-05-14	kkupke20	mvakhrushev20@pinterest.com	hbWTE97uwTN	VA	5342819569	7532265260	0
80	2022-06-13 10:39:26.499136	2022-06-13 10:39:26.499136	2022-05-08	2021-11-01	xcausier27	gkittoe27@marriott.com	cYwww2nPg	DA	5336384420	6755141001	0
89	2022-06-13 10:39:26.501289	2022-06-13 10:39:26.501289	2021-11-06	2021-10-07	moslar2g	slendrem2g@wunderground.com	w5JIj8h	D	5347394063	3066942682	0
103	2022-06-13 10:39:26.50429	2022-06-13 10:39:26.50429	2022-02-08	2022-05-28	owinks2u	nmathey2u@twitpic.com	idIUjOnzXXO	DA	5325827845	0291211342	0
113	2022-06-13 10:39:26.506879	2022-06-13 10:39:26.506879	2022-01-19	2022-03-16	hgeale34	acleaton34@nyu.edu	3TAgCEfL	D	5364349209	8896724177	0
122	2022-06-13 10:39:26.509134	2022-06-13 10:39:26.509134	2022-01-24	2022-05-17	hpynn3d	hstoddart3d@census.gov	ZIKfDCsNy	DA	5304159073	5160169781	0
130	2022-06-13 10:39:26.511346	2022-06-13 10:39:26.511346	2022-05-16	2022-04-25	bspalton3l	jhalliday3l@dell.com	qMxW79	D	5305060259	1249753275	0
139	2022-06-13 10:39:26.513614	2022-06-13 10:39:26.513614	2022-01-21	2021-08-04	cgenthner3u	rmacey3u@state.tx.us	JcQgy8	D	5373281089	7044495001	0
150	2022-06-13 10:39:26.516219	2022-06-13 10:39:26.516219	2021-12-06	2022-02-12	hgiroldi45	sschwandermann45@amazon.de	NJkc7w	B	5357117751	9597917616	0
163	2022-06-13 10:39:26.518751	2022-06-13 10:39:26.518751	2021-12-12	2021-12-24	ateare4i	edowman4i@intel.com	mxUEjmRWzr	D	5366779975	1899047844	0
173	2022-06-13 10:39:26.52117	2022-06-13 10:39:26.52117	2021-09-23	2021-10-27	fwestraw4s	nheiton4s@auda.org.au	liL5HRuxgpC	V	5392543740	8508304116	0
181	2022-06-13 10:39:26.523805	2022-06-13 10:39:26.523805	2022-02-08	2022-05-01	iplows50	cfeetham50@sourceforge.net	YWADQhpbpqPy	D	5347419045	7242908223	0
193	2022-06-13 10:39:26.526326	2022-06-13 10:39:26.526326	2022-06-02	2021-09-17	nfluger5c	mhadwick5c@answers.com	dUqA0UF	DA	5309561149	7443224020	0
203	2022-06-13 10:39:26.528866	2022-06-13 10:39:26.528866	2022-03-24	2021-10-17	vberntssen5m	sdanihel5m@histats.com	WZhV2Dd4ZyV	DA	5383107867	7384314399	0
212	2022-06-13 10:39:26.530948	2022-06-13 10:39:26.530948	2021-09-06	2022-06-04	weyers5v	gmazonowicz5v@t-online.de	Xmw4R5fFyJA	D	5331886634	9421342214	0
222	2022-06-13 10:39:26.533337	2022-06-13 10:39:26.533337	2022-01-25	2022-02-04	telves65	mgriston65@nymag.com	xj1QlhdlkMdu	D	5389856038	1402375479	0
230	2022-06-13 10:39:26.535467	2022-06-13 10:39:26.535467	2022-04-11	2021-11-21	gboole6d	rnordass6d@census.gov	F7Z5QVvv	DA	5378639612	1651042696	0
242	2022-06-13 10:39:26.538035	2022-06-13 10:39:26.538035	2022-02-26	2021-07-01	zdevine6p	mjanauschek6p@shutterfly.com	J65AwKz	D	5366737896	2805425610	0
251	2022-06-13 10:39:26.540264	2022-06-13 10:39:26.540264	2021-12-29	2021-10-13	adench6y	dpeasegood6y@wordpress.com	QIgbyUpzl	D	5330584941	6557730690	0
263	2022-06-13 10:39:26.542938	2022-06-13 10:39:26.542938	2021-11-28	2022-06-07	cadamovitch7a	cquiddinton7a@bbb.org	lBSTZcRC9G0v	D	5329610574	2700138484	0
269	2022-06-13 10:39:26.545007	2022-06-13 10:39:26.545007	2022-03-16	2022-04-27	smichelle7g	kendon7g@jalbum.net	Bxr9RBpIqBRs	V	5300654739	2619438735	0
278	2022-06-13 10:39:26.547326	2022-06-13 10:39:26.547326	2021-12-22	2021-09-26	bbeckingham7p	esaywell7p@who.int	AapufGp	DA	5323096374	7903587625	0
290	2022-06-13 10:39:26.54978	2022-06-13 10:39:26.54978	2022-01-23	2022-03-17	adorre81	datwater81@studiopress.com	5tfbBh	D	5329915448	8381678610	0
302	2022-06-13 10:39:26.552323	2022-06-13 10:39:26.552323	2021-11-20	2021-08-15	lhudspith8d	bmeckiff8d@naver.com	d3y601onQ9	BA	5352291702	2862155826	0
308	2022-06-13 10:39:26.554373	2022-06-13 10:39:26.554373	2021-10-28	2022-04-25	mlongworthy8j	swickey8j@symantec.com	4BDMuqS	BA	5336689495	7789484793	0
322	2022-06-13 10:39:26.556919	2022-06-13 10:39:26.556919	2021-09-09	2021-10-22	awingfield8x	epyer8x@yahoo.co.jp	gD9qrnCf	V	5354324648	6350769899	0
329	2022-06-13 10:39:26.559407	2022-06-13 10:39:26.559407	2022-03-02	2022-05-05	glukasik94	rlamport94@instagram.com	FxTcAZL	D	5363257936	8321832357	0
338	2022-06-13 10:39:26.561688	2022-06-13 10:39:26.561688	2022-03-27	2022-01-20	dmcgill9d	mbrigstock9d@uol.com.br	L4syrIn9r3pH	B	5304591366	5192247413	0
349	2022-06-13 10:39:26.56418	2022-06-13 10:39:26.56418	2022-02-09	2021-07-16	tdockrill9o	rjoist9o@privacy.gov.au	BpqEOF6bbKKi	BA	5344988822	6016403284	0
358	2022-06-13 10:39:26.566485	2022-06-13 10:39:26.566485	2021-07-23	2021-06-19	rstrawbridge9x	adron9x@un.org	DZHuVCab	D	5340961319	5086747574	0
373	2022-06-13 10:39:26.569275	2022-06-13 10:39:26.569275	2022-03-22	2022-01-07	bmowlesac	rdogeac@soundcloud.com	rqsdPH65	DA	5332958132	1538799594	0
382	2022-06-13 10:39:26.571564	2022-06-13 10:39:26.571564	2021-07-19	2021-10-14	thallinal	shalfpennyal@networksolutions.com	G9IsDvy	DA	5351905712	6774675631	0
391	2022-06-13 10:39:26.573953	2022-06-13 10:39:26.573953	2021-11-18	2022-02-06	jsheerau	fsabathierau@weibo.com	PyCXAeIN	D	5351903766	7142735712	0
398	2022-06-13 10:39:26.576055	2022-06-13 10:39:26.576055	2021-08-31	2022-05-29	jblownb1	prugierob1@vk.com	01fjz3rc	D	5373763274	9105146773	0
413	2022-06-13 10:39:26.578841	2022-06-13 10:39:26.578841	2022-02-03	2022-02-05	gmolanbg	cstrattenbg@instagram.com	jbvKZsJLr	DA	5308632483	5727602925	0
423	2022-06-13 10:39:26.581177	2022-06-13 10:39:26.581177	2022-05-19	2021-10-04	bdonnerbq	ohedonbq@reddit.com	Z31OMgt	DA	5383730785	8928847268	0
433	2022-06-13 10:39:26.583428	2022-06-13 10:39:26.583428	2021-11-20	2021-06-24	hjovanovicc0	mburgwync0@altervista.org	DcoJj8fkHCX	D	5324238962	4879640316	0
442	2022-06-13 10:39:26.585809	2022-06-13 10:39:26.585809	2022-03-09	2021-06-28	awillersc9	tskillicornc9@zdnet.com	CB0kZNXIXo	DA	5361207813	0626231858	0
450	2022-06-13 10:39:26.588066	2022-06-13 10:39:26.588066	2022-02-20	2022-01-24	lbleimanch	bwakelych@yahoo.com	TVahKqd	D	5345080183	1997963571	0
463	2022-06-13 10:39:26.590662	2022-06-13 10:39:26.590662	2021-07-01	2021-10-09	lgronwcu	vhamecu@lycos.com	DvQ62JpxvW	D	5321282187	4059176917	0
470	2022-06-13 10:39:26.592812	2022-06-13 10:39:26.592812	2022-03-14	2022-05-01	bcauleyd1	cpenasd1@blogtalkradio.com	LzOhT6	D	5382277755	2164296819	0
478	2022-06-13 10:39:26.595885	2022-06-13 10:39:26.595885	2022-03-26	2021-11-02	gdelayglesiad9	sossipenkod9@rambler.ru	qJ8OeC5Y9	DA	5324378149	9961760416	0
489	2022-06-13 10:39:26.598539	2022-06-13 10:39:26.598539	2022-02-08	2022-05-31	egoodersdk	bpattingsondk@craigslist.org	NHq0VmL6k	BA	5342031670	8027867043	0
498	2022-06-13 10:39:26.600818	2022-06-13 10:39:26.600818	2021-10-20	2022-05-28	kcanetdt	sregandt@cisco.com	z6T33r2H	DA	5331691962	5064304495	0
508	2022-06-13 10:39:26.603225	2022-06-13 10:39:26.603225	2021-10-08	2021-06-12	hmeralie3	ablazeje3@shinystat.com	EyRIW2dfJB5W	BA	5362296941	7306530568	0
519	2022-06-13 10:39:26.605567	2022-06-13 10:39:26.605567	2021-10-25	2021-12-24	sloblieee	csharrardee@usgs.gov	Y0Gpba	DA	5392246361	8891970713	0
530	2022-06-13 10:39:26.607968	2022-06-13 10:39:26.607968	2021-10-27	2022-06-02	candrusep	cbrooseep@examiner.com	SdAhhG7	DA	5392381994	9328328233	0
539	2022-06-13 10:39:26.610229	2022-06-13 10:39:26.610229	2022-01-19	2022-05-14	aburghey	dlacroceey@edublogs.org	9itFvCSY5v0C	D	5365297962	9167306400	0
549	2022-06-13 10:39:26.61256	2022-06-13 10:39:26.61256	2021-08-10	2021-11-19	cbillyealdf8	gantushevf8@ovh.net	9mfuq1AQGY	DA	5366029794	3964439827	0
560	2022-06-13 10:39:26.615016	2022-06-13 10:39:26.615016	2022-03-19	2021-08-10	sroddickfj	ahawkridgefj@surveymonkey.com	qHv05iH	V	5318597161	8152487750	0
570	2022-06-13 10:39:26.617387	2022-06-13 10:39:26.617387	2022-04-16	2021-12-31	okeatesft	adahlbackft@is.gd	pCyd1vqk1x7	D	5385224036	4107220891	0
578	2022-06-13 10:39:26.619547	2022-06-13 10:39:26.619547	2021-11-20	2021-07-08	rovensg1	gpochetg1@last.fm	LacfJVkyYZ	V	5357594736	7169088370	0
589	2022-06-13 10:39:26.621962	2022-06-13 10:39:26.621962	2021-08-13	2021-10-19	fcoveneygc	whaxleygc@sun.com	BQzGMfd	D	5342202941	7485354031	0
4	2022-06-13 10:39:26.40705	2022-06-13 10:39:26.40705	2022-04-14	2021-10-10	crobjohns3	sgiacomo3@epa.gov	t1jJONy9xN	SA	5372628787	0973320715	0
17	2022-06-13 10:39:26.435908	2022-06-13 10:39:26.435908	2022-04-30	2021-07-17	fganfordg	tdonativog@e-recht24.de	aKxbn02	BA	5337762484	2999801238	0
23	2022-06-13 10:39:26.44701	2022-06-13 10:39:26.44701	2021-06-21	2022-05-30	cashurstm	ldunningm@flickr.com	5ZzOSpP9j	D	5380906083	8699525781	0
34	2022-06-13 10:39:26.464099	2022-06-13 10:39:26.464099	2021-11-27	2022-04-25	djakubovicsx	yschukertx@netscape.com	Zp4fzSVyZfQ	V	5345496231	5402224226	0
44	2022-06-13 10:39:26.482676	2022-06-13 10:39:26.482676	2021-06-29	2021-08-10	smcquaide17	mslator17@google.ru	TxqSjke	V	5321433925	1072436754	0
53	2022-06-13 10:39:26.49152	2022-06-13 10:39:26.49152	2021-09-01	2021-08-18	tmontel1g	vchesson1g@bloglines.com	kTkfReAb	D	5357900310	9526654693	0
66	2022-06-13 10:39:26.494787	2022-06-13 10:39:26.494787	2021-12-28	2022-03-18	ccarefull1t	ipaladino1t@vistaprint.com	ZDwholom	D	5398645106	5960950556	0
78	2022-06-13 10:39:26.49779	2022-06-13 10:39:26.49779	2021-06-19	2022-04-12	htellenbach25	kbullock25@nba.com	vebUo2fvYK	DA	5315874033	0809014602	0
87	2022-06-13 10:39:26.500149	2022-06-13 10:39:26.500149	2022-04-25	2021-09-09	sdedenham2e	dcoda2e@typepad.com	AZjsNU820OU	D	5390527572	5315668131	0
94	2022-06-13 10:39:26.502575	2022-06-13 10:39:26.502575	2022-02-23	2021-11-03	ntalboy2l	bhunnaball2l@drupal.org	kb35j1sru	B	5336103829	6275221731	0
107	2022-06-13 10:39:26.505434	2022-06-13 10:39:26.505434	2022-04-24	2021-12-15	njanc2y	mbatter2y@typepad.com	HF2DVguN	D	5340010788	8100969122	0
115	2022-06-13 10:39:26.507706	2022-06-13 10:39:26.507706	2021-12-18	2021-11-12	gcraythorn36	msebring36@google.ru	HvWjsZ	B	5350331082	0413833868	0
125	2022-06-13 10:39:26.510079	2022-06-13 10:39:26.510079	2022-04-20	2022-05-16	nhendonson3g	athreadgall3g@opensource.org	Ui4O6gfrdeuc	B	5353378474	6583258735	0
134	2022-06-13 10:39:26.512382	2022-06-13 10:39:26.512382	2022-04-20	2021-07-03	wdurling3p	rdibdall3p@blogtalkradio.com	rhENczd0U	D	5326895454	1067650006	0
145	2022-06-13 10:39:26.514785	2022-06-13 10:39:26.514785	2022-04-30	2021-09-01	hodby40	rdouglas40@wisc.edu	YMt4MgBEJk	BA	5322349674	7847672451	0
157	2022-06-13 10:39:26.517454	2022-06-13 10:39:26.517454	2021-08-29	2021-07-06	vscurlock4c	mcoare4c@webnode.com	zcaDqMKb4wME	BA	5306836078	4581178164	0
165	2022-06-13 10:39:26.519699	2022-06-13 10:39:26.519699	2022-03-21	2021-12-30	djedrzejczak4k	kfigin4k@sourceforge.net	jDMFffvGUV37	D	5301034682	4724515679	0
176	2022-06-13 10:39:26.522544	2022-06-13 10:39:26.522544	2021-11-27	2022-01-02	mmclanachan4v	sgaiford4v@sciencedaily.com	bZtfA8VEFN	DA	5392487353	0171459532	0
187	2022-06-13 10:39:26.525038	2022-06-13 10:39:26.525038	2021-06-16	2021-06-30	mlimon56	zdaborn56@sogou.com	BJrDKN3xii	VA	5348655164	3735112956	0
195	2022-06-13 10:39:26.527176	2022-06-13 10:39:26.527176	2021-12-15	2022-06-06	ctynnan5e	dwillsmore5e@baidu.com	POzXWj	D	5397934633	2381391411	0
204	2022-06-13 10:39:26.529538	2022-06-13 10:39:26.529538	2021-07-15	2021-12-17	disaacson5n	jlittlepage5n@uiuc.edu	kF3Mk78DlT	D	5368248921	8490591920	0
217	2022-06-13 10:39:26.532067	2022-06-13 10:39:26.532067	2021-12-01	2021-12-25	cgodilington60	bensley60@examiner.com	3XjbaOmJc47b	D	5375324553	4097739227	0
224	2022-06-13 10:39:26.53416	2022-06-13 10:39:26.53416	2021-07-13	2021-07-10	cfears67	ncella67@apple.com	K9LiyELwRoQ1	D	5373767100	4348121560	0
234	2022-06-13 10:39:26.53648	2022-06-13 10:39:26.53648	2022-05-31	2021-08-27	wroiz6h	baers6h@sphinn.com	QiKzp4f	D	5364036563	8287352491	0
245	2022-06-13 10:39:26.538872	2022-06-13 10:39:26.538872	2021-08-09	2021-10-23	svenable6s	rboncore6s@addthis.com	ikZQRLz	D	5307985313	3780336063	0
257	2022-06-13 10:39:26.541547	2022-06-13 10:39:26.541547	2022-03-26	2022-03-09	hchantler74	lliccardo74@arstechnica.com	6FFZBkD3okc	DA	5309963047	9983489009	0
265	2022-06-13 10:39:26.543788	2022-06-13 10:39:26.543788	2022-06-09	2022-01-03	fsmorthit7c	snourse7c@google.it	J8QiWOX	D	5315272054	2679479196	0
275	2022-06-13 10:39:26.546165	2022-06-13 10:39:26.546165	2021-07-30	2021-06-28	btetla7m	skippins7m@deviantart.com	lb0YVd2gP	D	5355399657	4835791593	0
285	2022-06-13 10:39:26.548516	2022-06-13 10:39:26.548516	2022-02-25	2022-05-26	jrapper7w	tgoodwin7w@icio.us	nhYr2Vk	DA	5385176091	6418118140	0
297	2022-06-13 10:39:26.551006	2022-06-13 10:39:26.551006	2022-01-18	2022-04-23	mcutmare88	ddelves88@ask.com	TETuPk	D	5337568639	1415226488	0
305	2022-06-13 10:39:26.55311	2022-06-13 10:39:26.55311	2022-05-13	2022-04-22	rtregear8g	lbeddall8g@google.es	ltQxr8k	DA	5374096009	3432003731	0
317	2022-06-13 10:39:26.55575	2022-06-13 10:39:26.55575	2022-04-19	2022-03-14	escattergood8s	bmoxstead8s@ezinearticles.com	aPPelGOGWU1z	BA	5308298929	7729009108	0
326	2022-06-13 10:39:26.558453	2022-06-13 10:39:26.558453	2021-09-21	2022-03-16	ocarnaman91	jgotling91@mysql.com	gvEuz97Oo	D	5372364505	9103327958	0
334	2022-06-13 10:39:26.560466	2022-06-13 10:39:26.560466	2021-11-05	2022-04-02	pmechi99	apinnington99@shutterfly.com	HCqn4UPJgSnR	DA	5392844067	5827405091	0
344	2022-06-13 10:39:26.562946	2022-06-13 10:39:26.562946	2022-04-03	2022-03-21	pbernardini9j	sslegg9j@bing.com	Q7y4exv2	DA	5300584495	8282065567	0
354	2022-06-13 10:39:26.565285	2022-06-13 10:39:26.565285	2021-12-26	2021-10-26	acheckley9t	nstangel9t@so-net.ne.jp	AtvDz1CtfU	D	5394433461	3819520094	0
365	2022-06-13 10:39:26.567792	2022-06-13 10:39:26.567792	2021-06-17	2021-07-19	kdumphreya4	ccroslanda4@google.it	O9xRS0	D	5349624770	1180086392	0
377	2022-06-13 10:39:26.57033	2022-06-13 10:39:26.57033	2022-01-23	2021-09-20	amargerrisonag	dalliottag@google.cn	boOVw1	D	5328009158	5132127524	0
384	2022-06-13 10:39:26.572557	2022-06-13 10:39:26.572557	2021-11-04	2022-04-05	ransellan	bmingayean@exblog.jp	LAwD3X264ZJ	DA	5341396938	8669301681	0
396	2022-06-13 10:39:26.575036	2022-06-13 10:39:26.575036	2021-07-07	2021-11-24	odigginaz	tspellworthaz@4shared.com	ewqgXddz5Mf	D	5307346410	9374768180	0
405	2022-06-13 10:39:26.577388	2022-06-13 10:39:26.577388	2021-07-29	2022-06-01	rguinnb8	dbaldenb8@yellowpages.com	j29inYFbv	D	5310828474	7572344998	0
416	2022-06-13 10:39:26.579871	2022-06-13 10:39:26.579871	2022-03-25	2022-06-03	ddecourcybj	lcampesbj@g.co	6gP1aCD	D	5305929283	7131222619	0
427	2022-06-13 10:39:26.582138	2022-06-13 10:39:26.582138	2021-12-06	2021-08-08	hkubanekbu	gmarzellibu@1688.com	UG9htJxmY	D	5321330665	4660956750	0
435	2022-06-13 10:39:26.584369	2022-06-13 10:39:26.584369	2021-11-29	2022-03-18	ofarebrotherc2	nfranzkec2@dailymotion.com	6YE0LlrFv2JT	D	5310649222	1987753318	0
447	2022-06-13 10:39:26.586919	2022-06-13 10:39:26.586919	2022-02-03	2021-08-12	vmacmeanmace	lcervantesce@wired.com	EQ7HkL0MpAD	D	5303162838	9243740893	0
455	2022-06-13 10:39:26.589045	2022-06-13 10:39:26.589045	2021-08-18	2021-10-11	jledgistercm	bvalenciacm@dmoz.org	Uu7GDN	D	5345512791	6815227256	0
464	2022-06-13 10:39:26.591406	2022-06-13 10:39:26.591406	2021-12-01	2021-12-17	acopnarcv	fjosskovitzcv@tuttocitta.it	duJu3iX	DA	5307292230	0340137957	0
477	2022-06-13 10:39:26.594644	2022-06-13 10:39:26.594644	2021-08-19	2022-05-20	tharbyd8	dobleind8@ustream.tv	Aptclwjj	DA	5309000188	9159805991	0
486	2022-06-13 10:39:26.597411	2022-06-13 10:39:26.597411	2021-11-26	2021-09-11	coliveradh	tgierharddh@hud.gov	dtTRk4UlBhuo	D	5366998056	3039324481	0
494	2022-06-13 10:39:26.599746	2022-06-13 10:39:26.599746	2021-10-01	2021-06-18	lruterdp	swhitseydp@europa.eu	AC298saKmF	D	5336216435	6181698483	0
502	2022-06-13 10:39:26.602048	2022-06-13 10:39:26.602048	2021-10-06	2022-04-17	ppetriellodx	mdanskinedx@europa.eu	ko1gnY9B8xq	B	5344681188	5401754933	0
513	2022-06-13 10:39:26.604465	2022-06-13 10:39:26.604465	2021-10-10	2022-03-11	bsprulese8	mbambe8@yelp.com	ZqB8HyALN	D	5331592583	5393505578	0
521	2022-06-13 10:39:26.606665	2022-06-13 10:39:26.606665	2021-09-23	2021-08-07	ljamrowiczeg	cmaccardeg@friendfeed.com	DZTfwV	D	5380337247	6541002076	0
532	2022-06-13 10:39:26.609047	2022-06-13 10:39:26.609047	2021-10-06	2021-11-01	leisaker	aalboner@google.es	hZEZFF	DA	5370746587	3071967398	0
543	2022-06-13 10:39:26.611392	2022-06-13 10:39:26.611392	2021-06-30	2021-10-06	sdarquef2	ipaulaf2@geocities.jp	wdadJQaD	DA	5337163179	0955324367	0
552	2022-06-13 10:39:26.613723	2022-06-13 10:39:26.613723	2022-01-13	2022-02-14	cwroutfb	fblandfordfb@phoca.cz	odHj3Ysf	DA	5394744528	3683326556	0
565	2022-06-13 10:39:26.616342	2022-06-13 10:39:26.616342	2021-10-16	2021-07-24	nblindfo	brosengrenfo@dyndns.org	o0660d	D	5336900933	5121188174	0
574	2022-06-13 10:39:26.618611	2022-06-13 10:39:26.618611	2021-07-15	2022-06-08	emankorfx	gcrosbiefx@wordpress.org	XkLXgqL	D	5386291263	2256279505	0
584	2022-06-13 10:39:26.620878	2022-06-13 10:39:26.620878	2022-01-12	2021-08-31	spriddeng7	lmeeseg7@gmpg.org	9ypl0PBUga	DA	5316294139	4216817864	0
594	2022-06-13 10:39:26.623339	2022-06-13 10:39:26.623339	2022-06-04	2021-12-01	hboultgh	lpolleyegh@uiuc.edu	BnDqww	BA	5396842581	3569656820	0
9	2022-06-13 10:39:26.43612	2022-06-13 10:39:26.43612	2022-06-10	2022-05-01	oiseton8	wdinapoli8@cdbaby.com	76E8sYX3	DA	5392294706	8189987417	0
27	2022-06-13 10:39:26.456405	2022-06-13 10:39:26.456405	2021-09-22	2022-02-14	gklesseq	mmccarrickq@usatoday.com	bDL1HNW	D	5343210030	1563784948	0
37	2022-06-13 10:39:26.464827	2022-06-13 10:39:26.464827	2021-07-15	2022-05-08	ahotson10	hhalfpenny10@nhs.uk	yOdmiohH8	D	5378625024	6893121778	0
43	2022-06-13 10:39:26.482589	2022-06-13 10:39:26.482589	2021-07-31	2021-12-05	gstiegars16	asigart16@github.io	KhuptFTbI	D	5395978873	3722182681	0
52	2022-06-13 10:39:26.490892	2022-06-13 10:39:26.490892	2022-02-24	2022-03-14	mduggen1f	gcarbery1f@1und1.de	OkyzXF	D	5382818077	6569965607	0
59	2022-06-13 10:39:26.494141	2022-06-13 10:39:26.494141	2022-06-04	2021-11-05	tstillman1m	wbeney1m@hexun.com	V6zQTb3lihwZ	DA	5372232141	1886382534	0
70	2022-06-13 10:39:26.49658	2022-06-13 10:39:26.49658	2021-11-27	2022-05-07	vvanderplas1x	cduignan1x@opensource.org	oIq5MZRSRa	BA	5360655315	9188619642	0
85	2022-06-13 10:39:26.499537	2022-06-13 10:39:26.499537	2022-04-09	2021-08-23	jnavarre2c	llatorre2c@printfriendly.com	l8Z8sq	D	5313088136	9987615301	0
95	2022-06-13 10:39:26.502741	2022-06-13 10:39:26.502741	2021-06-24	2022-05-06	fenriquez2m	jdinning2m@desdev.cn	UpdEuylenIs	BA	5328711680	0775270401	0
106	2022-06-13 10:39:26.505302	2022-06-13 10:39:26.505302	2022-06-07	2021-06-21	wbebis2x	awilstead2x@un.org	xavzXq3WRrt	DA	5305974431	3503474690	0
114	2022-06-13 10:39:26.507616	2022-06-13 10:39:26.507616	2021-12-24	2021-11-03	aarmour35	bdashper35@walmart.com	KdOgFP6Be2kg	DA	5314323576	3477920497	0
124	2022-06-13 10:39:26.509998	2022-06-13 10:39:26.509998	2021-10-24	2022-01-14	sohagirtie3f	aboriston3f@geocities.com	ByP7Hno	DA	5340552869	1518380706	0
136	2022-06-13 10:39:26.512459	2022-06-13 10:39:26.512459	2021-12-20	2021-11-02	ilearoyde3r	shynd3r@acquirethisname.com	VUYpdGC35ug	D	5390493324	7970827210	0
144	2022-06-13 10:39:26.514716	2022-06-13 10:39:26.514716	2022-04-11	2021-08-27	atupman3z	mtoffolini3z@blogspot.com	CinJGRJy	DA	5359592770	4032559671	0
155	2022-06-13 10:39:26.51729	2022-06-13 10:39:26.51729	2021-12-27	2021-10-18	akinner4a	nwint4a@imageshack.us	xWR2vJNryelQ	B	5324381641	4053234845	0
167	2022-06-13 10:39:26.519821	2022-06-13 10:39:26.519821	2021-10-06	2021-06-24	vmacquire4m	aallchin4m@goo.ne.jp	JTYQjFsthMJ	B	5344703525	9393834675	0
175	2022-06-13 10:39:26.522474	2022-06-13 10:39:26.522474	2022-02-18	2021-10-19	nreding4u	fdeane4u@theglobeandmail.com	TyZFJHFr4jj	D	5364606126	4289072359	0
185	2022-06-13 10:39:26.524867	2022-06-13 10:39:26.524867	2021-08-26	2022-01-09	ddaber54	wide54@wikia.com	BPFRj2MDe	BA	5394043319	3325389225	0
196	2022-06-13 10:39:26.527292	2022-06-13 10:39:26.527292	2021-08-26	2022-01-14	cdabbes5f	jdeplacido5f@lulu.com	lHSCs6	DA	5312410166	6103844118	0
205	2022-06-13 10:39:26.529614	2022-06-13 10:39:26.529614	2021-12-03	2021-07-17	rpetche5o	nzupone5o@free.fr	vFiUAABB8bZb	D	5315017225	5131249856	0
216	2022-06-13 10:39:26.532043	2022-06-13 10:39:26.532043	2022-03-22	2022-03-28	kgatherell5z	sprovost5z@yahoo.com	ULAXYXL	BA	5391870498	0122768974	0
227	2022-06-13 10:39:26.53438	2022-06-13 10:39:26.53438	2021-11-06	2022-02-08	ejosephi6a	jwitham6a@people.com.cn	ih5WDT4Qw	D	5313482386	9026948282	0
236	2022-06-13 10:39:26.536612	2022-06-13 10:39:26.536612	2021-07-09	2021-09-04	besome6j	mkingsnorth6j@google.com	Zdggz5L	V	5321675191	8085358771	0
246	2022-06-13 10:39:26.538946	2022-06-13 10:39:26.538946	2021-10-25	2021-09-01	bcastellini6t	bsuttell6t@angelfire.com	IGN46wdqZSIn	DA	5379907401	5418134721	0
255	2022-06-13 10:39:26.541396	2022-06-13 10:39:26.541396	2021-06-16	2021-09-27	mheald72	ostonhewer72@digg.com	wgIozJdG16I	DA	5318125153	9844557389	0
266	2022-06-13 10:39:26.543868	2022-06-13 10:39:26.543868	2021-08-27	2021-10-11	lhaney7d	hmagog7d@squidoo.com	u8VqlVFR7fK	BA	5334956898	5009682735	0
274	2022-06-13 10:39:26.546069	2022-06-13 10:39:26.546069	2021-06-30	2021-12-07	mharby7l	rhaddow7l@stumbleupon.com	jhZfWL5D	DA	5361390938	4820102839	0
286	2022-06-13 10:39:26.548606	2022-06-13 10:39:26.548606	2021-10-04	2022-02-18	gpoolman7x	cblackhurst7x@house.gov	HyDclvPhb	D	5363907970	6141462838	0
295	2022-06-13 10:39:26.550841	2022-06-13 10:39:26.550841	2022-01-16	2021-10-24	bcudbird86	ndoles86@weather.com	1NTJ9X0GmcN5	DA	5336673276	3752187336	0
307	2022-06-13 10:39:26.553259	2022-06-13 10:39:26.553259	2021-08-04	2022-03-06	mforsdicke8i	oledamun8i@dropbox.com	XOcK3WTWFWe	D	5369461267	1602769293	0
316	2022-06-13 10:39:26.55571	2022-06-13 10:39:26.55571	2021-10-04	2021-11-15	ccruikshanks8r	glangtree8r@reddit.com	0lFLW8	D	5313139463	9867794173	0
324	2022-06-13 10:39:26.558305	2022-06-13 10:39:26.558305	2021-12-20	2021-08-20	dsnow8z	epirrey8z@fotki.com	zHMiy9N	D	5364107517	1420040224	0
335	2022-06-13 10:39:26.560542	2022-06-13 10:39:26.560542	2022-04-08	2022-04-07	amilbank9a	bbaldree9a@wix.com	boETSb	D	5331654235	7044679549	0
347	2022-06-13 10:39:26.563213	2022-06-13 10:39:26.563213	2021-09-11	2021-11-18	laukland9m	lneasham9m@netlog.com	Elew4aDpCLIm	D	5319734790	7526072959	0
357	2022-06-13 10:39:26.565489	2022-06-13 10:39:26.565489	2021-12-29	2022-05-12	emackiewicz9w	wlartice9w@csmonitor.com	oWcnLmh	D	5309119640	1735028652	0
366	2022-06-13 10:39:26.567891	2022-06-13 10:39:26.567891	2021-07-17	2022-03-11	nwittsa5	lrubinsohna5@sogou.com	JlrAaHLIMnL	D	5378516039	1298775688	0
375	2022-06-13 10:39:26.570166	2022-06-13 10:39:26.570166	2021-07-10	2022-03-14	icremenae	keilhertsenae@webmd.com	iKCBvi	D	5338451786	6409486620	0
387	2022-06-13 10:39:26.572804	2022-06-13 10:39:26.572804	2021-06-23	2022-03-30	etaborreaq	dquaifeaq@cbslocal.com	76zItGN0r1	D	5367674219	6946256378	0
395	2022-06-13 10:39:26.574946	2022-06-13 10:39:26.574946	2021-07-23	2021-07-21	jkamenaray	mrawsthorneay@seesaa.net	KMkEdHrXu5m	B	5342875711	3105378452	0
404	2022-06-13 10:39:26.577382	2022-06-13 10:39:26.577382	2021-08-19	2022-06-05	sscoginb7	jgiffonb7@tamu.edu	pFZjZ1iKbwv	DA	5302815619	2858149153	0
414	2022-06-13 10:39:26.579645	2022-06-13 10:39:26.579645	2021-10-15	2022-04-26	jlefridgebh	cgarlandbh@house.gov	YRbfx0	DA	5397407202	7869572451	0
424	2022-06-13 10:39:26.581892	2022-06-13 10:39:26.581892	2022-02-05	2022-06-08	vbagniukbr	vbryantbr@ft.com	dVRO6smi	BA	5395109287	1587422352	0
434	2022-06-13 10:39:26.584297	2022-06-13 10:39:26.584297	2022-02-20	2021-06-28	hgoodingec1	dshambrookec1@sbwire.com	y13hlFDY	DA	5318671204	0836841795	0
445	2022-06-13 10:39:26.586759	2022-06-13 10:39:26.586759	2021-07-09	2021-07-24	acossanscc	dstanfordcc@abc.net.au	1C9jpf5M	DA	5386233775	0937803637	0
454	2022-06-13 10:39:26.589056	2022-06-13 10:39:26.589056	2021-10-23	2021-11-12	csemourcl	aloidlcl@sina.com.cn	oYOVWGhIwxv	DA	5373833232	4978889787	0
466	2022-06-13 10:39:26.591504	2022-06-13 10:39:26.591504	2021-07-19	2021-08-08	ffullecx	theavycx@webnode.com	QdDOtr	DA	5344824182	5680023723	0
475	2022-06-13 10:39:26.594425	2022-06-13 10:39:26.594425	2022-01-30	2021-08-25	dtaped6	sbrashawd6@skyrock.com	YeqlgHcKKi	DA	5303005550	9597116517	0
485	2022-06-13 10:39:26.597174	2022-06-13 10:39:26.597174	2022-02-04	2022-04-18	tnucatordg	wiffedg@statcounter.com	j0BhnX	D	5397629154	8256927100	0
492	2022-06-13 10:39:26.599625	2022-06-13 10:39:26.599625	2021-09-18	2021-07-15	swoollcottdn	sbellochdn@sciencedaily.com	7hFElFFtM	D	5322654895	9601674953	0
503	2022-06-13 10:39:26.602117	2022-06-13 10:39:26.602117	2022-02-28	2021-09-25	opeiledy	csimesdy@acquirethisname.com	3GDP8N	V	5312682472	2256732644	0
511	2022-06-13 10:39:26.604336	2022-06-13 10:39:26.604336	2021-06-25	2021-08-05	tharnese6	cyewene6@hostgator.com	9l5I0F71j	BA	5367769776	2945486506	0
526	2022-06-13 10:39:26.607049	2022-06-13 10:39:26.607049	2021-10-31	2021-12-30	ylimprechtel	hcoghlinel@mayoclinic.com	SCzebsT13	D	5357051108	1536599291	0
531	2022-06-13 10:39:26.608973	2022-06-13 10:39:26.608973	2021-06-26	2021-11-21	sgreenhilleq	bfeirneq@google.ru	bEGw3H3T0	D	5330385319	6666601930	0
544	2022-06-13 10:39:26.611519	2022-06-13 10:39:26.611519	2021-10-22	2022-03-10	estannionf3	gabraminf3@nymag.com	AjGel1OEq	D	5396525571	3380999822	0
555	2022-06-13 10:39:26.613987	2022-06-13 10:39:26.613987	2022-05-17	2022-04-30	bargentfe	jbarnevillefe@w3.org	kZPs4O5tLegR	BA	5350740808	7118007285	0
566	2022-06-13 10:39:26.616408	2022-06-13 10:39:26.616408	2021-07-28	2021-09-09	dheissfp	lshinglerfp@amazon.de	uGZY3d	DA	5309494348	6123647187	0
573	2022-06-13 10:39:26.618535	2022-06-13 10:39:26.618535	2022-06-05	2022-05-10	bgorriesfw	ghorningfw@seesaa.net	6bmKebKQ	DA	5333656062	3343031474	0
586	2022-06-13 10:39:26.621142	2022-06-13 10:39:26.621142	2021-07-14	2021-08-11	awinghamg9	rmonckg9@amazon.co.uk	Y0x9x3OBP	BA	5350446956	9317567049	0
597	2022-06-13 10:39:26.623599	2022-06-13 10:39:26.623599	2022-05-11	2021-07-04	jcreesgk	egantergk@telegraph.co.uk	6RhBKRE	D	5359865670	0047495438	0
603	2022-06-13 10:39:26.625726	2022-06-13 10:39:26.625726	2021-12-07	2022-04-04	jitzkingq	esympsongq@jalbum.net	htUOC1qeiJ	VA	5355844685	9884522906	0
10	2022-06-13 10:39:26.438175	2022-06-13 10:39:26.438175	2021-07-02	2022-05-28	avedenyakin9	cmill9@netlog.com	Hfo1ET4	BA	5399295953	9135774147	0
28	2022-06-13 10:39:26.456617	2022-06-13 10:39:26.456617	2021-09-24	2022-04-10	bveiversr	holiverr@webeden.co.uk	zDy9axEgGCnV	D	5325032798	8611342105	0
36	2022-06-13 10:39:26.464856	2022-06-13 10:39:26.464856	2022-02-10	2021-11-27	idevoielsz	nskermanz@about.com	dLIUUfOG	V	5313838104	4854738161	0
42	2022-06-13 10:39:26.482371	2022-06-13 10:39:26.482371	2021-07-15	2021-08-27	ltowhey15	akewzick15@utexas.edu	URYesT	D	5383451242	6417170127	0
51	2022-06-13 10:39:26.490267	2022-06-13 10:39:26.490267	2021-12-03	2022-02-02	hbeaconsall1e	mserginson1e@xrea.com	Yb560qcn	D	5300001884	4146959468	0
62	2022-06-13 10:39:26.494391	2022-06-13 10:39:26.494391	2022-01-20	2022-01-27	wfanshaw1p	jharnes1p@nps.gov	p1KPkyV939rI	V	5302131148	0606117179	0
74	2022-06-13 10:39:26.496917	2022-06-13 10:39:26.496917	2021-12-31	2021-11-30	iohallihane21	cleconte21@t-online.de	1YhPto	D	5338366640	3016120576	0
82	2022-06-13 10:39:26.499276	2022-06-13 10:39:26.499276	2021-10-09	2021-11-03	growlett29	csagerson29@ucoz.com	tjaFQc6a	BA	5347886357	8897975153	0
93	2022-06-13 10:39:26.501609	2022-06-13 10:39:26.501609	2021-09-21	2021-08-24	kfarndon2k	wcurtoys2k@washingtonpost.com	scrICdeHt	D	5398573790	4434658947	0
99	2022-06-13 10:39:26.503888	2022-06-13 10:39:26.503888	2022-02-04	2022-04-21	jlawlan2q	tgoggin2q@yale.edu	Wnsl4Hm	D	5359324633	5580542353	0
110	2022-06-13 10:39:26.506625	2022-06-13 10:39:26.506625	2022-05-31	2022-04-14	likins31	mcrates31@weather.com	Z3Wj4viAvSy	D	5349591243	3444464276	0
119	2022-06-13 10:39:26.508871	2022-06-13 10:39:26.508871	2022-03-18	2022-05-29	kgosalvez3a	umarrow3a@issuu.com	we6EJssEnEQ	DA	5366302181	4420076769	0
132	2022-06-13 10:39:26.511463	2022-06-13 10:39:26.511463	2021-08-31	2021-09-07	rummfrey3n	adagnall3n@tripadvisor.com	dfpNVNI	D	5316648607	8990779454	0
143	2022-06-13 10:39:26.514031	2022-06-13 10:39:26.514031	2022-05-28	2021-12-18	gwoofinden3y	mrobins3y@usatoday.com	6ii0HoUF	B	5398618045	5248793124	0
152	2022-06-13 10:39:26.516394	2022-06-13 10:39:26.516394	2021-06-13	2021-09-23	tdaventry47	iloggie47@icio.us	lrjJDhq1uyLx	DA	5339661132	7281149068	0
158	2022-06-13 10:39:26.518404	2022-06-13 10:39:26.518404	2021-07-31	2021-09-03	gbotterell4d	cdimbleby4d@census.gov	XzRenNTKzTzR	DA	5314534515	8531580129	0
170	2022-06-13 10:39:26.520924	2022-06-13 10:39:26.520924	2021-12-02	2022-06-02	tcoughtrey4p	ksapsford4p@yellowpages.com	zYHhTP5I3W9	D	5327866967	9771714230	0
180	2022-06-13 10:39:26.52384	2022-06-13 10:39:26.52384	2021-11-25	2021-11-02	cwattinham4z	fweetch4z@seesaa.net	abGUSnM	D	5327624852	7818004353	0
190	2022-06-13 10:39:26.526135	2022-06-13 10:39:26.526135	2021-09-07	2021-09-01	amomford59	lwarters59@youku.com	1vvSCcUyKvZm	D	5395098885	0861046772	0
201	2022-06-13 10:39:26.528708	2022-06-13 10:39:26.528708	2022-03-21	2022-06-08	tlanegran5k	sstonner5k@exblog.jp	ba2Vf8yVzQe	D	5303059066	4646715135	0
208	2022-06-13 10:39:26.530718	2022-06-13 10:39:26.530718	2022-05-07	2021-07-24	maronov5r	grefford5r@ning.com	g3rKD9	D	5311937637	4570222144	0
219	2022-06-13 10:39:26.533091	2022-06-13 10:39:26.533091	2022-03-25	2021-07-21	cmattke62	hjuanico62@360.cn	v75LgOQzDr	D	5310798677	6097584975	0
228	2022-06-13 10:39:26.535319	2022-06-13 10:39:26.535319	2021-07-15	2022-02-09	olack6b	sberford6b@springer.com	9toWwlUjD9Yj	D	5369480289	8431515152	0
243	2022-06-13 10:39:26.538136	2022-06-13 10:39:26.538136	2021-10-22	2021-08-11	cshorie6q	gkendrew6q@bandcamp.com	KLpQyc6U	D	5383456011	9059060953	0
250	2022-06-13 10:39:26.540171	2022-06-13 10:39:26.540171	2022-03-03	2021-09-24	hburehill6x	mbachura6x@webs.com	KcP393	D	5375685315	0204823591	0
258	2022-06-13 10:39:26.542483	2022-06-13 10:39:26.542483	2021-12-20	2022-04-05	jfynes75	sgolley75@1688.com	bs8SjYWVhWD	D	5326189673	8855419593	0
272	2022-06-13 10:39:26.545345	2022-06-13 10:39:26.545345	2021-07-28	2022-01-23	jcardenas7j	scordery7j@about.com	aRUwD8U	D	5310401537	6109441936	0
283	2022-06-13 10:39:26.547716	2022-06-13 10:39:26.547716	2022-02-22	2021-11-12	tbeaston7u	jkensington7u@youku.com	YXb0qnz	DA	5345939568	9974476575	0
291	2022-06-13 10:39:26.549826	2022-06-13 10:39:26.549826	2021-10-07	2021-11-12	kdunbobbin82	askelhorn82@dot.gov	we73lPzyX	D	5340326674	4067836059	0
298	2022-06-13 10:39:26.551931	2022-06-13 10:39:26.551931	2022-04-24	2022-05-28	mbattell89	lgebbie89@wikispaces.com	IRWBBF	D	5329820096	5110643653	0
309	2022-06-13 10:39:26.554419	2022-06-13 10:39:26.554419	2021-12-26	2022-02-03	jalenshev8k	eseale8k@va.gov	5Zdmr5T	D	5394610113	8181693857	0
319	2022-06-13 10:39:26.556721	2022-06-13 10:39:26.556721	2021-12-25	2021-11-09	egrebert8u	rsamper8u@tmall.com	WEu9DmpJ	DA	5322695380	0876744370	0
331	2022-06-13 10:39:26.559559	2022-06-13 10:39:26.559559	2021-07-28	2021-08-16	menriques96	mhardwick96@meetup.com	6Sz9QL	DA	5373105747	2331989897	0
341	2022-06-13 10:39:26.561887	2022-06-13 10:39:26.561887	2021-10-16	2021-11-26	nchawkley9g	apettecrew9g@pinterest.com	85R3tzlU5hJ	VA	5314437667	9924291332	0
351	2022-06-13 10:39:26.564376	2022-06-13 10:39:26.564376	2021-09-14	2021-10-31	rwhetland9q	vmanhare9q@people.com.cn	v0rWZw91RO	DA	5391678779	9438137012	0
360	2022-06-13 10:39:26.566631	2022-06-13 10:39:26.566631	2021-07-04	2022-05-10	khestrop9z	eedgecumbe9z@issuu.com	QxocAWPj8IR1	D	5320505241	7337871207	0
368	2022-06-13 10:39:26.568953	2022-06-13 10:39:26.568953	2022-06-10	2021-07-27	ntapnera7	jwaterfalla7@blinklist.com	13xbMiDEablo	D	5350687242	3017161485	0
378	2022-06-13 10:39:26.571337	2022-06-13 10:39:26.571337	2022-03-19	2022-03-14	kcrossleyah	imikoah@xinhuanet.com	ziZU7FwHP83	D	5316586551	0239722832	0
392	2022-06-13 10:39:26.574043	2022-06-13 10:39:26.574043	2021-09-07	2022-03-04	kporttav	cmartillav@1688.com	uGEhXNfbixI	D	5368277186	6290151381	0
399	2022-06-13 10:39:26.576155	2022-06-13 10:39:26.576155	2022-04-14	2022-03-15	otidboldb2	kshafeb2@howstuffworks.com	PIqEZeH	D	5344834170	6955639597	0
412	2022-06-13 10:39:26.57876	2022-06-13 10:39:26.57876	2022-01-24	2021-12-19	nblenkensopbf	apowneybf@indiatimes.com	DcBGDexyIVtn	D	5326402952	1451122514	0
419	2022-06-13 10:39:26.580872	2022-06-13 10:39:26.580872	2022-03-10	2021-12-23	jromagnosibm	sguerribm@cnn.com	Meksf4B6UY	BA	5382438372	0224178330	0
430	2022-06-13 10:39:26.583212	2022-06-13 10:39:26.583212	2022-03-27	2021-12-24	ccratchleybx	iemersonbx@spiegel.de	gp86R1nNBf	D	5331571054	3185785070	0
443	2022-06-13 10:39:26.585805	2022-06-13 10:39:26.585805	2022-04-05	2021-09-26	pschukertca	pwhitemarshca@imgur.com	pOsabK	DA	5371270194	5561824110	0
449	2022-06-13 10:39:26.58797	2022-06-13 10:39:26.58797	2022-01-08	2021-10-07	wapplebycg	sabrahamoffcg@nifty.com	Gp9e4ogq	DA	5326745544	8687012243	0
459	2022-06-13 10:39:26.590261	2022-06-13 10:39:26.590261	2022-04-15	2021-07-21	dcardecq	hdriolicq@goo.ne.jp	D7eT0T45RDU	D	5364362211	6231068068	0
472	2022-06-13 10:39:26.592951	2022-06-13 10:39:26.592951	2021-10-22	2022-04-10	dmacewand3	declesd3@macromedia.com	PHxeenBJ	D	5328445945	2140408958	0
479	2022-06-13 10:39:26.595919	2022-06-13 10:39:26.595919	2021-12-13	2021-11-26	rstientonda	cprimakda@ihg.com	4dOF4jFokdX	D	5312819235	7401066027	0
488	2022-06-13 10:39:26.598466	2022-06-13 10:39:26.598466	2021-12-22	2022-04-05	dgoulddj	mcoldbathedj@foxnews.com	McQe0m99	D	5309959576	2807824097	0
499	2022-06-13 10:39:26.600888	2022-06-13 10:39:26.600888	2021-08-01	2022-06-04	mfitzackerleydu	hwelbourndu@chicagotribune.com	7S2PTVjL	DA	5374717762	2899665652	0
510	2022-06-13 10:39:26.603389	2022-06-13 10:39:26.603389	2021-09-08	2021-08-08	howbridgee5	sracke5@archive.org	Nmtd5x8F5he	DA	5381731525	1708925193	0
518	2022-06-13 10:39:26.605508	2022-06-13 10:39:26.605508	2022-03-31	2021-10-24	bhutsbyed	etellessoned@ycombinator.com	GdytPBI1p	D	5321912029	5113062408	0
529	2022-06-13 10:39:26.607868	2022-06-13 10:39:26.607868	2021-10-05	2021-12-23	rtiernaneo	avlasoveo@vimeo.com	jgzD66Nu	BA	5372005596	0608553979	0
540	2022-06-13 10:39:26.61031	2022-06-13 10:39:26.61031	2021-10-16	2022-04-28	gseallyez	lericssonez@cam.ac.uk	cfmzNL	BA	5300752403	4304873375	0
550	2022-06-13 10:39:26.612666	2022-06-13 10:39:26.612666	2022-01-26	2021-07-17	cellensf9	esplevingsf9@kickstarter.com	sRMBkwYghEt	D	5374145405	6549020684	0
559	2022-06-13 10:39:26.61491	2022-06-13 10:39:26.61491	2021-07-08	2021-11-11	fkosfi	fhiscokefi@washington.edu	wxmVoS35fV	D	5391202904	9257771983	0
568	2022-06-13 10:39:26.61723	2022-06-13 10:39:26.61723	2021-10-25	2021-08-22	cwoodsfordfr	scraydenfr@uiuc.edu	ZEaDVUEFU	D	5394808392	0484959338	0
579	2022-06-13 10:39:26.619611	2022-06-13 10:39:26.619611	2021-10-31	2021-06-25	cpickering2	cdillintong2@house.gov	NqEEwNxh5	D	5368289895	5394190682	0
590	2022-06-13 10:39:26.622062	2022-06-13 10:39:26.622062	2021-10-11	2022-05-15	teustisgd	ipolycotegd@cnn.com	NBVt6iJpvJ	BA	5355612268	7002260014	0
600	2022-06-13 10:39:26.624381	2022-06-13 10:39:26.624381	2021-11-04	2022-03-10	sparsonsgn	cdavydzenkogn@indiegogo.com	49bt34Uf	D	5315668981	4251246059	0
19	2022-06-13 10:39:26.492228	2022-06-13 10:39:26.492228	2022-01-11	2022-02-02	schatbandi	nbenedettinii@mac.com	B39cHDX4PK	BA	5383353489	8940448995	0
68	2022-06-13 10:39:26.495375	2022-06-13 10:39:26.495375	2022-01-29	2022-05-03	nmissenden1v	apoulton1v@samsung.com	QXtzWxgyAbV	DA	5335148441	9071166496	0
77	2022-06-13 10:39:26.497695	2022-06-13 10:39:26.497695	2021-10-31	2021-08-06	shaddinton24	ifontell24@upenn.edu	rJEaFx	DA	5309383064	6454134839	0
86	2022-06-13 10:39:26.500056	2022-06-13 10:39:26.500056	2021-09-18	2022-05-09	obrickwood2d	abraham2d@squidoo.com	96JYaJ4c	D	5319079880	6991023018	0
98	2022-06-13 10:39:26.503043	2022-06-13 10:39:26.503043	2022-06-02	2021-07-09	jghilks2p	cradclyffe2p@bing.com	Qa892XSPGtDj	DA	5308891004	9844261267	0
104	2022-06-13 10:39:26.505165	2022-06-13 10:39:26.505165	2022-04-03	2021-07-03	dhughlin2v	brumbelow2v@cpanel.net	MMtyBC	D	5318983325	8375522205	0
116	2022-06-13 10:39:26.507787	2022-06-13 10:39:26.507787	2022-04-06	2022-03-27	bgirodin37	dponcet37@foxnews.com	nGbNW3	BA	5358175143	3810452540	0
126	2022-06-13 10:39:26.510168	2022-06-13 10:39:26.510168	2022-03-08	2022-05-09	sbushell3h	mgravet3h@de.vu	SCItqQrMCn4M	BA	5320235528	5988287526	0
137	2022-06-13 10:39:26.512557	2022-06-13 10:39:26.512557	2021-11-05	2021-10-24	obowller3s	bewins3s@soundcloud.com	wk2qlFXaSb	D	5385514599	7195089241	0
147	2022-06-13 10:39:26.514978	2022-06-13 10:39:26.514978	2022-01-07	2021-08-03	gscantleberry42	mbradick42@usgs.gov	4E0ZSLknTlMR	D	5346013869	5017553186	0
154	2022-06-13 10:39:26.517186	2022-06-13 10:39:26.517186	2021-07-07	2022-01-02	jlantoph49	zhaill49@cdbaby.com	F07bZLAv0g4t	D	5325467054	5912196827	0
164	2022-06-13 10:39:26.519584	2022-06-13 10:39:26.519584	2022-06-07	2021-08-04	abrisker4j	ecrosskill4j@blogs.com	vJZMXz	D	5329609966	1364397566	0
177	2022-06-13 10:39:26.522612	2022-06-13 10:39:26.522612	2022-02-28	2021-11-04	kdrewclifton4w	nmohamed4w@live.com	gqtUxS1X	DA	5330862530	4346600965	0
184	2022-06-13 10:39:26.524798	2022-06-13 10:39:26.524798	2022-01-15	2021-11-19	cemerton53	mloftin53@furl.net	eJXtiu	DA	5371333138	1615537253	0
194	2022-06-13 10:39:26.527151	2022-06-13 10:39:26.527151	2022-03-28	2022-01-04	rgeeves5d	cclemetts5d@bloglovin.com	WhV7sHsw7Sn1	D	5312196600	3204267588	0
207	2022-06-13 10:39:26.52973	2022-06-13 10:39:26.52973	2022-04-17	2022-04-21	tshipway5q	lheal5q@miitbeian.gov.cn	q74CaTpNW	DA	5375968329	8940067935	0
214	2022-06-13 10:39:26.531901	2022-06-13 10:39:26.531901	2021-12-28	2021-06-25	cgarner5x	lmilch5x@i2i.jp	B8Fi4GgTm28P	D	5349464859	0832768389	0
226	2022-06-13 10:39:26.534335	2022-06-13 10:39:26.534335	2022-02-10	2021-12-25	cdysart69	jfittes69@howstuffworks.com	y9K9jBKC0W	D	5388333143	3313217468	0
237	2022-06-13 10:39:26.536679	2022-06-13 10:39:26.536679	2021-12-04	2021-12-29	vmellanby6k	gvasyuchov6k@mediafire.com	pM9TfOS	D	5315527073	6949567335	0
247	2022-06-13 10:39:26.539033	2022-06-13 10:39:26.539033	2021-07-11	2022-02-20	lhallward6u	pwymer6u@yolasite.com	bDgiUE	D	5385050116	5418459757	0
256	2022-06-13 10:39:26.541468	2022-06-13 10:39:26.541468	2022-05-06	2022-01-28	ttalby73	rmartijn73@prnewswire.com	qvcwJay8iMy	DA	5322267310	3109978644	0
264	2022-06-13 10:39:26.543692	2022-06-13 10:39:26.543692	2021-09-07	2021-06-29	efrede7b	dvatini7b@sourceforge.net	6qgyFiS7J	D	5375198206	0528120797	0
276	2022-06-13 10:39:26.546259	2022-06-13 10:39:26.546259	2021-12-22	2021-07-25	lobrogan7n	ahearnden7n@yolasite.com	twn0Tk0thS3B	DA	5304766125	0158621680	0
284	2022-06-13 10:39:26.548466	2022-06-13 10:39:26.548466	2021-11-26	2021-10-12	edowdle7v	vstock7v@webs.com	bHJBr63Q	D	5369493618	5556989045	0
296	2022-06-13 10:39:26.550936	2022-06-13 10:39:26.550936	2022-05-01	2022-03-09	dhaw87	mfairhead87@amazon.com	JNEeaoz	D	5363281531	8301284550	0
306	2022-06-13 10:39:26.553225	2022-06-13 10:39:26.553225	2021-09-24	2021-06-21	tmurtimer8h	afoulstone8h@arizona.edu	HOqQOqysWaa	VA	5379834213	1971288939	0
315	2022-06-13 10:39:26.555598	2022-06-13 10:39:26.555598	2021-08-25	2022-04-27	czelland8q	rgontier8q@buzzfeed.com	zqb0Stx	D	5392937690	7196504534	0
327	2022-06-13 10:39:26.558451	2022-06-13 10:39:26.558451	2021-06-29	2022-05-22	jbromehed92	lhankard92@hao123.com	JfPWcH	DA	5364261263	6985192213	0
336	2022-06-13 10:39:26.560636	2022-06-13 10:39:26.560636	2021-11-12	2021-08-07	kkleen9b	hwhodcoat9b@odnoklassniki.ru	4jt64cDDN	DA	5387504689	8719782314	0
345	2022-06-13 10:39:26.562998	2022-06-13 10:39:26.562998	2021-07-31	2022-01-17	abroe9k	tchillingworth9k@amazon.com	YL2P0P	D	5378649961	7001322513	0
356	2022-06-13 10:39:26.56537	2022-06-13 10:39:26.56537	2021-07-22	2022-02-25	kburgwyn9v	dreynard9v@examiner.com	5z47o5SO	BA	5337473378	8558192905	0
367	2022-06-13 10:39:26.567954	2022-06-13 10:39:26.567954	2021-09-24	2022-04-18	rbrundella6	agilpina6@mac.com	ggZ8XSlGi5	D	5306551835	7285139482	0
376	2022-06-13 10:39:26.570254	2022-06-13 10:39:26.570254	2022-03-22	2021-10-18	frosenvasseraf	dkelmereaf@cornell.edu	aVDfwAJCWJ1	D	5355265938	8281673148	0
385	2022-06-13 10:39:26.572619	2022-06-13 10:39:26.572619	2021-11-26	2022-03-17	rjobbingsao	rsmeetonao@sbwire.com	HlRuJzbY	D	5311080057	9623551043	0
397	2022-06-13 10:39:26.57511	2022-06-13 10:39:26.57511	2022-01-16	2022-01-09	talfonsettib0	bbriceb0@si.edu	vY1tFp	VA	5350504788	2073746134	0
406	2022-06-13 10:39:26.577502	2022-06-13 10:39:26.577502	2021-12-24	2022-02-06	ahutchingsb9	cwiddecombeb9@blogs.com	ShAx3ikSt9LZ	BA	5366739079	4190334372	0
415	2022-06-13 10:39:26.579699	2022-06-13 10:39:26.579699	2021-07-23	2021-11-30	aivattsbi	dandreinibi@hao123.com	eTz78L	D	5321967762	5884501741	0
425	2022-06-13 10:39:26.581964	2022-06-13 10:39:26.581964	2022-01-08	2021-10-18	kdyosbs	msalackbs@csmonitor.com	RO6qbDiywmZj	DA	5347221593	5077774892	0
436	2022-06-13 10:39:26.584463	2022-06-13 10:39:26.584463	2022-02-21	2022-04-14	rdyerc3	lstaffc3@cdbaby.com	tcWe2PSSv	DA	5384445810	1026652913	0
446	2022-06-13 10:39:26.586867	2022-06-13 10:39:26.586867	2021-12-18	2021-10-19	storritticd	feckerycd@smugmug.com	0f8P1mcmFCz	BA	5387976037	3869876819	0
456	2022-06-13 10:39:26.589189	2022-06-13 10:39:26.589189	2021-10-12	2021-07-10	njakubskicn	kbrunncn@cpanel.net	k79wib00	V	5350971695	3543773368	0
467	2022-06-13 10:39:26.591595	2022-06-13 10:39:26.591595	2022-04-20	2021-09-10	cproutcy	ahearlcy@4shared.com	KgEjTJn8gQpo	D	5364885317	2292686412	0
474	2022-06-13 10:39:26.594387	2022-06-13 10:39:26.594387	2021-08-16	2022-01-29	bfullegard5	rgodleed5@symantec.com	xndnzMhcGxy	D	5343817144	0390186862	0
484	2022-06-13 10:39:26.597149	2022-06-13 10:39:26.597149	2021-12-19	2022-05-27	moxberrydf	cpaolazzidf@google.co.jp	ujUW0S9	D	5372348846	2368860937	0
493	2022-06-13 10:39:26.599751	2022-06-13 10:39:26.599751	2021-10-13	2021-08-25	chartydo	hgartshoredo@senate.gov	gFuzdKawxoph	D	5394115650	0399971038	0
504	2022-06-13 10:39:26.602189	2022-06-13 10:39:26.602189	2021-09-19	2021-07-24	hvarcoedz	jbazeleydz@sphinn.com	IRsG36CXKRpo	BA	5314370070	8979594858	0
516	2022-06-13 10:39:26.604813	2022-06-13 10:39:26.604813	2022-05-21	2021-11-06	lvolckereb	awhaymandeb@studiopress.com	hWKNKGVWyBU	D	5387721379	6116624274	0
524	2022-06-13 10:39:26.606964	2022-06-13 10:39:26.606964	2021-08-06	2022-02-16	ocometsonej	agullandej@hexun.com	tvLoKGrn	D	5337760389	3035513323	0
533	2022-06-13 10:39:26.60911	2022-06-13 10:39:26.60911	2022-02-07	2022-03-30	bleafes	krooneyes@census.gov	aoCGbCC3t	B	5315445728	4929042142	0
541	2022-06-13 10:39:26.611365	2022-06-13 10:39:26.611365	2021-07-24	2021-06-24	ktoplissf0	wcaineyf0@hhs.gov	mB4tCri	D	5325196271	9019930719	0
551	2022-06-13 10:39:26.613639	2022-06-13 10:39:26.613639	2021-11-30	2021-09-18	gcoulterfa	dmaylottfa@nationalgeographic.com	h25Gbqbq	D	5354371674	0641975991	0
567	2022-06-13 10:39:26.616493	2022-06-13 10:39:26.616493	2021-06-30	2021-09-03	kadrianofq	jvazfq@chicagotribune.com	L6HTrCCqNe	BA	5375392893	5852205205	0
572	2022-06-13 10:39:26.618461	2022-06-13 10:39:26.618461	2022-01-03	2021-09-16	spinockfv	fwinterbornefv@360.cn	XJP5ZAZ4a	D	5388997812	2670575423	0
582	2022-06-13 10:39:26.620808	2022-06-13 10:39:26.620808	2022-04-18	2021-12-12	dmullinerg5	agleweg5@reverbnation.com	bQkBdnstnfQB	V	5312552502	0524457930	0
591	2022-06-13 10:39:26.623122	2022-06-13 10:39:26.623122	2022-03-11	2022-03-09	gflohardge	imcpaikege@nba.com	xJKrMHRv	DA	5371209631	1661381822	0
602	2022-06-13 10:39:26.62564	2022-06-13 10:39:26.62564	2021-06-21	2021-12-03	mmiltongp	ebolergp@epa.gov	uOkSI4l	BA	5341725893	8539807353	0
612	2022-06-13 10:39:26.628239	2022-06-13 10:39:26.628239	2022-02-23	2022-02-06	hreagz	afilipowiczgz@bing.com	85xZxT2	D	5342568766	0422694351	0
626	2022-06-13 10:39:26.630876	2022-06-13 10:39:26.630876	2021-06-24	2022-02-15	jholehousehd	kdrakeshd@buzzfeed.com	EeaI0Og	D	5391218584	2167721475	0
631	2022-06-13 10:39:26.632866	2022-06-13 10:39:26.632866	2021-10-29	2022-01-29	sivashechkinhi	ihurichhi@shinystat.com	u3hM7PChyYr	B	5333610129	9382766030	0
643	2022-06-13 10:39:26.635381	2022-06-13 10:39:26.635381	2021-08-01	2022-01-02	jbeddishu	acordellhu@creativecommons.org	k1eZRuvNB	SA	5315405777	6966925482	0
294	2022-06-13 10:39:26.550755	2022-06-13 10:39:26.550755	2022-05-24	2022-04-18	sdumphrey85	dprophet85@columbia.edu	okHzOuZ5mUaf	BA	5326519944	5857794337	0
304	2022-06-13 10:39:26.553037	2022-06-13 10:39:26.553037	2022-03-15	2021-09-16	lreekie8f	fsuggett8f@china.com.cn	JEn5Pr	D	5301044869	3246083866	0
314	2022-06-13 10:39:26.555517	2022-06-13 10:39:26.555517	2022-03-10	2021-11-12	ajone8p	vglencros8p@soundcloud.com	ySsyyJvurl33	D	5304792469	0739606718	0
325	2022-06-13 10:39:26.558298	2022-06-13 10:39:26.558298	2022-02-25	2022-03-31	asalvador90	jevesque90@engadget.com	UPS2mRaOa8h	D	5330885263	0060569800	0
337	2022-06-13 10:39:26.560698	2022-06-13 10:39:26.560698	2022-04-21	2022-01-29	measton9c	cbaldacchi9c@flickr.com	dTuBe5A96	D	5387656633	2199573080	0
346	2022-06-13 10:39:26.563087	2022-06-13 10:39:26.563087	2021-08-01	2021-10-12	folkowicz9l	dsketchley9l@dmoz.org	q1gO9F	VA	5330166143	7509004519	0
355	2022-06-13 10:39:26.56526	2022-06-13 10:39:26.56526	2021-06-24	2022-06-01	kmussett9u	iyewdell9u@omniture.com	mHMhYEM3qawW	DA	5333712940	8177012234	0
364	2022-06-13 10:39:26.567747	2022-06-13 10:39:26.567747	2021-12-04	2021-10-09	ktoyera3	ncanadasa3@indiegogo.com	4ncfz571	D	5302291098	0728252582	0
374	2022-06-13 10:39:26.570105	2022-06-13 10:39:26.570105	2022-02-13	2022-04-02	tgadeauxad	lcreevyad@rakuten.co.jp	cvF2uM40T	BA	5343435802	1265106529	0
386	2022-06-13 10:39:26.572704	2022-06-13 10:39:26.572704	2022-04-16	2021-07-09	fcaslaneap	mdarnbroughap@sina.com.cn	1BVPpKeB0	DA	5343856048	5165138859	0
394	2022-06-13 10:39:26.574865	2022-06-13 10:39:26.574865	2021-11-14	2022-02-09	skowalskiax	sdoneax@myspace.com	gU45P1OFW	D	5367372709	9407273796	0
407	2022-06-13 10:39:26.577542	2022-06-13 10:39:26.577542	2022-03-19	2021-07-22	ameltetalba	speyeba@delicious.com	9VxHLechKD	SA	5317887548	6547001257	0
417	2022-06-13 10:39:26.579829	2022-06-13 10:39:26.579829	2021-07-16	2021-09-30	mhambk	mtakkosbk@oaic.gov.au	fJnYcn	VA	5380034848	7227209398	0
426	2022-06-13 10:39:26.58204	2022-06-13 10:39:26.58204	2022-01-07	2021-11-04	bgilleonbt	operciferbt@sfgate.com	pBjal6qd	D	5320952746	9527267904	0
437	2022-06-13 10:39:26.584523	2022-06-13 10:39:26.584523	2021-07-22	2022-01-13	asussansc4	eearleyc4@jimdo.com	y08pjPuM	D	5323122041	1026504545	0
444	2022-06-13 10:39:26.58668	2022-06-13 10:39:26.58668	2021-09-06	2022-03-14	bredgrovecb	ddobbisoncb@gnu.org	CK6Yvv	D	5333422852	1418496326	0
457	2022-06-13 10:39:26.58927	2022-06-13 10:39:26.58927	2021-08-29	2022-03-09	lshepardco	lrechertco@bloglines.com	URCOnN	DA	5381364053	6820766030	0
465	2022-06-13 10:39:26.591403	2022-06-13 10:39:26.591403	2021-09-17	2022-02-21	nrootscw	gchedzoycw@sciencedirect.com	333wo15X	D	5394157903	8715366549	0
476	2022-06-13 10:39:26.594556	2022-06-13 10:39:26.594556	2021-10-26	2022-04-25	mpilkintond7	crentellld7@csmonitor.com	wvDjSCrJlDTj	D	5375326128	9272578822	0
487	2022-06-13 10:39:26.597419	2022-06-13 10:39:26.597419	2021-11-02	2022-03-25	kpringleydi	ckiffdi@mit.edu	N44pRk3KRpE	D	5357275952	7508201263	0
491	2022-06-13 10:39:26.599556	2022-06-13 10:39:26.599556	2021-08-31	2022-06-01	nchristerdm	lcromlydm@disqus.com	mxIhRnRK9	B	5388261155	8147765935	0
505	2022-06-13 10:39:26.602251	2022-06-13 10:39:26.602251	2021-08-02	2021-11-03	dbellringere0	dspinolae0@discuz.net	KkAW8Teyl0q	SA	5384058300	8712919323	0
514	2022-06-13 10:39:26.604567	2022-06-13 10:39:26.604567	2022-05-20	2021-09-12	draithe9	hswadone9@ft.com	wQc37XAU	D	5347204572	9920758922	0
525	2022-06-13 10:39:26.60694	2022-06-13 10:39:26.60694	2021-12-14	2022-06-11	kpoliek	sneaveek@mozilla.com	hZaTnRwLQs	BA	5365450846	8459751261	0
535	2022-06-13 10:39:26.609288	2022-06-13 10:39:26.609288	2022-02-27	2022-05-17	cchasteaueu	lbrucknereu@blogs.com	uU9pTF	D	5346935632	8192837347	0
547	2022-06-13 10:39:26.611764	2022-06-13 10:39:26.611764	2022-02-05	2022-06-02	afrancisf6	cargontf6@pinterest.com	BdhZpSpH	DA	5341968271	7095913518	0
557	2022-06-13 10:39:26.614124	2022-06-13 10:39:26.614124	2022-04-09	2021-11-26	tmelarkeyfg	tbieverfg@lycos.com	dZj01xf	D	5306917354	3372650647	0
564	2022-06-13 10:39:26.616254	2022-06-13 10:39:26.616254	2021-09-08	2022-04-28	eberkleyfn	cdinisfn@about.com	SQXc0Ch1tvjZ	D	5339704339	7488569357	0
577	2022-06-13 10:39:26.61884	2022-06-13 10:39:26.61884	2021-08-23	2021-06-22	kthreadkellg0	dvockinsg0@alibaba.com	Aglp6ea	D	5329098591	7685513599	0
585	2022-06-13 10:39:26.620998	2022-06-13 10:39:26.620998	2021-10-28	2021-11-03	trobeg8	dtilliardg8@smh.com.au	neTjbT6	D	5353368800	4365071787	0
596	2022-06-13 10:39:26.623464	2022-06-13 10:39:26.623464	2021-12-26	2021-06-30	tkarpushkingj	kudellgj@npr.org	gTBBIU0	DA	5341195534	1392402255	0
607	2022-06-13 10:39:26.626084	2022-06-13 10:39:26.626084	2021-10-05	2022-02-11	mroseburghgu	ugorigu@ft.com	9CSaFL639fx	SA	5363790453	6706695442	0
617	2022-06-13 10:39:26.628646	2022-06-13 10:39:26.628646	2021-07-27	2022-03-11	fhallworthh4	ctavinorh4@admin.ch	JUVmnFIP	D	5338455439	6339488225	0
625	2022-06-13 10:39:26.630793	2022-06-13 10:39:26.630793	2022-03-06	2021-10-23	bfetteshc	pcorzonhc@wunderground.com	y8JCrbB	D	5383313390	0512865333	0
637	2022-06-13 10:39:26.63333	2022-06-13 10:39:26.63333	2021-08-01	2021-10-08	equartermanho	ckapelhofho@ucoz.ru	u82RFOBSWe	DA	5335144709	1549455652	0
646	2022-06-13 10:39:26.635645	2022-06-13 10:39:26.635645	2021-08-24	2021-06-27	dmerritthx	vmaccourthx@virginia.edu	SY7lbAOPuC	D	5340143847	6831188723	0
652	2022-06-13 10:39:26.637656	2022-06-13 10:39:26.637656	2021-06-29	2021-10-13	iironmongeri3	asuttlingi3@odnoklassniki.ru	MrIDdLv1	V	5389924941	4118721973	0
661	2022-06-13 10:39:26.639979	2022-06-13 10:39:26.639979	2022-01-14	2021-12-13	hfrancaic	sstedmondic@addtoany.com	IL9LaAHO	D	5353080527	2486061564	0
671	2022-06-13 10:39:26.642179	2022-06-13 10:39:26.642179	2021-12-16	2021-07-14	cbraunsteinim	gmcreathim@apple.com	LXuvNK	BA	5319187231	0625421142	0
684	2022-06-13 10:39:26.644668	2022-06-13 10:39:26.644668	2021-07-01	2021-07-06	gbofieldiz	emckibbiniz@cam.ac.uk	o2FaSljoV	D	5331281022	8667890782	0
695	2022-06-13 10:39:26.647108	2022-06-13 10:39:26.647108	2021-10-19	2021-10-24	klofthouseja	vcallowayja@mashable.com	Oa8wktOh7ii	D	5309155857	5732245146	0
702	2022-06-13 10:39:26.649189	2022-06-13 10:39:26.649189	2022-05-11	2021-11-15	ubalasinijh	msperringjh@go.com	pw06go7	D	5314827865	2009599666	0
712	2022-06-13 10:39:26.651542	2022-06-13 10:39:26.651542	2022-05-03	2022-04-04	tcradocjr	egreerjr@virginia.edu	kkKi2v	D	5399322095	4900189185	0
725	2022-06-13 10:39:26.654163	2022-06-13 10:39:26.654163	2022-03-15	2021-07-01	mharfootk4	sworksk4@pbs.org	3pqOOMBeRB	DA	5326669816	8874029570	0
731	2022-06-13 10:39:26.656265	2022-06-13 10:39:26.656265	2021-11-06	2021-06-24	mhartilka	meschalotteka@gnu.org	HxARiD7jz6sd	D	5304411743	3525638773	0
743	2022-06-13 10:39:26.658799	2022-06-13 10:39:26.658799	2021-12-01	2022-02-26	qyeldonkm	dchottykm@hubpages.com	Ua1Z2s1pm	BA	5321125146	2060250991	0
753	2022-06-13 10:39:26.661104	2022-06-13 10:39:26.661104	2022-03-17	2021-09-28	vrollinshawkw	taishfordkw@canalblog.com	ghYGz27i	DA	5348590694	2872946187	0
764	2022-06-13 10:39:26.663871	2022-06-13 10:39:26.663871	2022-02-13	2022-03-21	enortheyl7	igoodhalll7@webmd.com	0pc2al3s3KfZ	DA	5304344354	0341823444	0
772	2022-06-13 10:39:26.666004	2022-06-13 10:39:26.666004	2022-05-04	2021-12-15	lpogglf	jmellenbylf@ucoz.com	Mha5YppLgdA	D	5384541405	5613503537	0
783	2022-06-13 10:39:26.668496	2022-06-13 10:39:26.668496	2022-05-21	2021-07-20	jwotherspoonlq	tbraithwaitlq@xrea.com	Qh14E0y3a0	D	5355956177	9614649712	0
791	2022-06-13 10:39:26.670748	2022-06-13 10:39:26.670748	2021-08-05	2021-06-28	wpinchingly	mservicely@buzzfeed.com	OcOKNa	D	5332056914	6807971252	0
805	2022-06-13 10:39:26.673517	2022-06-13 10:39:26.673517	2021-11-20	2022-05-23	mkowalmc	ahaightonmc@eepurl.com	mb80NNGhTm	D	5334006364	6795585526	0
813	2022-06-13 10:39:26.675492	2022-06-13 10:39:26.675492	2021-10-29	2022-05-27	ltomaszewiczmk	kwreakesmk@ustream.tv	sBDFkJaPY	BA	5381612271	0636121044	0
825	2022-06-13 10:39:26.677997	2022-06-13 10:39:26.677997	2022-04-23	2022-02-03	cremermw	apleavinmw@trellian.com	qPnxKCGXSS	DA	5301610509	1524566287	0
834	2022-06-13 10:39:26.680388	2022-06-13 10:39:26.680388	2021-07-26	2022-05-23	ericksn5	mcressern5@phpbb.com	stD9y1mrrF	BA	5329143711	1741828593	0
844	2022-06-13 10:39:26.682693	2022-06-13 10:39:26.682693	2022-02-16	2022-03-13	jakroydnf	jfredianinf@bloglovin.com	v39wWxFsaQcb	DA	5303737022	6127045171	0
853	2022-06-13 10:39:26.684983	2022-06-13 10:39:26.684983	2022-02-01	2021-12-19	dwehdenno	rcoutthartno@youtube.com	xIdYViV	BA	5353291929	2501674967	0
862	2022-06-13 10:39:26.687309	2022-06-13 10:39:26.687309	2021-11-01	2021-11-13	ckerfutnx	rwedgbrownx@illinois.edu	ZpxcBL	DA	5312396129	8542203465	0
871	2022-06-13 10:39:26.689622	2022-06-13 10:39:26.689622	2022-06-05	2021-11-01	sfluryo6	eorrockso6@behance.net	FvMmG1F	V	5303040461	9535744885	0
883	2022-06-13 10:39:26.692126	2022-06-13 10:39:26.692126	2021-12-01	2022-01-07	wbranneyoi	gbuggoi@barnesandnoble.com	xDmnCOx1jkMo	DA	5380804010	9719967975	0
301	2022-06-13 10:39:26.552213	2022-06-13 10:39:26.552213	2022-05-29	2021-12-18	jprendiville8c	smaccallester8c@ovh.net	zc8jzn1nC	DA	5376258830	9318301178	0
313	2022-06-13 10:39:26.554745	2022-06-13 10:39:26.554745	2021-07-03	2021-12-16	kdurrell8o	bweale8o@mtv.com	qPQf4mC	V	5339015434	5257506045	0
320	2022-06-13 10:39:26.556794	2022-06-13 10:39:26.556794	2022-05-06	2021-08-25	lrapin8v	jlancastle8v@indiatimes.com	yjQeGlZ0	D	5389827074	2135307179	0
332	2022-06-13 10:39:26.559647	2022-06-13 10:39:26.559647	2021-11-11	2021-09-01	mgarric97	nramsdell97@sciencedirect.com	n5Pw4c	DA	5390095608	6591283726	0
340	2022-06-13 10:39:26.561871	2022-06-13 10:39:26.561871	2022-05-24	2021-09-09	rdukelow9f	ccorringham9f@github.com	Q43EIGL	D	5323215746	9917185893	0
353	2022-06-13 10:39:26.564477	2022-06-13 10:39:26.564477	2022-02-03	2021-08-06	dtwyford9s	mpitrasso9s@scientificamerican.com	wl6WQn	BA	5342307625	8603183894	0
362	2022-06-13 10:39:26.566781	2022-06-13 10:39:26.566781	2021-12-07	2022-03-31	mtivenana1	akinworthya1@hud.gov	ABbIgC3Z	D	5350207844	1990814543	0
369	2022-06-13 10:39:26.568956	2022-06-13 10:39:26.568956	2022-02-06	2022-01-22	htanzera8	cghelardonia8@eventbrite.com	BNs8sDCL	DA	5341934367	3130842869	0
383	2022-06-13 10:39:26.571614	2022-06-13 10:39:26.571614	2021-10-28	2022-04-18	ggodonam	aduvalam@yelp.com	gKwV0PXgW9	D	5349186692	3719917720	0
389	2022-06-13 10:39:26.573788	2022-06-13 10:39:26.573788	2021-08-22	2022-06-06	bsleightas	rrileyas@cmu.edu	g4g4tlv2TNd	BA	5353000602	5896031945	0
401	2022-06-13 10:39:26.576273	2022-06-13 10:39:26.576273	2021-07-18	2022-03-24	wandrionib4	eheartb4@disqus.com	DXamj8J	BA	5318549028	7815338171	0
411	2022-06-13 10:39:26.578759	2022-06-13 10:39:26.578759	2021-07-15	2022-02-16	dellenbe	jlopezbe@purevolume.com	I60v0SVRLj	D	5316698741	8966213319	0
418	2022-06-13 10:39:26.580808	2022-06-13 10:39:26.580808	2021-10-29	2021-12-21	jshallobl	idonovinbl@artisteer.com	Geoaac	D	5324787562	4661566697	0
431	2022-06-13 10:39:26.583286	2022-06-13 10:39:26.583286	2022-05-04	2022-03-06	npoddby	aadcocksby@ebay.co.uk	IQVTPgCR	BA	5352960350	6622736798	0
440	2022-06-13 10:39:26.58562	2022-06-13 10:39:26.58562	2022-05-25	2021-07-09	hgollandc7	mchelleyc7@rakuten.co.jp	qctsbxo6a	B	5327838152	2900271506	0
451	2022-06-13 10:39:26.588174	2022-06-13 10:39:26.588174	2022-01-26	2021-11-01	wlaurenceci	ldortonci@si.edu	FQmqXJqEmxQc	DA	5315345670	8942927461	0
462	2022-06-13 10:39:26.59054	2022-06-13 10:39:26.59054	2022-03-02	2022-05-19	jkarpolct	clahiffct@123-reg.co.uk	l6IjcmOcAWT	BA	5371915617	6115551008	0
469	2022-06-13 10:39:26.592679	2022-06-13 10:39:26.592679	2021-08-04	2021-10-21	tgerauldd0	mverrechiad0@guardian.co.uk	tBRKwL6Z	DA	5394307677	1631213035	0
480	2022-06-13 10:39:26.59609	2022-06-13 10:39:26.59609	2021-08-16	2022-02-26	reliotdb	jcolletedb@nih.gov	2lsZ7sODU	D	5372408092	8283151063	0
490	2022-06-13 10:39:26.5986	2022-06-13 10:39:26.5986	2021-08-10	2021-07-20	dmoondl	jscarlandl@admin.ch	uy7RWprR	V	5305523133	9348360263	0
500	2022-06-13 10:39:26.600992	2022-06-13 10:39:26.600992	2022-06-03	2021-08-10	hgullivandv	nilemdv@umn.edu	mbPgDsas	D	5385193859	2736704650	0
509	2022-06-13 10:39:26.603324	2022-06-13 10:39:26.603324	2022-04-15	2022-04-10	cwoodrooffee4	ejanissone4@infoseek.co.jp	m9nux8K	D	5372543446	6779416418	0
520	2022-06-13 10:39:26.605653	2022-06-13 10:39:26.605653	2022-05-25	2021-08-23	raskinef	pinglebyef@mtv.com	miRU65iESoL	D	5344810521	3843698341	0
528	2022-06-13 10:39:26.607811	2022-06-13 10:39:26.607811	2022-03-24	2022-01-30	ggoddmanen	rwoolleren@bloomberg.com	uOOis7cG	D	5390096024	8383111791	0
538	2022-06-13 10:39:26.610128	2022-06-13 10:39:26.610128	2022-01-26	2022-05-10	abraffingtonex	dvirginex@list-manage.com	xDxG7F	DA	5321459097	5562882670	0
548	2022-06-13 10:39:26.612476	2022-06-13 10:39:26.612476	2021-09-22	2021-10-07	cfeverf7	ddigwoodf7@msn.com	Udx6FpUz0e	D	5325557557	0512663352	0
558	2022-06-13 10:39:26.614831	2022-06-13 10:39:26.614831	2021-12-12	2021-10-22	csorsbiefh	dclapsonfh@nba.com	n67PXBtnum	D	5395691497	9600776608	0
569	2022-06-13 10:39:26.617293	2022-06-13 10:39:26.617293	2022-02-22	2022-03-07	sgabbatissfs	awherryfs@lycos.com	9OjrG6Q8au	DA	5382470442	6620729738	0
580	2022-06-13 10:39:26.619699	2022-06-13 10:39:26.619699	2022-06-06	2022-04-15	nparnabyg3	gdignumg3@paypal.com	1CAzqC4lbe	D	5353365612	5630753708	0
588	2022-06-13 10:39:26.621932	2022-06-13 10:39:26.621932	2021-10-25	2022-04-21	llippettgb	lmeynellgb@sina.com.cn	6607fN	D	5353494837	7085313463	0
598	2022-06-13 10:39:26.62423	2022-06-13 10:39:26.62423	2021-07-26	2021-06-14	mcastertongl	acomptongl@epa.gov	etGy38TSQIW	D	5379755676	9306625939	0
608	2022-06-13 10:39:26.626674	2022-06-13 10:39:26.626674	2021-12-22	2021-06-23	owhoolehangv	cmunrogv@diigo.com	IJhDX3Sw	DA	5318591486	5838092211	0
620	2022-06-13 10:39:26.629498	2022-06-13 10:39:26.629498	2022-01-06	2021-12-11	dduckerh7	sbetkeh7@thetimes.co.uk	nINKKLzjVC	D	5338862821	8534968665	0
629	2022-06-13 10:39:26.631697	2022-06-13 10:39:26.631697	2022-04-30	2021-07-03	emeenyhg	amingardohg@1und1.de	gC3fnm	DA	5396751484	6106162937	0
640	2022-06-13 10:39:26.634157	2022-06-13 10:39:26.634157	2021-12-13	2022-03-31	jiveshr	sbroehr@cocolog-nifty.com	lW3KThcm	SA	5365715420	3677842952	0
649	2022-06-13 10:39:26.636466	2022-06-13 10:39:26.636466	2022-03-05	2022-02-05	bmetterickei0	bshapcotti0@newyorker.com	IfQUu1g	D	5301688482	9417639877	0
658	2022-06-13 10:39:26.639023	2022-06-13 10:39:26.639023	2021-10-09	2021-06-29	apengellyi9	ssellwoodi9@slideshare.net	jr0i5aT5jg	D	5311348461	1132418311	0
669	2022-06-13 10:39:26.641221	2022-06-13 10:39:26.641221	2022-06-10	2022-03-27	ksherwoodik	vrusseik@fotki.com	1t8vksG	D	5387584185	2444621590	0
679	2022-06-13 10:39:26.643596	2022-06-13 10:39:26.643596	2022-02-16	2021-06-13	kbloxhamiu	hbrownfieldiu@unesco.org	wn0d1VF	D	5344258469	5468009493	0
687	2022-06-13 10:39:26.645705	2022-06-13 10:39:26.645705	2022-05-21	2022-06-09	omaggiorej2	osirej2@gnu.org	LFrGJe	SA	5374097968	1596423769	0
696	2022-06-13 10:39:26.64792	2022-06-13 10:39:26.64792	2021-11-17	2022-05-04	npantryjb	pmalenoirjb@answers.com	xTKKr3iZHz	D	5354616276	8540386757	0
709	2022-06-13 10:39:26.650521	2022-06-13 10:39:26.650521	2022-02-20	2022-04-24	slazenburyjo	aparkhousejo@wikipedia.org	2mzeOF0hO	D	5391004563	8960507955	0
716	2022-06-13 10:39:26.652665	2022-06-13 10:39:26.652665	2022-01-09	2022-02-23	bdennisonjv	kwoodersonjv@cmu.edu	R8Grku	B	5348429781	4015597105	0
729	2022-06-13 10:39:26.655271	2022-06-13 10:39:26.655271	2022-02-18	2022-02-13	iverricok8	sgreenhaughk8@booking.com	UTZr7j	DA	5320045499	2193952812	0
737	2022-06-13 10:39:26.657872	2022-06-13 10:39:26.657872	2022-02-05	2022-01-24	gorielkg	nstilingkg@last.fm	uv0sa11Y0rF	D	5365117474	4535720040	0
746	2022-06-13 10:39:26.65973	2022-06-13 10:39:26.65973	2021-06-25	2021-12-28	hwheildonkp	gbonaviakp@europa.eu	D5t5Lw	D	5345278589	6590204194	0
756	2022-06-13 10:39:26.662094	2022-06-13 10:39:26.662094	2022-05-05	2021-11-19	kcaronkz	eschaperokz@networkadvertising.org	iLZAMzbzaQ	D	5308895381	4760543310	0
770	2022-06-13 10:39:26.665214	2022-06-13 10:39:26.665214	2021-08-16	2022-04-01	dwilkisonld	bgoozeeld@skyrock.com	UB7y2Y5FGJYY	D	5313450597	0845147459	0
776	2022-06-13 10:39:26.667118	2022-06-13 10:39:26.667118	2021-11-03	2021-08-05	gavrasinlj	ametherelllj@e-recht24.de	QcLHMwjlO	D	5376270005	2446508615	0
788	2022-06-13 10:39:26.669707	2022-06-13 10:39:26.669707	2021-11-09	2022-02-01	lmarcamlv	abelsonlv@jimdo.com	BNnZ0foe1Bap	V	5365514841	2771311500	0
799	2022-06-13 10:39:26.672156	2022-06-13 10:39:26.672156	2022-06-06	2021-11-04	spottellm6	gkneesham6@wikia.com	CiJ94n5dnQap	D	5366844753	5605617956	0
810	2022-06-13 10:39:26.67451	2022-06-13 10:39:26.67451	2022-02-03	2021-10-16	ebeachammh	debimh@state.tx.us	6IJfnmJRkc	DA	5371189884	5285238281	0
817	2022-06-13 10:39:26.676618	2022-06-13 10:39:26.676618	2022-02-03	2021-09-10	srzehorzmo	cmettsmo@sourceforge.net	F87FYXl2lZ	D	5343427009	8047675717	0
826	2022-06-13 10:39:26.678959	2022-06-13 10:39:26.678959	2022-05-19	2021-11-01	crizzardinimx	jakrammx@amazon.com	SwgjJk	D	5339605423	3035483779	0
837	2022-06-13 10:39:26.681523	2022-06-13 10:39:26.681523	2022-04-06	2021-10-13	iderricon8	rwaskettn8@biblegateway.com	51HHgU	DA	5366343997	0183955545	0
849	2022-06-13 10:39:26.683872	2022-06-13 10:39:26.683872	2021-08-25	2021-07-11	fscreachnk	rwikeynk@thetimes.co.uk	sg54UkGY	DA	5336151820	9880382986	0
856	2022-06-13 10:39:26.686059	2022-06-13 10:39:26.686059	2021-11-23	2022-03-23	ncartmaelnr	obrickdalenr@alexa.com	7J93ZKCa	BA	5388012060	2711975584	0
866	2022-06-13 10:39:26.688505	2022-06-13 10:39:26.688505	2022-06-03	2022-01-05	lmanueleo1	mtrinkwono1@miitbeian.gov.cn	9c4JPRb273M	D	5333043347	4715720879	0
879	2022-06-13 10:39:26.690891	2022-06-13 10:39:26.690891	2022-01-21	2021-08-11	lbrecknockoe	bjeffelsoe@walmart.com	PHDMSECAQ	DA	5326050530	2713926757	0
887	2022-06-13 10:39:26.693331	2022-06-13 10:39:26.693331	2022-04-09	2022-04-08	ihurneom	awillcottom@mapquest.com	t2Z1qyGD	DA	5312154354	4623039931	0
592	2022-06-13 10:39:26.623184	2022-06-13 10:39:26.623184	2022-03-04	2022-05-26	dquiniongf	gnuddsgf@smugmug.com	966iSk	D	5328988130	5557504408	0
601	2022-06-13 10:39:26.625557	2022-06-13 10:39:26.625557	2021-10-03	2021-12-09	cferrierigo	igurneygo@tripod.com	ONcaeNgYPcf	BA	5318380403	7217864421	0
615	2022-06-13 10:39:26.628505	2022-06-13 10:39:26.628505	2021-06-23	2021-07-08	rmapsonh2	rnewcomh2@flickr.com	PwqYE6UHTx	D	5376476289	1539705987	0
627	2022-06-13 10:39:26.630931	2022-06-13 10:39:26.630931	2022-02-05	2021-07-23	jregishe	cdowhe@unc.edu	taoYgPrGFvUj	DA	5326181341	9784745254	0
634	2022-06-13 10:39:26.633157	2022-06-13 10:39:26.633157	2021-11-28	2021-12-16	mfeltoehl	lcattinihl@mayoclinic.com	ZWQ4lfX7Kf	D	5357013703	4896028660	0
644	2022-06-13 10:39:26.635437	2022-06-13 10:39:26.635437	2022-02-08	2022-05-26	cmaccollhv	btoyerhv@etsy.com	gTOEedcOCH	D	5337994159	9358593429	0
657	2022-06-13 10:39:26.637965	2022-06-13 10:39:26.637965	2021-11-03	2021-12-26	cgebuhri8	bfellgetti8@mtv.com	ouyUOkolA	D	5320681497	6029454225	0
662	2022-06-13 10:39:26.639944	2022-06-13 10:39:26.639944	2021-09-18	2021-08-31	eanslowid	mneumannid@weebly.com	WLM1bSJvtV0o	D	5304823251	0391059916	0
674	2022-06-13 10:39:26.642405	2022-06-13 10:39:26.642405	2022-03-14	2022-05-03	slampip	tjaimeip@sfgate.com	cI4byDkU8	DA	5315819636	4608918653	0
685	2022-06-13 10:39:26.644769	2022-06-13 10:39:26.644769	2022-05-02	2021-12-02	pglowaczj0	bkellerj0@wp.com	kAmcJm	DA	5310826403	5484424841	0
693	2022-06-13 10:39:26.646921	2022-06-13 10:39:26.646921	2021-09-10	2022-04-16	ocumberpatchj8	thawkswoodj8@japanpost.jp	0XyJPI9Wt	D	5323112384	2373331851	0
705	2022-06-13 10:39:26.649415	2022-06-13 10:39:26.649415	2021-09-28	2021-09-01	nsagarjk	rtrattlesjk@stanford.edu	PUqZEzhn0EQL	D	5318141742	7989608277	0
714	2022-06-13 10:39:26.651706	2022-06-13 10:39:26.651706	2021-09-15	2022-05-12	rsmowtonjt	etoplinjt@cloudflare.com	yF765C	VA	5390596149	8450027073	0
723	2022-06-13 10:39:26.653927	2022-06-13 10:39:26.653927	2021-10-09	2021-07-02	gdowersk2	kriguardk2@go.com	Sfo40KFLWJk	DA	5352551632	8649771536	0
733	2022-06-13 10:39:26.656406	2022-06-13 10:39:26.656406	2021-06-14	2021-10-06	wjacobkc	dwalworchekc@typepad.com	GlCsUkd	D	5308793563	1349856312	0
745	2022-06-13 10:39:26.658946	2022-06-13 10:39:26.658946	2021-07-18	2022-05-30	ocharltonko	jhallwellko@rediff.com	fH43GWfL	D	5314992719	8419362430	0
751	2022-06-13 10:39:26.660965	2022-06-13 10:39:26.660965	2022-03-19	2022-01-04	lgiberdku	bdinceyku@webmd.com	Atn4H7	DA	5366396836	1099004431	0
763	2022-06-13 10:39:26.6638	2022-06-13 10:39:26.6638	2022-01-15	2021-06-13	bdashperl6	shavikl6@yahoo.com	CqbHgl	D	5328908687	0440439113	0
773	2022-06-13 10:39:26.66611	2022-06-13 10:39:26.66611	2022-02-20	2021-12-21	dgordongileslg	gvargaslg@ow.ly	AoNVVRRazX	D	5382419449	5064037234	0
785	2022-06-13 10:39:26.66868	2022-06-13 10:39:26.66868	2022-01-19	2021-10-05	bbaverstockls	jgerransls@hostgator.com	emh8vb8QbRB	D	5324696865	7628915524	0
794	2022-06-13 10:39:26.670996	2022-06-13 10:39:26.670996	2022-05-26	2021-06-17	cmerrallm1	pplevenm1@alibaba.com	8p2FatA2YLf	B	5305447556	2483771234	0
801	2022-06-13 10:39:26.673124	2022-06-13 10:39:26.673124	2022-03-15	2021-08-26	cmoricanm8	kbrookesm8@edublogs.org	X2dzLNj7S	D	5369421495	6360870942	0
811	2022-06-13 10:39:26.675367	2022-06-13 10:39:26.675367	2021-10-25	2022-04-13	jharcourtmi	avernallmi@addtoany.com	t9AnBWdIMJr	V	5392490613	8726027201	0
824	2022-06-13 10:39:26.677927	2022-06-13 10:39:26.677927	2022-03-09	2022-02-11	cdawberymv	rdrayseymv@japanpost.jp	5HN6D98UarKW	SA	5361557670	2069812699	0
835	2022-06-13 10:39:26.680474	2022-06-13 10:39:26.680474	2022-04-29	2021-06-16	acovottin6	moregann6@studiopress.com	6brEDFHRWsQ	DA	5368272171	3756397280	0
841	2022-06-13 10:39:26.682474	2022-06-13 10:39:26.682474	2022-05-03	2022-04-30	dfindlownc	sboughennc@wsj.com	L3G1As0Wlm	DA	5376020451	5358788549	0
852	2022-06-13 10:39:26.684889	2022-06-13 10:39:26.684889	2021-07-15	2021-07-25	cbollisnn	nfirmannn@about.com	2Mj5pQ	DA	5359757585	0285818221	0
865	2022-06-13 10:39:26.687554	2022-06-13 10:39:26.687554	2022-06-07	2021-07-01	emacmeartyo0	bcoyo0@statcounter.com	NgVm1E3T	D	5326497751	3532065530	0
872	2022-06-13 10:39:26.68974	2022-06-13 10:39:26.68974	2022-02-20	2021-09-27	bthaimo7	aparsello7@microsoft.com	0PFd4PW	BA	5322227853	1666280416	0
885	2022-06-13 10:39:26.692229	2022-06-13 10:39:26.692229	2022-05-02	2022-04-18	esatchok	jmartelok@stanford.edu	hkLVn39T73	D	5398117127	7210054190	0
893	2022-06-13 10:39:26.694727	2022-06-13 10:39:26.694727	2022-01-17	2021-11-24	cfarragheros	elovelaceos@icq.com	ovxDZJEE	D	5348854842	1475501946	0
901	2022-06-13 10:39:26.696942	2022-06-13 10:39:26.696942	2021-06-29	2021-07-05	dcharplingp0	lbowenp0@timesonline.co.uk	iRQOOn	DA	5344960489	1139032199	0
912	2022-06-13 10:39:26.699711	2022-06-13 10:39:26.699711	2022-04-28	2021-06-29	cdalmonpb	ocancellieripb@apache.org	49IohGfyWQG	D	5320559460	4235661965	0
923	2022-06-13 10:39:26.702052	2022-06-13 10:39:26.702052	2021-10-04	2022-04-04	kstruttpm	tsollnerpm@skyrock.com	WZlYEEoRuExa	V	5396120511	4684933903	0
932	2022-06-13 10:39:26.70434	2022-06-13 10:39:26.70434	2021-08-10	2022-02-23	kfincipv	cshynnpv@nasa.gov	tg0zJ6gQmPS	BA	5392726174	7721139862	0
942	2022-06-13 10:39:26.706768	2022-06-13 10:39:26.706768	2021-09-28	2022-01-16	ctoppasq5	dspollenq5@disqus.com	hdekQFxqRHtB	V	5395283765	1279115630	0
952	2022-06-13 10:39:26.709224	2022-06-13 10:39:26.709224	2022-05-12	2021-11-26	mwagerfieldqf	dgaberqf@dyndns.org	R2nUU1	BA	5388976686	8398472543	0
963	2022-06-13 10:39:26.711883	2022-06-13 10:39:26.711883	2021-10-06	2021-06-23	rnanettiqq	npogsonqq@utexas.edu	gVSxXP9cQ	D	5365636494	5371642962	0
974	2022-06-13 10:39:26.71447	2022-06-13 10:39:26.71447	2021-12-31	2021-11-06	swhitehurstr1	cingr1@amazon.de	0esnAwa9H	D	5365438931	9110158240	0
978	2022-06-13 10:39:26.716317	2022-06-13 10:39:26.716317	2021-08-18	2021-07-20	jmcauliffer5	erigbyr5@google.co.uk	Kt3g09RI2m	BA	5373194897	3880568865	0
988	2022-06-13 10:39:26.718655	2022-06-13 10:39:26.718655	2021-06-25	2022-03-07	htattersdillrf	jwaslingrf@paginegialle.it	40g8McVDa	D	5304885889	2787920982	0
595	2022-06-13 10:39:26.623467	2022-06-13 10:39:26.623467	2022-05-20	2021-10-24	bleggottgi	nivanuschkagi@ow.ly	bPUMQ6	DA	5316059523	3287340966	0
606	2022-06-13 10:39:26.62596	2022-06-13 10:39:26.62596	2021-08-17	2022-01-29	apatiencegt	nziemkegt@sun.com	wuUYGHCW9	DA	5325242958	3339354515	0
611	2022-06-13 10:39:26.628237	2022-06-13 10:39:26.628237	2022-06-10	2022-02-14	rbowdengy	qcoringtongy@adobe.com	Uznfs4bcBk	D	5310354512	9909963901	0
621	2022-06-13 10:39:26.630515	2022-06-13 10:39:26.630515	2021-09-08	2021-07-27	lorsayh8	bkampshellh8@unc.edu	lqPwfBjB	DA	5303945924	6641781650	0
633	2022-06-13 10:39:26.63302	2022-06-13 10:39:26.63302	2022-01-14	2022-04-01	gabilowitzhk	lbainshk@topsy.com	dRClw8t	D	5359978361	1786385186	0
645	2022-06-13 10:39:26.635548	2022-06-13 10:39:26.635548	2022-01-11	2021-11-08	wwinmillhw	hdhooghehw@mapy.cz	34UqaNST	D	5339580321	8427111100	0
654	2022-06-13 10:39:26.637734	2022-06-13 10:39:26.637734	2021-07-20	2021-11-28	flampi5	hcorballyi5@yandex.ru	9NLFrA8	D	5329003081	1336537258	0
663	2022-06-13 10:39:26.640058	2022-06-13 10:39:26.640058	2021-11-16	2021-12-27	mcavesie	nloadie@tripod.com	MI8aC3ba	D	5307065525	1059086298	0
673	2022-06-13 10:39:26.642323	2022-06-13 10:39:26.642323	2022-01-26	2022-02-24	alatchfordio	klemonnierio@webmd.com	AcXjGFqYxvWo	D	5314018211	8837051534	0
683	2022-06-13 10:39:26.64463	2022-06-13 10:39:26.64463	2021-09-18	2021-09-16	kboneriy	dtomensoniy@pcworld.com	asliriRz	V	5319990569	3279326152	0
691	2022-06-13 10:39:26.64678	2022-06-13 10:39:26.64678	2022-01-04	2021-06-27	dtommeoj6	gbushellj6@delicious.com	4PCTBRi	D	5370871368	8617169435	0
701	2022-06-13 10:39:26.649101	2022-06-13 10:39:26.649101	2021-10-14	2022-05-10	pnelthorpjg	dharkinsjg@ezinearticles.com	CTPlSEiYRH	DA	5337277540	9704918600	0
713	2022-06-13 10:39:26.651611	2022-06-13 10:39:26.651611	2021-06-26	2021-07-05	fscuttjs	gbaissjs@geocities.com	C7ghHvGA	D	5321388053	0458449347	0
721	2022-06-13 10:39:26.653917	2022-06-13 10:39:26.653917	2021-12-03	2022-04-19	wjeandonk0	lsharnockk0@e-recht24.de	dctNxshvRu	D	5321692858	4162703704	0
732	2022-06-13 10:39:26.65635	2022-06-13 10:39:26.65635	2021-08-30	2022-01-08	spettyferkb	cridoutkb@washingtonpost.com	3mrQHBrI	BA	5334923938	9033509126	0
742	2022-06-13 10:39:26.65868	2022-06-13 10:39:26.65868	2022-01-05	2022-05-29	gteresekl	rlearmouthkl@desdev.cn	JMztjU	D	5393944524	9448882726	0
754	2022-06-13 10:39:26.66118	2022-06-13 10:39:26.66118	2022-01-24	2021-07-24	gbrignellkx	roverlandkx@ebay.com	WVtxCy5	DA	5378075843	4510127696	0
765	2022-06-13 10:39:26.663921	2022-06-13 10:39:26.663921	2022-02-09	2021-09-05	dgavriellil8	blempennyl8@illinois.edu	KZYCBJ	DA	5303433215	0344151427	0
771	2022-06-13 10:39:26.665919	2022-06-13 10:39:26.665919	2022-01-10	2021-09-13	cwasbroughle	oguyerle@google.nl	ao9cdqw	D	5369294621	8020233347	0
782	2022-06-13 10:39:26.668462	2022-06-13 10:39:26.668462	2022-04-27	2021-09-15	cfoulkeslp	rmelleylp@icio.us	mtYEJxU	D	5368326500	5418545505	0
795	2022-06-13 10:39:26.670963	2022-06-13 10:39:26.670963	2021-06-24	2021-10-19	rgabbitasm2	lmewrcikm2@homestead.com	Ipy7Xe9csdoR	DA	5341555323	2537053062	0
804	2022-06-13 10:39:26.673409	2022-06-13 10:39:26.673409	2022-04-23	2022-01-02	nrabidgemb	vturnellmb@ftc.gov	QhHZq7YOK	DA	5315066326	1258672462	0
814	2022-06-13 10:39:26.675633	2022-06-13 10:39:26.675633	2021-06-28	2022-04-14	ddowdallml	femigml@yahoo.co.jp	hwuCgXh	VA	5312416325	6814082964	0
821	2022-06-13 10:39:26.67773	2022-06-13 10:39:26.67773	2021-06-19	2021-09-11	janthoneyms	jgaggms@de.vu	MRkgtcQ	VA	5304817932	7697102320	0
832	2022-06-13 10:39:26.680223	2022-06-13 10:39:26.680223	2021-10-13	2021-08-20	kwildmann3	pkilbyn3@google.es	Qbf3YJ	D	5363558637	2044379604	0
843	2022-06-13 10:39:26.682654	2022-06-13 10:39:26.682654	2021-09-28	2022-01-23	kmckinleyne	rcristofolinine@home.pl	jqH1x1d	B	5316436434	4377382141	0
851	2022-06-13 10:39:26.684923	2022-06-13 10:39:26.684923	2021-10-24	2021-10-29	jpethicknm	svialnm@walmart.com	yJ2cvq	D	5323438204	0192363564	0
861	2022-06-13 10:39:26.687239	2022-06-13 10:39:26.687239	2021-10-21	2021-08-19	jtschierschnw	egreenstednw@de.vu	wEiKMevdQ	V	5352015782	3714229433	0
874	2022-06-13 10:39:26.689865	2022-06-13 10:39:26.689865	2021-07-31	2022-04-01	amcneeo9	kpaskino9@spiegel.de	ptM1CUiF	D	5394000710	3801997625	0
881	2022-06-13 10:39:26.691969	2022-06-13 10:39:26.691969	2022-02-01	2022-04-30	raldersog	jskallsog@qq.com	6akXrDb4ss3u	DA	5366631784	4896843527	0
892	2022-06-13 10:39:26.694573	2022-06-13 10:39:26.694573	2021-10-04	2021-09-20	sheersmaor	lthurskeor@eventbrite.com	IAp2cUPArn	V	5372977648	0846107106	0
902	2022-06-13 10:39:26.696956	2022-06-13 10:39:26.696956	2022-03-05	2021-09-21	eabrahamip1	wkilmurrayp1@vkontakte.ru	cYKDwIfVj	B	5344925997	1700879098	0
915	2022-06-13 10:39:26.699954	2022-06-13 10:39:26.699954	2022-04-20	2022-04-05	jcoundleype	plaffinpe@wufoo.com	bxasH5	SA	5383406675	8069024850	0
924	2022-06-13 10:39:26.70219	2022-06-13 10:39:26.70219	2022-04-20	2021-09-14	apalerpn	lenrichpn@php.net	AEcthHXTZfft	BA	5383726391	7912952128	0
935	2022-06-13 10:39:26.704602	2022-06-13 10:39:26.704602	2021-09-21	2021-09-19	lcarlickpy	ifernaopy@disqus.com	apqzgN0HoET	D	5363026924	2349688400	0
945	2022-06-13 10:39:26.707026	2022-06-13 10:39:26.707026	2022-05-04	2022-04-01	tmacandrewq8	nsetchfieldq8@instagram.com	F8jzKd	DA	5359458436	0155968557	0
951	2022-06-13 10:39:26.709233	2022-06-13 10:39:26.709233	2022-01-27	2022-02-05	slarnerqe	rcockayneqe@timesonline.co.uk	f4TsuQttJFsU	DA	5337461046	0835646580	0
958	2022-06-13 10:39:26.711496	2022-06-13 10:39:26.711496	2022-02-24	2022-02-10	tcoppql	bklawiql@newyorker.com	ulDdSx	D	5303245211	8720780241	0
969	2022-06-13 10:39:26.714007	2022-06-13 10:39:26.714007	2022-04-26	2022-02-04	tlungeqw	ameiklejohnqw@lulu.com	gu9XLFL	DA	5312348322	8456343407	0
984	2022-06-13 10:39:26.716678	2022-06-13 10:39:26.716678	2022-03-10	2022-05-17	hbaccuprb	mbartolomeonirb@geocities.jp	imsrEqHRavw	DA	5375268188	7756266875	0
990	2022-06-13 10:39:26.718804	2022-06-13 10:39:26.718804	2021-11-14	2022-06-09	hmartindalerh	rminmaghrh@xing.com	kQ47dNU	DA	5333635534	5656713339	0
599	2022-06-13 10:39:26.624327	2022-06-13 10:39:26.624327	2021-11-11	2022-03-21	kunittgm	bhaffardgm@instagram.com	jZVRb7887kqq	DA	5327819107	0201728588	0
610	2022-06-13 10:39:26.626823	2022-06-13 10:39:26.626823	2021-10-30	2022-05-05	adundridgegx	kleckygx@tinypic.com	0QviCm1	DA	5302690433	3689111036	0
618	2022-06-13 10:39:26.629355	2022-06-13 10:39:26.629355	2021-12-17	2021-08-19	oberisfordh5	jdurrellh5@ucoz.ru	pJTitipJWdB	B	5355301416	6771865546	0
630	2022-06-13 10:39:26.631803	2022-06-13 10:39:26.631803	2021-06-30	2022-05-04	fskymhh	drappoporthh@exblog.jp	pkiWcsXpWKQQ	B	5370321336	3896007553	0
639	2022-06-13 10:39:26.634099	2022-06-13 10:39:26.634099	2021-09-04	2021-09-05	zzanottihq	rscaifehq@skyrock.com	6DtW5YC6i	D	5300500427	8158283932	0
650	2022-06-13 10:39:26.636535	2022-06-13 10:39:26.636535	2021-12-04	2021-07-30	hpaqueti1	htremblei1@microsoft.com	CgbUECVK1bu	DA	5380910782	3149415126	0
659	2022-06-13 10:39:26.639021	2022-06-13 10:39:26.639021	2021-09-08	2022-02-22	smcleeseia	mragsdallia@xing.com	gaWhcg	BA	5312837417	5435262455	0
670	2022-06-13 10:39:26.641189	2022-06-13 10:39:26.641189	2022-02-01	2021-12-27	mfernanandoil	hbirtwisleil@devhub.com	AxkdgsNAe	D	5381353547	1518279866	0
678	2022-06-13 10:39:26.643513	2022-06-13 10:39:26.643513	2021-12-17	2022-04-12	csweetenit	jjenkisonit@mozilla.com	OLK1owOz	D	5316094791	7004154723	0
688	2022-06-13 10:39:26.6458	2022-06-13 10:39:26.6458	2022-04-17	2022-01-05	dwhittleseaj3	cblaasej3@who.int	4HJnE9jJ	D	5332932839	0548283451	0
698	2022-06-13 10:39:26.648276	2022-06-13 10:39:26.648276	2021-11-08	2022-05-11	ctomleyjd	rcragelljd@hibu.com	NosO8JBe	D	5394621561	5377703519	0
706	2022-06-13 10:39:26.650298	2022-06-13 10:39:26.650298	2021-11-10	2022-03-25	mjoslandjl	mblomfieldjl@mozilla.com	uspc8i8nz	D	5368290125	9134116394	0
719	2022-06-13 10:39:26.652882	2022-06-13 10:39:26.652882	2022-05-07	2022-05-18	dthrippjy	tsarginsonjy@oracle.com	BqDw6r9bXWO	DA	5304238855	8975016065	0
727	2022-06-13 10:39:26.655153	2022-06-13 10:39:26.655153	2022-02-03	2021-09-09	rlightewoodk6	lmcnyschek6@arizona.edu	WFLrNJZMVji	D	5341849226	9684821612	0
736	2022-06-13 10:39:26.657862	2022-06-13 10:39:26.657862	2021-07-03	2022-01-06	sandraskf	mbeekekf@topsy.com	2SvmYd	D	5382599154	2182835204	0
747	2022-06-13 10:39:26.659806	2022-06-13 10:39:26.659806	2021-08-15	2022-05-31	hflackekq	kboldenkq@domainmarket.com	cATA2rV	D	5301209954	8932351602	0
757	2022-06-13 10:39:26.662199	2022-06-13 10:39:26.662199	2022-05-21	2022-05-18	jpuckhaml0	bbreedel0@boston.com	6VqQXr	D	5312991639	2773355598	0
769	2022-06-13 10:39:26.665137	2022-06-13 10:39:26.665137	2022-05-03	2021-09-28	hallowaylc	agillardlc@marketwatch.com	KEHWjLuki	D	5343048051	3879134452	0
780	2022-06-13 10:39:26.66749	2022-06-13 10:39:26.66749	2021-11-03	2022-04-29	gscopynln	bkatzmannln@shutterfly.com	sx5eQOoGTT	D	5326518033	8752904437	0
789	2022-06-13 10:39:26.669783	2022-06-13 10:39:26.669783	2021-10-18	2022-05-17	mthonlw	vpleweslw@vinaora.com	2EWWijjo	D	5360835754	6952489348	0
797	2022-06-13 10:39:26.672001	2022-06-13 10:39:26.672001	2022-01-02	2022-05-13	mmerrettm4	mgraveneym4@tripod.com	2ODqsR	B	5357402021	8032577012	0
807	2022-06-13 10:39:26.674319	2022-06-13 10:39:26.674319	2021-12-06	2022-01-28	cspinime	jkimbroughme@shareasale.com	Nib6Z1QkGH	D	5303161753	4756825271	0
820	2022-06-13 10:39:26.676887	2022-06-13 10:39:26.676887	2021-12-02	2021-07-06	dslocombmr	mpiscopellomr@odnoklassniki.ru	5fT9GYFS	B	5338238454	9479879722	0
829	2022-06-13 10:39:26.679149	2022-06-13 10:39:26.679149	2022-04-19	2022-01-10	mglancyn0	whovardn0@google.com.hk	jnCNB0tl	D	5387477638	4398681201	0
840	2022-06-13 10:39:26.681638	2022-06-13 10:39:26.681638	2022-05-29	2021-11-07	jdecentnb	gbauchopnb@dot.gov	pUJW3O	DA	5313739368	3496018538	0
848	2022-06-13 10:39:26.683768	2022-06-13 10:39:26.683768	2021-07-10	2021-12-10	smasarratnj	mstallworthnj@cam.ac.uk	O11Z6WxNc9RN	D	5317810643	0241962351	0
859	2022-06-13 10:39:26.686305	2022-06-13 10:39:26.686305	2021-09-15	2021-06-21	htoffelnu	mduffittnu@purevolume.com	I22Iep2h	BA	5357657452	5984998212	0
868	2022-06-13 10:39:26.688592	2022-06-13 10:39:26.688592	2021-09-26	2021-08-03	adesimonio3	cgortono3@foxnews.com	6PLuLFDOp9	DA	5303527692	8925514520	0
880	2022-06-13 10:39:26.69102	2022-06-13 10:39:26.69102	2022-02-17	2021-07-15	bheenanof	spechacekof@nature.com	CsogYflaeIZ1	DA	5360552498	3066852061	0
889	2022-06-13 10:39:26.693536	2022-06-13 10:39:26.693536	2022-03-25	2022-04-02	astegeroo	ggounodoo@ibm.com	36cLOF8eTgU7	DA	5330312947	4731830342	0
896	2022-06-13 10:39:26.695717	2022-06-13 10:39:26.695717	2022-03-08	2021-07-29	cpickerinov	hmosbyov@cnet.com	aBAKF9VG	DA	5364853874	9469765736	0
910	2022-06-13 10:39:26.698425	2022-06-13 10:39:26.698425	2022-03-21	2021-10-02	egrenep9	bsnaddenp9@exblog.jp	3WPLamIqQG	BA	5382407827	4732742149	0
918	2022-06-13 10:39:26.700936	2022-06-13 10:39:26.700936	2022-04-23	2022-04-08	cmathwenph	thillinph@macromedia.com	D5PqPY	D	5330844206	6025172950	0
928	2022-06-13 10:39:26.703383	2022-06-13 10:39:26.703383	2022-05-02	2022-02-16	gmahonpr	dmaggiorepr@creativecommons.org	4gObDS	DA	5331574460	3610615229	0
937	2022-06-13 10:39:26.705633	2022-06-13 10:39:26.705633	2022-06-06	2021-09-07	pbolgarq0	vskurmq0@desdev.cn	iVQlPTIrunC	D	5337390744	5961332060	0
948	2022-06-13 10:39:26.708951	2022-06-13 10:39:26.708951	2021-08-28	2022-02-08	zpickinqb	kcowellqb@mysql.com	aUGCZIJ	D	5343028578	2914384597	0
960	2022-06-13 10:39:26.711616	2022-06-13 10:39:26.711616	2021-11-12	2021-12-03	crichensqn	cvanbruggenqn@independent.co.uk	L1nrm8L1Ea	DA	5352735286	8398207911	0
973	2022-06-13 10:39:26.714358	2022-06-13 10:39:26.714358	2022-03-09	2021-08-17	dtogwellr0	izellandr0@webs.com	yHN0qBaPFJb	D	5375268213	2813077796	0
982	2022-06-13 10:39:26.716536	2022-06-13 10:39:26.716536	2021-08-03	2022-05-05	gacoryr9	mmacourekr9@time.com	hiOFOqC	BA	5300520960	8066823654	0
992	2022-06-13 10:39:26.718954	2022-06-13 10:39:26.718954	2021-08-09	2022-02-04	dteidemanrj	cstarkingsrj@cloudflare.com	8cc0VI	BA	5301572327	5893805407	0
604	2022-06-13 10:39:26.625793	2022-06-13 10:39:26.625793	2021-12-05	2021-11-21	klashmargr	rgurnergr@alexa.com	pVI8EjAzEau	D	5335578805	8788155733	0
614	2022-06-13 10:39:26.628407	2022-06-13 10:39:26.628407	2021-08-16	2021-11-08	jsheardh1	drihosekh1@weather.com	zDH6uvBB969o	D	5344701919	2938539757	0
623	2022-06-13 10:39:26.630679	2022-06-13 10:39:26.630679	2022-01-10	2022-04-25	acarvillha	tpaulerha@plala.or.jp	qTiT0mvZMct	DA	5352882699	1429963261	0
636	2022-06-13 10:39:26.633278	2022-06-13 10:39:26.633278	2021-10-19	2022-01-30	elambshinehn	gcullernehn@gnu.org	tgjGNBy	D	5306181592	3801417590	0
642	2022-06-13 10:39:26.635313	2022-06-13 10:39:26.635313	2021-12-09	2022-06-08	etoffoloht	rewinght@hhs.gov	qk923eDqQjE7	D	5312889497	1400090243	0
653	2022-06-13 10:39:26.637668	2022-06-13 10:39:26.637668	2022-04-22	2021-08-25	gboswelli4	kflintiffi4@hhs.gov	8YhNl0rE	D	5324849073	1552227238	0
667	2022-06-13 10:39:26.640386	2022-06-13 10:39:26.640386	2021-08-12	2021-07-14	dmattiassiii	pdysartii@eepurl.com	1YrBuA4	V	5330803506	4383504206	0
677	2022-06-13 10:39:26.643416	2022-06-13 10:39:26.643416	2022-05-01	2022-04-11	bgreenheadis	lvipanis@google.nl	it9mp0v5t	D	5317379530	5511060380	0
689	2022-06-13 10:39:26.645841	2022-06-13 10:39:26.645841	2021-10-12	2022-06-06	nbagenalj4	ljennerj4@bravesites.com	KVl7bdF	D	5303628841	9789299344	0
700	2022-06-13 10:39:26.648235	2022-06-13 10:39:26.648235	2021-12-07	2021-11-29	npiwelljf	amarjotjf@icq.com	C8YekQ6P8Tbk	D	5343158330	8563862237	0
710	2022-06-13 10:39:26.650621	2022-06-13 10:39:26.650621	2021-08-09	2021-08-13	dbraziljp	hgerrietsjp@google.com.au	FLNCJbr	D	5396953744	5690790922	0
718	2022-06-13 10:39:26.652797	2022-06-13 10:39:26.652797	2021-10-29	2022-05-30	trivenzonjx	gjoburnjx@redcross.org	yVlRPxsf	DA	5330116349	0227775728	0
730	2022-06-13 10:39:26.655367	2022-06-13 10:39:26.655367	2022-03-25	2022-05-07	itidbaldk9	bnoark9@typepad.com	yfzxxgoTEWBL	D	5310770108	6733286235	0
739	2022-06-13 10:39:26.657898	2022-06-13 10:39:26.657898	2021-11-23	2022-04-29	cbillyardki	dlevetki@weibo.com	TWyKOa1e	D	5331526795	4157407514	0
748	2022-06-13 10:39:26.659917	2022-06-13 10:39:26.659917	2021-11-22	2022-02-16	wwranklingkr	jinstrellkr@europa.eu	VCgm9fxEi	DA	5314912975	9875684865	0
759	2022-06-13 10:39:26.662408	2022-06-13 10:39:26.662408	2022-05-11	2022-03-06	wbillel2	bargabritel2@bizjournals.com	xMYqm8	B	5358352869	8627659369	0
767	2022-06-13 10:39:26.664903	2022-06-13 10:39:26.664903	2022-05-07	2021-12-13	hosuairdla	abarnacloughla@eepurl.com	pUmbId6V	DA	5337801296	9472247845	0
779	2022-06-13 10:39:26.667385	2022-06-13 10:39:26.667385	2022-01-02	2022-01-25	btessierlm	bspirrittlm@merriam-webster.com	UgceP19MZ	D	5382162581	0842711054	0
790	2022-06-13 10:39:26.669839	2022-06-13 10:39:26.669839	2021-08-28	2021-07-19	fgiereklx	avasyutichevlx@slate.com	bcQsQLd	D	5356050487	8996777212	0
798	2022-06-13 10:39:26.672023	2022-06-13 10:39:26.672023	2022-02-23	2022-01-01	jsmailm5	hcaghanm5@berkeley.edu	Bu2zDqpm5Io1	DA	5356819972	3601730328	0
809	2022-06-13 10:39:26.674518	2022-06-13 10:39:26.674518	2022-05-01	2021-10-01	hmifflinmg	acowderaymg@hao123.com	tiNZgB4D0Rvl	DA	5311362941	0507132725	0
819	2022-06-13 10:39:26.676803	2022-06-13 10:39:26.676803	2022-03-23	2022-06-09	kdrynanmq	snolleaumq@pbs.org	AL4uAmoLNvy	BA	5387183407	3333679674	0
827	2022-06-13 10:39:26.678997	2022-06-13 10:39:26.678997	2021-11-25	2022-05-11	ebreitlingmy	kcobleymy@washingtonpost.com	5ZcMJf	DA	5363935139	8134569687	0
838	2022-06-13 10:39:26.681493	2022-06-13 10:39:26.681493	2021-10-24	2022-04-21	brodgern9	lkedien9@msn.com	ZLSkZw1ga	D	5323651633	6728192587	0
850	2022-06-13 10:39:26.683939	2022-06-13 10:39:26.683939	2022-02-26	2022-05-30	ccornillnl	blilienl@freewebs.com	hQcUOZQiFET	B	5373703588	4735936140	0
857	2022-06-13 10:39:26.686146	2022-06-13 10:39:26.686146	2021-12-25	2022-05-09	preadingsns	agarrardns@umich.edu	urYS8Uc	D	5378010989	5345290755	0
867	2022-06-13 10:39:26.688484	2022-06-13 10:39:26.688484	2022-04-12	2022-01-14	tsouthamo2	bbrighteyo2@oracle.com	sGfGZl	DA	5329874770	9009350563	0
877	2022-06-13 10:39:26.690767	2022-06-13 10:39:26.690767	2022-04-19	2022-03-17	mkilfordoc	rziemenoc@macromedia.com	rBNPtwNPu	V	5358427388	2747584671	0
888	2022-06-13 10:39:26.693459	2022-06-13 10:39:26.693459	2021-11-10	2021-09-13	dvizardon	cbamberyon@epa.gov	Hp9dCHaT	B	5360767655	3970448242	0
900	2022-06-13 10:39:26.696176	2022-06-13 10:39:26.696176	2022-01-16	2022-02-07	lberwickoz	nfoukxoz@biglobe.ne.jp	6yLrVNj3z	D	5346853978	1790202469	0
906	2022-06-13 10:39:26.698026	2022-06-13 10:39:26.698026	2022-05-09	2021-09-22	sdallawayp5	estegellp5@meetup.com	Y5t6Htio8	D	5376123403	8562130751	0
919	2022-06-13 10:39:26.701004	2022-06-13 10:39:26.701004	2021-06-26	2021-12-29	fcratpi	rschmidtpi@ow.ly	4qGwcY	BA	5368076294	3188946910	0
929	2022-06-13 10:39:26.703395	2022-06-13 10:39:26.703395	2021-10-04	2021-08-27	wcabrerps	cjolliffeps@salon.com	DAiYHjv	DA	5389814404	5788136251	0
938	2022-06-13 10:39:26.70566	2022-06-13 10:39:26.70566	2022-01-26	2022-04-06	dardronq1	ijoynesq1@jalbum.net	fY3Ysfns1Mj	D	5399596436	9237984209	0
950	2022-06-13 10:39:26.709065	2022-06-13 10:39:26.709065	2022-01-27	2022-02-21	dchessorqd	mgatelandqd@apache.org	lN6w7Y2Xj	D	5337809513	2044271731	0
961	2022-06-13 10:39:26.711737	2022-06-13 10:39:26.711737	2021-12-10	2021-11-16	alawlingqo	cdochertyqo@360.cn	VFlHoP8kMLiJ	DA	5377037754	3402185870	0
968	2022-06-13 10:39:26.71396	2022-06-13 10:39:26.71396	2022-04-21	2022-02-22	zadanetqv	emudgeqv@goo.gl	dnc93gO40d	D	5333776685	3517490819	0
980	2022-06-13 10:39:26.716384	2022-06-13 10:39:26.716384	2022-02-11	2021-11-10	mkenwardr7	cshemminr7@baidu.com	5PJsZPeK86qW	D	5373816360	8617136868	0
989	2022-06-13 10:39:26.718705	2022-06-13 10:39:26.718705	2022-03-22	2021-08-24	amccunnrg	lschroterrg@discovery.com	j1mw10t7He	B	5390677869	8215713379	0
1000	2022-06-13 10:39:26.721123	2022-06-13 10:39:26.721123	2021-08-02	2021-06-25	pdegowerr	mdesportrr@google.it	2iltOBYL	D	5327324138	0578085582	0
605	2022-06-13 10:39:26.625915	2022-06-13 10:39:26.625915	2021-06-19	2022-03-23	mughelligs	alassetergs@mac.com	ASYP7OjXr	D	5389120515	2877600261	0
616	2022-06-13 10:39:26.628571	2022-06-13 10:39:26.628571	2022-01-26	2022-06-10	aneathh3	pdowyerh3@cafepress.com	HiDhDnIlD9	D	5300412207	0258962574	0
622	2022-06-13 10:39:26.630597	2022-06-13 10:39:26.630597	2021-06-21	2021-12-10	jleamyh9	bhadnyh9@pcworld.com	btWLUxc	D	5384576357	9566951637	0
632	2022-06-13 10:39:26.632919	2022-06-13 10:39:26.632919	2021-12-20	2021-08-16	wshapcotthj	cdelanyhj@state.gov	SJmO9Z	DA	5382552571	8977328834	0
641	2022-06-13 10:39:26.635229	2022-06-13 10:39:26.635229	2022-03-05	2021-10-16	ftolomeihs	vmacnallyhs@reference.com	oan1KSSX	D	5395310979	1854168723	0
651	2022-06-13 10:39:26.637527	2022-06-13 10:39:26.637527	2022-02-01	2022-05-29	psowreyi2	rrydingi2@reference.com	THMHGbi	B	5385008059	0568400432	0
664	2022-06-13 10:39:26.640151	2022-06-13 10:39:26.640151	2021-07-05	2021-10-29	sgrosvenerif	lvasovicif@scribd.com	K6VRyag	DA	5319929993	9210086145	0
675	2022-06-13 10:39:26.642492	2022-06-13 10:39:26.642492	2022-03-22	2021-07-21	alabordeiq	wwhitecrossiq@blogspot.com	W3qCVTR0v	DA	5320115015	7723053985	0
681	2022-06-13 10:39:26.644453	2022-06-13 10:39:26.644453	2021-06-16	2022-04-22	evasilenkoiw	lfennessyiw@4shared.com	Pmj7OItyb1	DA	5345538366	4379776077	0
694	2022-06-13 10:39:26.64696	2022-06-13 10:39:26.64696	2021-11-27	2021-09-07	fendriccij9	tschruyersj9@unc.edu	fK3gtkl80H	DA	5355790893	4354428563	0
704	2022-06-13 10:39:26.649313	2022-06-13 10:39:26.649313	2021-07-22	2022-03-29	abagenaljj	ldumbeltonjj@cafepress.com	soimxL	BA	5364657500	1759401125	0
711	2022-06-13 10:39:26.651556	2022-06-13 10:39:26.651556	2022-05-26	2021-06-17	kpreblejq	mblindejq@dell.com	8pB7f9Ufm	BA	5328411414	9706868129	0
722	2022-06-13 10:39:26.653894	2022-06-13 10:39:26.653894	2021-07-14	2022-01-28	crisboroughk1	lhardacrek1@cafepress.com	6yLku6	B	5360670383	2547962951	0
734	2022-06-13 10:39:26.656515	2022-06-13 10:39:26.656515	2022-05-23	2022-02-26	tdillingstonkd	wganleykd@mapy.cz	GYyr65TaebI	DA	5310042095	5268230409	0
744	2022-06-13 10:39:26.658848	2022-06-13 10:39:26.658848	2022-04-14	2021-09-30	enockallskn	ggonzalvokn@buzzfeed.com	q8T9h4Qe	D	5333484151	3648231938	0
752	2022-06-13 10:39:26.661056	2022-06-13 10:39:26.661056	2022-06-05	2022-04-29	rfurmingerkv	dlongworthykv@nature.com	re2rXzRlE2LS	D	5340803064	9566537157	0
761	2022-06-13 10:39:26.663638	2022-06-13 10:39:26.663638	2021-06-23	2021-09-03	gknightsbridgel4	scomerl4@nsw.gov.au	JeGJayk	D	5308008986	0306927883	0
774	2022-06-13 10:39:26.666184	2022-06-13 10:39:26.666184	2021-08-18	2022-05-07	dbamberlh	ttremblotlh@samsung.com	SHMQos3b	BA	5326626577	6571982487	0
784	2022-06-13 10:39:26.668591	2022-06-13 10:39:26.668591	2021-06-26	2022-04-07	xgronwlr	geyrelr@over-blog.com	ctKOc5oXn1	BA	5362211078	6379618566	0
793	2022-06-13 10:39:26.670855	2022-06-13 10:39:26.670855	2021-11-30	2022-01-21	cspurrm0	fdempseym0@vinaora.com	xenxQ74vo1	D	5342705002	2732059710	0
803	2022-06-13 10:39:26.673336	2022-06-13 10:39:26.673336	2021-09-11	2022-01-06	csherrma	emacekma@fotki.com	ISHXFfSKYD	DA	5395201961	9385893641	0
815	2022-06-13 10:39:26.675697	2022-06-13 10:39:26.675697	2022-03-15	2021-10-02	awindersmm	bloynsmm@icio.us	yAXTDCizS	VA	5362676106	0490208265	0
823	2022-06-13 10:39:26.677852	2022-06-13 10:39:26.677852	2022-03-14	2022-03-05	ccasselmu	pbarnacloughmu@huffingtonpost.com	iWEjHgfyWSHK	DA	5365316610	1165306531	0
833	2022-06-13 10:39:26.680325	2022-06-13 10:39:26.680325	2021-12-23	2021-10-21	klantiffn4	hbracknalln4@deliciousdays.com	f8bAdicHaa	BA	5328989321	8887247055	0
845	2022-06-13 10:39:26.682817	2022-06-13 10:39:26.682817	2021-07-13	2022-04-29	klaurantng	bromansng@irs.gov	NuGgh5Fyi	DA	5319567719	6176775357	0
855	2022-06-13 10:39:26.685162	2022-06-13 10:39:26.685162	2021-08-20	2021-07-17	akanzlernq	dborrownq@posterous.com	cDSueZKUM4	DA	5360769020	0795872625	0
863	2022-06-13 10:39:26.687394	2022-06-13 10:39:26.687394	2021-10-21	2021-09-20	ybraemerny	gcoltartny@ow.ly	tu34Rk	D	5311702903	3716990204	0
875	2022-06-13 10:39:26.689951	2022-06-13 10:39:26.689951	2022-04-09	2022-04-28	gmeriguetoa	amaccaughenoa@hao123.com	xoJggQ2	DA	5355464927	0619595534	0
882	2022-06-13 10:39:26.692052	2022-06-13 10:39:26.692052	2021-09-24	2021-09-10	nbeckinsaleoh	cwrideoh@house.gov	xEKZISv	D	5306198202	8079938710	0
895	2022-06-13 10:39:26.694902	2022-06-13 10:39:26.694902	2021-11-19	2022-06-06	tlindheou	vfaustou@tuttocitta.it	15VV490Yum	VA	5365512671	6573428698	0
903	2022-06-13 10:39:26.697014	2022-06-13 10:39:26.697014	2021-11-05	2021-11-16	holeszkiewiczp2	tdederickp2@home.pl	YP6gHmXEXtr	DA	5352523657	7144325789	0
914	2022-06-13 10:39:26.699881	2022-06-13 10:39:26.699881	2022-05-09	2022-01-23	rpedlinghampd	cchurchingpd@nytimes.com	UgatRD7EEOKu	D	5397581097	4198787196	0
921	2022-06-13 10:39:26.702072	2022-06-13 10:39:26.702072	2022-01-13	2022-02-06	lkastingpk	nheinopk@parallels.com	ozX42xF	B	5301094641	8468934620	0
933	2022-06-13 10:39:26.704447	2022-06-13 10:39:26.704447	2021-08-04	2022-04-14	fsoamepw	awetterpw@ihg.com	5oGuEk	DA	5368007198	6470560618	0
943	2022-06-13 10:39:26.706849	2022-06-13 10:39:26.706849	2022-05-07	2021-12-06	krumbleq6	fjulianoq6@unicef.org	5ITbyeMc3V	DA	5328916517	9310883209	0
955	2022-06-13 10:39:26.709525	2022-06-13 10:39:26.709525	2022-04-20	2022-06-02	gpasslerqi	cmushartqi@livejournal.com	CR3BD8UD3U7I	D	5378299834	7302604881	0
962	2022-06-13 10:39:26.711855	2022-06-13 10:39:26.711855	2021-11-17	2021-08-02	mcastelotqp	ldroughtqp@psu.edu	rwm28iqk	BA	5358377397	0168757403	0
972	2022-06-13 10:39:26.714304	2022-06-13 10:39:26.714304	2021-12-15	2022-03-16	mhamfleetqz	rkolakqz@businesswire.com	dm3xiKvI3	D	5304232037	9178325725	0
983	2022-06-13 10:39:26.716522	2022-06-13 10:39:26.716522	2021-11-29	2022-03-05	lscullionra	kgongra@ucoz.com	QFz7Cy	D	5343158591	7584555555	0
993	2022-06-13 10:39:26.719086	2022-06-13 10:39:26.719086	2021-09-23	2022-05-07	egraberrk	bheigoldrk@hostgator.com	cXN0JUmM	D	5316316581	1250083350	0
609	2022-06-13 10:39:26.626747	2022-06-13 10:39:26.626747	2022-04-09	2022-03-25	dcoyettgw	fkubistagw@yellowpages.com	pkiGz95AF	BA	5372110243	9836722845	0
619	2022-06-13 10:39:26.629416	2022-06-13 10:39:26.629416	2021-07-17	2022-04-21	ameekinh6	gbarentsh6@yellowpages.com	tyvMNMl7WH	BA	5382096557	7375865251	0
628	2022-06-13 10:39:26.631695	2022-06-13 10:39:26.631695	2021-10-29	2022-04-06	ledmonstonehf	bohingertyhf@etsy.com	PAusphQwVwD	D	5336307794	7320945709	0
638	2022-06-13 10:39:26.63401	2022-06-13 10:39:26.63401	2022-03-12	2022-01-22	cspringhp	gkeohanehp@independent.co.uk	Hgp5Obxd1	SA	5334126294	4284714295	0
648	2022-06-13 10:39:26.636395	2022-06-13 10:39:26.636395	2022-05-02	2022-05-10	ohulancehz	tdelaneyhz@elpais.com	BxHpHaxZ	D	5399678361	1490125723	0
660	2022-06-13 10:39:26.639083	2022-06-13 10:39:26.639083	2022-06-08	2022-02-21	nmuspratib	ccolerickib@gov.uk	KcERYLg	DA	5345933033	7842274523	0
668	2022-06-13 10:39:26.640925	2022-06-13 10:39:26.640925	2022-04-25	2021-10-21	dolleij	fostlerij@sitemeter.com	V0g1e6	DA	5348577526	0741597551	0
676	2022-06-13 10:39:26.643316	2022-06-13 10:39:26.643316	2021-12-27	2022-04-16	dmixworthyir	dwillarsir@bandcamp.com	UhvH9CL	DA	5333750314	8603915491	0
690	2022-06-13 10:39:26.645947	2022-06-13 10:39:26.645947	2021-07-15	2021-07-25	jsimmillj5	iaymerj5@tinypic.com	KTEgXibwxfs	D	5343296927	5290804375	0
697	2022-06-13 10:39:26.648209	2022-06-13 10:39:26.648209	2021-08-04	2022-02-24	sbroadnickejc	gclappisonjc@craigslist.org	CYhwMVrST7b	DA	5336821858	4239715936	0
707	2022-06-13 10:39:26.650392	2022-06-13 10:39:26.650392	2022-04-18	2022-02-27	jhusonjm	mstrangjm@squidoo.com	uuwfJbuPyx	B	5314105975	1913672991	0
717	2022-06-13 10:39:26.652735	2022-06-13 10:39:26.652735	2022-04-11	2022-03-04	jcrossejw	lambrosinijw@howstuffworks.com	7vqlaA	D	5344854892	0824113090	0
726	2022-06-13 10:39:26.655055	2022-06-13 10:39:26.655055	2022-04-12	2021-07-23	fleverettek5	gkayk5@tripadvisor.com	EusAOgk2IKDC	B	5343921503	1654479238	0
738	2022-06-13 10:39:26.657877	2022-06-13 10:39:26.657877	2022-02-22	2022-02-09	aolahykh	sshanleykh@mapquest.com	c8W5pKaGN2	D	5396116404	9141521112	0
750	2022-06-13 10:39:26.660127	2022-06-13 10:39:26.660127	2021-08-09	2022-06-03	cgoldhawkkt	sgirodiaskt@ebay.co.uk	Ep4Gfn3nL7xY	DA	5392701636	8067733608	0
758	2022-06-13 10:39:26.662229	2022-06-13 10:39:26.662229	2021-08-19	2022-04-16	arathbournel1	gbuistl1@businessweek.com	EzKN035	V	5316762564	6884273608	0
768	2022-06-13 10:39:26.665042	2022-06-13 10:39:26.665042	2021-07-22	2022-03-01	rhurnelb	rwhewelllb@e-recht24.de	NyMsiYTV	DA	5396156618	0104438285	0
777	2022-06-13 10:39:26.667242	2022-06-13 10:39:26.667242	2022-05-03	2022-02-20	mmeekinlk	qdanaherlk@cam.ac.uk	nbLM7dm	DA	5387481488	0217433269	0
786	2022-06-13 10:39:26.66955	2022-06-13 10:39:26.66955	2021-08-02	2021-11-02	hgaullt	ryvenslt@examiner.com	tCCA9ck	DA	5320616365	6700322531	0
796	2022-06-13 10:39:26.671883	2022-06-13 10:39:26.671883	2021-12-20	2022-01-05	cmarrianm3	azaniolettim3@dyndns.org	5YozCn	BA	5346504607	9733063441	0
806	2022-06-13 10:39:26.674244	2022-06-13 10:39:26.674244	2021-08-28	2022-04-27	moloughranmd	cdebruynmd@nationalgeographic.com	mRfzsIQxFytJ	D	5392222852	0707992640	0
816	2022-06-13 10:39:26.67656	2022-06-13 10:39:26.67656	2022-02-22	2021-06-30	kpaulusmn	siredellmn@myspace.com	jA7mrml	BA	5332261789	0327561774	0
828	2022-06-13 10:39:26.679167	2022-06-13 10:39:26.679167	2022-03-10	2022-04-15	dgarlantmz	cjadosmz@google.co.jp	PGEvAeBy	SA	5389042297	2533046473	0
839	2022-06-13 10:39:26.681632	2022-06-13 10:39:26.681632	2022-04-20	2022-01-21	hivankovna	cspiniellona@goo.gl	coQGCv6Iw	DA	5330524501	9291024466	0
847	2022-06-13 10:39:26.683744	2022-06-13 10:39:26.683744	2022-03-12	2022-05-19	rhammanni	fshipwayni@php.net	gdca9EQmh	B	5314209713	7096559315	0
860	2022-06-13 10:39:26.686382	2022-06-13 10:39:26.686382	2021-07-29	2022-06-08	bmccathynv	bmompessonnv@europa.eu	J1C8ePQvisku	BA	5304634239	1501741078	0
869	2022-06-13 10:39:26.688683	2022-06-13 10:39:26.688683	2022-04-19	2021-12-24	vcalteroneo4	socannovaneo4@google.com	nbu4oX	D	5377350802	7129490944	0
878	2022-06-13 10:39:26.69084	2022-06-13 10:39:26.69084	2021-06-23	2022-03-12	rbindonod	sendsod@smugmug.com	63dwTb1Z6	DA	5346844390	0995522316	0
886	2022-06-13 10:39:26.69328	2022-06-13 10:39:26.69328	2021-08-24	2021-10-16	emctavishol	sholdol@ibm.com	94YscIb7	DA	5366726521	2745755214	0
897	2022-06-13 10:39:26.695894	2022-06-13 10:39:26.695894	2022-02-03	2022-01-11	astofferow	waudenisow@wordpress.com	RWgGQ86ULe	D	5332338829	3263471514	0
907	2022-06-13 10:39:26.698094	2022-06-13 10:39:26.698094	2022-03-08	2022-05-27	cilymanovp6	bjacquotp6@walmart.com	s6NEOf7i	D	5306356627	0960019481	0
916	2022-06-13 10:39:26.700773	2022-06-13 10:39:26.700773	2022-01-12	2021-07-23	mkleinerpf	sboheypf@guardian.co.uk	P87UuMTRX	DA	5360952529	5380878280	0
927	2022-06-13 10:39:26.703224	2022-06-13 10:39:26.703224	2021-12-03	2021-08-18	bhazeldenpq	phavillpq@youtu.be	F5XBvF	D	5375337922	8168688699	0
939	2022-06-13 10:39:26.705778	2022-06-13 10:39:26.705778	2022-03-19	2021-07-30	pmayheadq2	acleyburnq2@bloomberg.com	MddQUE	D	5385772267	5399722134	0
947	2022-06-13 10:39:26.708047	2022-06-13 10:39:26.708047	2021-10-29	2021-11-28	kyurenevqa	jlondorsqa@delicious.com	K8S7FWztMCdu	D	5354893760	3301336343	0
956	2022-06-13 10:39:26.710322	2022-06-13 10:39:26.710322	2021-10-11	2022-01-13	sputtrellqj	jespositaqj@stumbleupon.com	Dc7roWi92UUn	B	5371277460	3078039228	0
966	2022-06-13 10:39:26.712781	2022-06-13 10:39:26.712781	2022-04-26	2022-05-01	rruckqt	tlowthianqt@photobucket.com	JNMexv	D	5321191857	6798567659	0
976	2022-06-13 10:39:26.715165	2022-06-13 10:39:26.715165	2021-11-18	2021-07-30	tbarenskir3	djorckr3@vk.com	3zxQ413	D	5385464429	7263949230	0
987	2022-06-13 10:39:26.717661	2022-06-13 10:39:26.717661	2021-06-22	2021-08-25	rfraniesre	dgarronre@slashdot.org	Y9IVs44Z	DA	5354041544	6010144011	0
996	2022-06-13 10:39:26.719859	2022-06-13 10:39:26.719859	2021-07-01	2021-06-15	valyoshinrn	bgarmstonrn@drupal.org	K9oMb17QAe5	B	5374437253	2028496747	0
613	2022-06-13 10:39:26.628348	2022-06-13 10:39:26.628348	2021-09-06	2022-02-02	hcanniffeh0	ealleynh0@netlog.com	cRbxRrR	D	5394792599	9092018344	0
624	2022-06-13 10:39:26.630766	2022-06-13 10:39:26.630766	2022-06-09	2022-06-07	ecauleyhb	gsandaverhb@biglobe.ne.jp	LVzPHZtFmZT8	V	5308515515	4791798725	0
635	2022-06-13 10:39:26.633139	2022-06-13 10:39:26.633139	2022-06-09	2021-07-20	eettridgehm	cstalfhm@wikipedia.org	61SL0bOyDx	BA	5386602298	7904995147	0
647	2022-06-13 10:39:26.635734	2022-06-13 10:39:26.635734	2021-10-23	2022-05-29	mscholtehy	dpieterhy@spotify.com	COnCaxoT4	V	5314447395	6474129997	0
656	2022-06-13 10:39:26.637883	2022-06-13 10:39:26.637883	2021-12-22	2021-07-07	ctreadgeari7	astanwayi7@cnet.com	RvnsLqC5Qlc	D	5339431253	8242862444	0
665	2022-06-13 10:39:26.640238	2022-06-13 10:39:26.640238	2021-08-22	2022-04-23	arishbrookig	arustedgeig@bizjournals.com	bYwVphDV	D	5313226707	7377522720	0
672	2022-06-13 10:39:26.642222	2022-06-13 10:39:26.642222	2021-10-06	2022-01-11	jdaunterin	klawillein@freewebs.com	usOyQ5ABM	BA	5317240692	5956062355	0
682	2022-06-13 10:39:26.644527	2022-06-13 10:39:26.644527	2022-01-27	2021-06-14	eeakeleyix	ndarbonix@ucoz.ru	pxRrLHyBX7	D	5390128438	3566452385	0
692	2022-06-13 10:39:26.646857	2022-06-13 10:39:26.646857	2022-02-24	2022-05-12	tgorckej7	owernhamj7@jugem.jp	8fTWqqkEA	B	5344221234	1294752611	0
703	2022-06-13 10:39:26.649234	2022-06-13 10:39:26.649234	2021-09-03	2022-04-11	frohmerji	dgiovanardiji@istockphoto.com	m7eFRiwup	D	5337840750	3626439901	0
715	2022-06-13 10:39:26.65182	2022-06-13 10:39:26.65182	2021-09-27	2022-03-25	cpaysju	ccomerju@webnode.com	NvS6YWqxy	SA	5391310860	9939559477	0
724	2022-06-13 10:39:26.65404	2022-06-13 10:39:26.65404	2021-09-27	2022-01-29	dsikorak3	csergeantk3@samsung.com	KwNl1CPVQsw	D	5302609829	4776970447	0
735	2022-06-13 10:39:26.65661	2022-06-13 10:39:26.65661	2021-08-08	2022-05-26	droundtreeke	aingleseke@exblog.jp	TQ5DnN2xpoSZ	D	5381062234	6539024052	0
741	2022-06-13 10:39:26.658628	2022-06-13 10:39:26.658628	2022-03-09	2022-04-20	gairtonkk	gmacnucatorkk@aol.com	05pMQz	D	5382848228	0940225765	0
755	2022-06-13 10:39:26.661276	2022-06-13 10:39:26.661276	2021-10-29	2021-10-10	edrustky	searleyky@nhs.uk	zgydfQj7	BA	5383894931	0420290544	0
762	2022-06-13 10:39:26.663732	2022-06-13 10:39:26.663732	2022-04-25	2022-03-18	chanbridgel5	gkinnochl5@facebook.com	LXvKSkZw	D	5340057334	2754399877	0
775	2022-06-13 10:39:26.666278	2022-06-13 10:39:26.666278	2021-10-01	2021-09-26	cblackborneli	achretienli@elpais.com	OoAYqg	SA	5300275172	4468376422	0
781	2022-06-13 10:39:26.668369	2022-06-13 10:39:26.668369	2022-02-15	2021-10-03	cflasbylo	efaulkslo@bbc.co.uk	Yk1uc6	D	5355474605	6879234998	0
792	2022-06-13 10:39:26.670807	2022-06-13 10:39:26.670807	2021-10-07	2022-05-26	anoweaklz	mpeyeslz@shop-pro.jp	eOIO0R4fi	D	5335816277	7758848713	0
802	2022-06-13 10:39:26.673213	2022-06-13 10:39:26.673213	2021-07-24	2021-09-11	kchapelhowm9	rashpolem9@mapquest.com	4gZrrjQ	DA	5333978003	7020453803	0
812	2022-06-13 10:39:26.675445	2022-06-13 10:39:26.675445	2021-12-27	2021-06-12	ajaneckimj	jpottberrymj@ucoz.com	kROJvbYaRWR	D	5321010037	4601445193	0
822	2022-06-13 10:39:26.67778	2022-06-13 10:39:26.67778	2022-01-01	2021-11-30	kspellmanmt	nwetherheadmt@hexun.com	oeCf9y	DA	5384882819	0194729873	0
831	2022-06-13 10:39:26.680156	2022-06-13 10:39:26.680156	2021-07-08	2022-05-08	dlivingstonn2	cmorrottn2@ehow.com	raMJ4r6P3U8	D	5375413288	6848970516	0
842	2022-06-13 10:39:26.682563	2022-06-13 10:39:26.682563	2022-01-29	2021-07-14	emcareaveynd	dsummonsnd@devhub.com	BjSyF3HWR	D	5383585222	0415635799	0
854	2022-06-13 10:39:26.685092	2022-06-13 10:39:26.685092	2022-04-15	2021-10-19	dshadfourthnp	iwardropenp@yahoo.com	HZPEt2tjjd	SA	5312560746	0370982932	0
864	2022-06-13 10:39:26.687427	2022-06-13 10:39:26.687427	2022-03-25	2021-08-16	sspringallnz	jkillichnz@blinklist.com	HSQuAc8xM0u	DA	5313987545	9134449814	0
873	2022-06-13 10:39:26.689748	2022-06-13 10:39:26.689748	2022-06-11	2022-01-05	calliotto8	dhuxtero8@msu.edu	awSVtkLArxu	D	5382468406	5149356404	0
884	2022-06-13 10:39:26.692246	2022-06-13 10:39:26.692246	2021-08-06	2022-03-27	fmcbrieroj	vevendenoj@ed.gov	kSneGlP80B	DA	5364821440	7359953875	0
891	2022-06-13 10:39:26.694537	2022-06-13 10:39:26.694537	2021-08-31	2021-12-21	vvigneoq	hbratleyoq@angelfire.com	8Q2wssd6	BA	5367456097	6851057103	0
904	2022-06-13 10:39:26.697135	2022-06-13 10:39:26.697135	2021-09-26	2022-04-24	aslocump3	bvenmorep3@netlog.com	GM1G1W6	DA	5349549601	4582286023	0
913	2022-06-13 10:39:26.699792	2022-06-13 10:39:26.699792	2022-05-10	2021-12-31	cboolerpc	bbulgerpc@linkedin.com	ay9J0gA	D	5308706912	2115729356	0
925	2022-06-13 10:39:26.702164	2022-06-13 10:39:26.702164	2022-04-08	2021-07-11	xjellymanpo	bfreynepo@deliciousdays.com	GWfY4E	D	5389433559	0457551443	0
934	2022-06-13 10:39:26.704487	2022-06-13 10:39:26.704487	2021-07-24	2021-08-01	lbussypx	ssylettpx@scribd.com	ldWs23XhnHLY	D	5349405651	4455519446	0
944	2022-06-13 10:39:26.706936	2022-06-13 10:39:26.706936	2021-10-26	2021-07-16	dtrehearnq7	ckuhlmeyq7@github.com	DjPP0HBcWVKZ	DA	5394186985	4178886066	0
954	2022-06-13 10:39:26.709446	2022-06-13 10:39:26.709446	2021-12-01	2021-09-05	dwilkissonqh	fprayqh@oakley.com	gNnJeqh6Zl	D	5362211425	1948567013	0
964	2022-06-13 10:39:26.711984	2022-06-13 10:39:26.711984	2022-02-27	2022-02-04	ainglissqr	mbeachemqr@skyrock.com	rKacvuCNEzI	D	5340652370	2736265245	0
970	2022-06-13 10:39:26.714107	2022-06-13 10:39:26.714107	2022-02-28	2021-06-19	hwardropeqx	apiccopqx@fastcompany.com	a4eHdYUEe	D	5321881252	2540852839	0
981	2022-06-13 10:39:26.716467	2022-06-13 10:39:26.716467	2021-08-29	2021-10-31	dfitzsimonr8	mmadgwickr8@multiply.com	pePfdGLJ	D	5379909134	2104570242	0
991	2022-06-13 10:39:26.718902	2022-06-13 10:39:26.718902	2022-03-08	2022-03-28	sbaddeleyri	bkehriri@paypal.com	vuuFh11Lw	DA	5340736838	6570514724	0
999	2022-06-13 10:39:26.721006	2022-06-13 10:39:26.721006	2022-02-07	2021-11-02	aweakleyrq	gstovesrq@techcrunch.com	NhAUea1FKHi	B	5382350085	8356090253	0
655	2022-06-13 10:39:26.637841	2022-06-13 10:39:26.637841	2021-10-03	2021-07-08	npriddeyi6	vmcdonaghi6@unesco.org	3px4U2JfnRn	BA	5396977496	3756459465	0
666	2022-06-13 10:39:26.640317	2022-06-13 10:39:26.640317	2021-08-17	2022-02-03	emililloih	bandricih@xrea.com	RpDbrk	V	5369708889	4717864001	0
680	2022-06-13 10:39:26.643682	2022-06-13 10:39:26.643682	2022-06-08	2021-08-12	abarrabealeiv	wvlasiniv@scribd.com	loIi22gQIV	DA	5346847711	5145890663	0
686	2022-06-13 10:39:26.645663	2022-06-13 10:39:26.645663	2021-07-23	2022-06-05	lcaulcottj1	aboastj1@bluehost.com	gUZ5hQ	D	5323715602	3005037988	0
699	2022-06-13 10:39:26.648202	2022-06-13 10:39:26.648202	2021-11-24	2022-01-06	hharbottleje	mmaplethorpeje@nydailynews.com	ixTUveUJDn	DA	5343420310	8204269062	0
708	2022-06-13 10:39:26.650437	2022-06-13 10:39:26.650437	2021-08-16	2021-10-25	pemminsjn	ejakabjn@nhs.uk	tQz0f9UUl	BA	5396119432	1028482043	0
720	2022-06-13 10:39:26.653002	2022-06-13 10:39:26.653002	2021-08-15	2021-11-30	otarbinjz	mborehamjz@china.com.cn	nutik9mJ9	B	5365023094	4793135212	0
728	2022-06-13 10:39:26.655202	2022-06-13 10:39:26.655202	2022-01-26	2022-06-05	tkleinschmidtk7	ltinsleyk7@t.co	ezIibgLGg	D	5347604139	3008486433	0
740	2022-06-13 10:39:26.65807	2022-06-13 10:39:26.65807	2022-03-17	2022-02-11	njobbingkj	rmoyleskj@hhs.gov	jT2QuJIP2Kh5	DA	5373771144	7365428466	0
749	2022-06-13 10:39:26.660042	2022-06-13 10:39:26.660042	2022-05-10	2022-01-01	mblydeks	lroperks@examiner.com	g0EY8NXG	D	5305891629	2001422433	0
760	2022-06-13 10:39:26.662429	2022-06-13 10:39:26.662429	2021-06-23	2022-04-28	cbenechl3	gchichgarl3@youtube.com	lUcwcCa	D	5311758804	4876265865	0
766	2022-06-13 10:39:26.66484	2022-06-13 10:39:26.66484	2022-01-10	2022-03-25	vallderl9	mloucal9@chicagotribune.com	ijkC8tV	D	5302031600	3025867746	0
778	2022-06-13 10:39:26.667352	2022-06-13 10:39:26.667352	2021-09-28	2022-01-20	bgallichiccioll	speirpointll@theglobeandmail.com	4yuaMa91df	B	5318351041	2467044916	0
787	2022-06-13 10:39:26.669627	2022-06-13 10:39:26.669627	2022-01-13	2021-10-02	bodunniomlu	fyoodalllu@privacy.gov.au	Io5Q2pP	D	5348158937	6788659894	0
800	2022-06-13 10:39:26.672202	2022-06-13 10:39:26.672202	2021-06-20	2021-07-31	aprescotm7	egroddenm7@foxnews.com	ElVs992Ko	DA	5308896027	9520051474	0
808	2022-06-13 10:39:26.674388	2022-06-13 10:39:26.674388	2022-04-17	2021-10-31	zbuttersmf	ngolightlymf@tumblr.com	WtuE07	DA	5375717667	0504444679	0
818	2022-06-13 10:39:26.676728	2022-06-13 10:39:26.676728	2022-01-17	2021-08-26	mwyleymp	kaugustusmp@weibo.com	ufzArXs3P	DA	5359935290	7888790386	0
830	2022-06-13 10:39:26.67929	2022-06-13 10:39:26.67929	2022-01-24	2022-03-03	pbaurerichn1	edowseyn1@usda.gov	TISr2VanMup	D	5354459489	9705577916	0
836	2022-06-13 10:39:26.681375	2022-06-13 10:39:26.681375	2021-10-27	2021-09-24	wklawin7	jleasen7@wikia.com	7ptFddNyEby	D	5322664194	3119054496	0
846	2022-06-13 10:39:26.683636	2022-06-13 10:39:26.683636	2021-10-25	2021-09-11	ccassiusnh	vculwennh@sciencedirect.com	itdlj9UvnM	D	5322930672	1988403979	0
858	2022-06-13 10:39:26.68623	2022-06-13 10:39:26.68623	2022-01-25	2022-04-27	kdambrogint	nlucasnt@github.io	K2cu4lEi6k9	DA	5321841072	2348868669	0
870	2022-06-13 10:39:26.688785	2022-06-13 10:39:26.688785	2022-04-03	2022-03-17	hratleeo5	pskedgeo5@typepad.com	WDgBjLb	D	5384875608	3296810638	0
876	2022-06-13 10:39:26.690711	2022-06-13 10:39:26.690711	2022-04-13	2022-02-11	tbloomfieldob	rpawlettob@cafepress.com	EIu7eFS	D	5344999660	2584355645	0
890	2022-06-13 10:39:26.69363	2022-06-13 10:39:26.69363	2022-02-25	2021-10-27	felnoughop	ecadlockop@mit.edu	MYJWDnzuMl	D	5389018379	4775901471	0
899	2022-06-13 10:39:26.696082	2022-06-13 10:39:26.696082	2022-03-11	2021-09-05	aizattoy	dcarveroy@foxnews.com	z43cjdfqaiag	D	5351920036	4121870832	0
908	2022-06-13 10:39:26.698195	2022-06-13 10:39:26.698195	2021-10-12	2022-02-19	ekennawayp7	sforcadep7@t-online.de	SdLYku247QM	DA	5321551798	5505513745	0
920	2022-06-13 10:39:26.701049	2022-06-13 10:39:26.701049	2022-03-08	2021-08-27	kfeuellpj	klocklesspj@sciencedaily.com	1KefIHFE27n	DA	5399960540	1079606674	0
930	2022-06-13 10:39:26.703484	2022-06-13 10:39:26.703484	2021-06-16	2022-05-19	tludwellpt	jreesonpt@dedecms.com	MhTmn1EQmX	DA	5386992788	5084888529	0
936	2022-06-13 10:39:26.705547	2022-06-13 10:39:26.705547	2021-07-08	2021-12-10	cbarrarpz	rewenpz@jalbum.net	xatHHc	DA	5367005563	4510972563	0
946	2022-06-13 10:39:26.707948	2022-06-13 10:39:26.707948	2021-09-27	2022-04-05	rsollowayeq9	jromeq9@photobucket.com	9ag6Scg	D	5316513973	9450867947	0
957	2022-06-13 10:39:26.710357	2022-06-13 10:39:26.710357	2022-01-28	2022-02-19	vblannqk	gtedahlqk@yahoo.com	p1ldY5u2W	D	5363291053	7639081129	0
967	2022-06-13 10:39:26.712884	2022-06-13 10:39:26.712884	2021-07-08	2022-04-20	dcraythornqu	cbrymhamqu@un.org	xwLTwMOSy	D	5319185934	9848655379	0
977	2022-06-13 10:39:26.715266	2022-06-13 10:39:26.715266	2021-06-27	2022-05-24	tespinalr4	cdogertyr4@arstechnica.com	bjjo4f	D	5370270541	0882368422	0
986	2022-06-13 10:39:26.717577	2022-06-13 10:39:26.717577	2022-01-13	2022-04-08	aboverrd	phardestyrd@geocities.com	pEmBYs7Gu1	D	5339394752	7351625755	0
995	2022-06-13 10:39:26.719778	2022-06-13 10:39:26.719778	2022-02-04	2022-04-10	dferenczirm	mpedgriftrm@virginia.edu	n4Rvhaz	DA	5362227410	0514364651	0
894	2022-06-13 10:39:26.694736	2022-06-13 10:39:26.694736	2021-12-16	2021-11-01	jbickfordot	ayeabsleyot@upenn.edu	FEQTSk88adab	DA	5343200682	4618638427	0
905	2022-06-13 10:39:26.697256	2022-06-13 10:39:26.697256	2021-08-01	2021-11-13	rspurdenp4	cmccreep4@shop-pro.jp	CsqiuI30V	D	5375120243	0443927687	0
911	2022-06-13 10:39:26.699616	2022-06-13 10:39:26.699616	2022-01-12	2021-08-18	lhustingspa	gleaknerpa@china.com.cn	2qZgqVBHZnk	D	5366022733	4688735829	0
922	2022-06-13 10:39:26.702104	2022-06-13 10:39:26.702104	2021-06-12	2021-06-13	clinkinpl	amcgurnpl@amazon.com	go1De6	B	5385061382	0233716540	0
931	2022-06-13 10:39:26.704291	2022-06-13 10:39:26.704291	2022-01-31	2021-09-21	rnewlynpu	fchippindallpu@github.io	8S8UUe5iSMB0	D	5337609381	9487279801	0
941	2022-06-13 10:39:26.706702	2022-06-13 10:39:26.706702	2021-11-29	2021-06-15	teltoneq4	lsherreardq4@issuu.com	bIviY9mhY8x	D	5392795571	5280325731	0
953	2022-06-13 10:39:26.709348	2022-06-13 10:39:26.709348	2021-10-09	2022-03-11	wcalderonelloqg	astanbroqg@163.com	nplrprhRNx	D	5369111635	5947541609	0
965	2022-06-13 10:39:26.712242	2022-06-13 10:39:26.712242	2021-09-07	2022-01-29	ufernantqs	btomkissqs@va.gov	6tPRZvr	BA	5353866930	2526212131	0
975	2022-06-13 10:39:26.715091	2022-06-13 10:39:26.715091	2022-04-03	2021-08-19	hredfieldr2	kkuhnertr2@meetup.com	pflWQ90	BA	5382698565	9760761047	0
985	2022-06-13 10:39:26.717511	2022-06-13 10:39:26.717511	2021-10-29	2022-05-06	bleemanrc	eerridgerc@techcrunch.com	E7aB2tKqDLBI	B	5396097922	4466634982	0
997	2022-06-13 10:39:26.719902	2022-06-13 10:39:26.719902	2022-03-23	2021-09-04	lbrahmro	wfawleyro@cdbaby.com	NeUZGu	D	5395397312	0400947796	0
898	2022-06-13 10:39:26.696006	2022-06-13 10:39:26.696006	2021-09-26	2022-02-02	lriltonox	aryleox@scribd.com	OZCL4nFq4hA	D	5336194035	2019550840	0
909	2022-06-13 10:39:26.698479	2022-06-13 10:39:26.698479	2021-12-01	2021-06-14	furvoyp8	dannisp8@google.it	aez1wlGsH	V	5317203744	6590391705	0
917	2022-06-13 10:39:26.700963	2022-06-13 10:39:26.700963	2022-05-29	2022-04-09	bkampshellpg	lkenerpg@pen.io	LdT4BxxJ9KyK	SA	5331236151	4109990418	0
926	2022-06-13 10:39:26.703196	2022-06-13 10:39:26.703196	2022-02-10	2022-02-09	hroffpp	npringuerpp@nifty.com	yEAXZ5ESP	SA	5312329031	0218217822	0
940	2022-06-13 10:39:26.705845	2022-06-13 10:39:26.705845	2022-04-17	2022-05-01	gbatisteq3	glemmeq3@noaa.gov	g7Q4df4y1	DA	5307291578	4392869252	0
949	2022-06-13 10:39:26.70903	2022-06-13 10:39:26.70903	2021-09-25	2021-09-08	scapelingqc	dkevernqc@amazon.de	C3VXN6e	B	5387439385	3180002728	0
959	2022-06-13 10:39:26.711625	2022-06-13 10:39:26.711625	2022-03-11	2021-11-06	lwimbridgeqm	bwallengerqm@phoca.cz	7qE7jy8L6	DA	5355655521	8608900127	0
971	2022-06-13 10:39:26.714182	2022-06-13 10:39:26.714182	2022-01-26	2021-09-30	edomsallaqy	rcampelliqy@yahoo.co.jp	YX6bhezHEnFk	D	5335325972	4711584743	0
979	2022-06-13 10:39:26.716281	2022-06-13 10:39:26.716281	2022-05-12	2021-09-02	kswalwellr6	vmallanr6@about.com	BD9dEsmk	B	5351405807	8762325786	0
994	2022-06-13 10:39:26.719087	2022-06-13 10:39:26.719087	2022-01-13	2022-04-26	ddustrl	sloughranrl@omniture.com	ETqd7z35Sm	BA	5360037828	2831029432	0
998	2022-06-13 10:39:26.721016	2022-06-13 10:39:26.721016	2021-12-20	2021-09-16	rpaulichrp	mpharerp@mail.ru	JEQIth	D	5311269827	7606364563	0
8	2022-06-13 10:39:26.405747	2022-06-13 10:39:26.405747	2022-03-24	2022-03-15	nbinestead7	cvannoort7@edublogs.org	PIxXuXu	D	5344128226	8574634943	0
14	2022-06-13 10:39:26.435471	2022-06-13 10:39:26.435471	2021-08-22	2021-08-07	hgleded	bgoundrilld@deliciousdays.com	0mOFJ3gGO	BA	5379148779	6892074596	0
20	2022-06-13 10:39:26.446483	2022-06-13 10:39:26.446483	2021-08-08	2021-11-26	gmewhaj	cbeninij@dailymotion.com	c1BV9Ji	D	5350553162	1309465920	0
29	2022-06-13 10:39:26.463565	2022-06-13 10:39:26.463565	2022-02-25	2021-06-25	jrooss	rbaribals@last.fm	iwEhE9x4L	D	5393189345	7271241213	0
39	2022-06-13 10:39:26.466282	2022-06-13 10:39:26.466282	2021-06-13	2022-04-23	wbodham12	dcolson12@list-manage.com	UwzszN2I1V	BA	5377026609	0691289252	0
48	2022-06-13 10:39:26.483238	2022-06-13 10:39:26.483238	2022-01-08	2021-07-09	ieudall1b	mlossman1b@cbslocal.com	NZR7pE	D	5337377762	6500530238	0
57	2022-06-13 10:39:26.492069	2022-06-13 10:39:26.492069	2022-06-06	2021-07-30	etacker1k	earnott1k@g.co	99u1LMfIW9S	DA	5375769999	3278990111	0
64	2022-06-13 10:39:26.494567	2022-06-13 10:39:26.494567	2022-05-30	2021-07-06	katheis1r	gbloschke1r@qq.com	IhMdM9	BA	5398308608	4791520520	0
69	2022-06-13 10:39:26.496518	2022-06-13 10:39:26.496518	2022-06-08	2021-09-05	lgrigson1w	gmcilwraith1w@furl.net	nhwcX6Edx	B	5382208518	0525157026	0
81	2022-06-13 10:39:26.499144	2022-06-13 10:39:26.499144	2022-05-24	2021-06-22	dpitrasso28	sklimentyonok28@cdc.gov	3K4SgDDdvAr	DA	5353169932	5002240644	0
90	2022-06-13 10:39:26.501351	2022-06-13 10:39:26.501351	2021-10-07	2021-09-25	bpantlin2h	dwithers2h@msn.com	PKNzYHd5ZS8	SA	5381513414	3736731104	0
101	2022-06-13 10:39:26.504106	2022-06-13 10:39:26.504106	2022-03-12	2022-02-19	srobart2s	haubrun2s@craigslist.org	BXUnEmfGxg	D	5390451900	6182483899	0
108	2022-06-13 10:39:26.506438	2022-06-13 10:39:26.506438	2022-05-15	2022-02-06	pcollum2z	eraubenheim2z@clickbank.net	CBEBpZRq	VA	5388133670	0482278580	0
118	2022-06-13 10:39:26.508827	2022-06-13 10:39:26.508827	2022-04-23	2022-04-13	kpearn39	jarias39@hp.com	XT7qAOHTZ	D	5381394890	5318994065	0
129	2022-06-13 10:39:26.51123	2022-06-13 10:39:26.51123	2022-02-06	2022-04-16	cslyde3k	ravrahamian3k@altervista.org	umgZsVPgyv	D	5394879953	4459797904	0
142	2022-06-13 10:39:26.513921	2022-06-13 10:39:26.513921	2021-12-29	2021-10-13	cbatchellor3x	cmatthiesen3x@addthis.com	S1HQNgh431	D	5315030340	3993299934	0
148	2022-06-13 10:39:26.516073	2022-06-13 10:39:26.516073	2021-09-06	2021-07-02	upatemore43	cmcgeown43@geocities.com	Lt2vafuQ	DA	5350134640	7831473035	0
160	2022-06-13 10:39:26.518558	2022-06-13 10:39:26.518558	2021-11-15	2021-11-02	blindro4f	wboome4f@va.gov	WufKufoqMFQ	DA	5310440526	9758640073	0
171	2022-06-13 10:39:26.521031	2022-06-13 10:39:26.521031	2022-05-02	2021-10-06	tyakobovicz4q	cellingworth4q@archive.org	Ha1VZL	V	5375383142	4938047205	0
182	2022-06-13 10:39:26.523911	2022-06-13 10:39:26.523911	2021-12-24	2021-10-21	jsaddington51	imassow51@etsy.com	BTBy2dh8	DA	5320977083	5099594150	0
192	2022-06-13 10:39:26.526335	2022-06-13 10:39:26.526335	2021-07-15	2022-06-08	cwhieldon5b	mmason5b@dailymotion.com	jku1H2N	DA	5308764920	4963472584	0
198	2022-06-13 10:39:26.528393	2022-06-13 10:39:26.528393	2021-10-09	2021-12-31	bkauffman5h	cbarkus5h@google.co.jp	1Fa9YI06mM	D	5320014807	0953532722	0
213	2022-06-13 10:39:26.531021	2022-06-13 10:39:26.531021	2021-08-15	2022-05-29	dwatford5w	apardue5w@facebook.com	di0dttf8Z	D	5321389587	9442877387	0
218	2022-06-13 10:39:26.532973	2022-06-13 10:39:26.532973	2022-04-04	2021-12-05	jcutten61	mkegan61@nydailynews.com	T3nYbci	DA	5303989441	0583300428	0
233	2022-06-13 10:39:26.535885	2022-06-13 10:39:26.535885	2021-10-18	2021-10-08	tofeeny6g	aliebmann6g@tuttocitta.it	iy9zOPqOu	D	5356968985	0792879676	0
240	2022-06-13 10:39:26.537895	2022-06-13 10:39:26.537895	2022-05-11	2022-06-01	mbinnell6n	rcathrae6n@printfriendly.com	JVu7rVZscB	D	5314366049	5646276803	0
249	2022-06-13 10:39:26.540173	2022-06-13 10:39:26.540173	2022-04-23	2021-06-29	cjaskowicz6w	giacavone6w@exblog.jp	0myKqUUt	D	5332892158	6400267824	0
259	2022-06-13 10:39:26.542551	2022-06-13 10:39:26.542551	2022-01-18	2021-11-12	ebrailey76	aweedall76@unesco.org	47tCLB0KCEU	D	5327214029	8292118459	0
270	2022-06-13 10:39:26.545086	2022-06-13 10:39:26.545086	2021-10-23	2021-12-31	akleinplac7h	gguillot7h@scribd.com	dHISplLTnsH	DA	5354274168	9230388086	0
279	2022-06-13 10:39:26.547392	2022-06-13 10:39:26.547392	2021-12-05	2022-05-01	bdixcey7q	caukland7q@paginegialle.it	bwCnfsNnf0	D	5362989702	2241206096	0
292	2022-06-13 10:39:26.550029	2022-06-13 10:39:26.550029	2021-06-25	2021-07-20	bkiffe83	nmckeown83@slashdot.org	4lggewquSdG	BA	5368798590	8488957220	0
303	2022-06-13 10:39:26.552359	2022-06-13 10:39:26.552359	2022-04-22	2021-11-13	lspritt8e	lbrighty8e@japanpost.jp	dF2hLAdM3ce	D	5357748498	9295870506	0
310	2022-06-13 10:39:26.554511	2022-06-13 10:39:26.554511	2021-06-15	2021-10-13	kcometto8l	achubb8l@theguardian.com	1EI8knq29gff	DA	5310098330	8731184914	0
323	2022-06-13 10:39:26.557005	2022-06-13 10:39:26.557005	2022-01-14	2021-09-08	dbounds8y	srenihan8y@forbes.com	IDItRx	DA	5333895218	9097883016	0
333	2022-06-13 10:39:26.559782	2022-06-13 10:39:26.559782	2021-12-09	2022-04-01	kknutsen98	gtidbold98@columbia.edu	pfHUXOw	D	5315643899	7446147578	0
343	2022-06-13 10:39:26.562294	2022-06-13 10:39:26.562294	2021-12-17	2021-11-11	tisaksson9i	psantus9i@skype.com	D8hHSEfOEa	D	5368255296	7097568327	0
352	2022-06-13 10:39:26.564441	2022-06-13 10:39:26.564441	2022-04-02	2021-09-26	wbrown9r	kgraftonherbert9r@wikia.com	hTlVYsO2	D	5309126681	2850195018	0
363	2022-06-13 10:39:26.566849	2022-06-13 10:39:26.566849	2021-07-30	2021-12-14	galibonea2	poherna2@redcross.org	Asn4xR3AL	D	5314842422	0578984783	0
372	2022-06-13 10:39:26.569199	2022-06-13 10:39:26.569199	2021-11-19	2022-01-20	sserviceab	agoltab@mit.edu	KzgcuK	DA	5373213974	8692627420	0
380	2022-06-13 10:39:26.571457	2022-06-13 10:39:26.571457	2021-10-25	2021-06-25	rmagarrellaj	hsmallesaj@surveymonkey.com	MUXU2p	DA	5337285157	3773377624	0
388	2022-06-13 10:39:26.573694	2022-06-13 10:39:26.573694	2021-10-27	2022-02-22	zbeebisar	hroelofsenar@state.gov	OzOtFo	DA	5308404996	5494817624	0
400	2022-06-13 10:39:26.57617	2022-06-13 10:39:26.57617	2022-05-03	2022-03-17	tplumptreb3	krogisterb3@forbes.com	nqyNuuKh1N	D	5385237329	1317613724	0
409	2022-06-13 10:39:26.578565	2022-06-13 10:39:26.578565	2022-05-04	2021-09-06	mjiranekbc	gleftleybc@360.cn	MFEYDq3gT	D	5320997416	0562679730	0
421	2022-06-13 10:39:26.581008	2022-06-13 10:39:26.581008	2022-05-15	2021-12-08	khaddenbo	awintonbo@github.com	zgxLLUj	B	5362754811	5511761942	0
428	2022-06-13 10:39:26.583077	2022-06-13 10:39:26.583077	2022-02-24	2022-02-06	loreganbv	lfontellesbv@pen.io	Z2RvvT	D	5374577534	5617290670	0
439	2022-06-13 10:39:26.585523	2022-06-13 10:39:26.585523	2022-02-10	2021-11-09	esoalc6	hhaytoc6@theatlantic.com	6fp0Ihk	DA	5300633578	7254994175	0
448	2022-06-13 10:39:26.587913	2022-06-13 10:39:26.587913	2021-11-15	2021-06-26	dgregorowiczcf	kdakerscf@upenn.edu	tEUINm	D	5332790457	9169671791	0
461	2022-06-13 10:39:26.590484	2022-06-13 10:39:26.590484	2021-12-09	2022-05-22	rgeerdtscs	logavincs@twitpic.com	O7Dzp0578H	D	5348405617	5236282549	0
468	2022-06-13 10:39:26.592708	2022-06-13 10:39:26.592708	2022-05-31	2021-12-08	cglasscottcz	delderidgecz@digg.com	tAH5cBS56a	D	5367061178	6570151782	0
482	2022-06-13 10:39:26.596857	2022-06-13 10:39:26.596857	2022-02-14	2021-12-25	ccolletondd	pocorrdd@blinklist.com	wKOQY9	VA	5350133647	6150970473	0
496	2022-06-13 10:39:26.599906	2022-06-13 10:39:26.599906	2022-06-06	2022-03-17	rwatermandr	abattendr@youtube.com	SjNpn98CPzb4	D	5313631580	6545712211	0
506	2022-06-13 10:39:26.602365	2022-06-13 10:39:26.602365	2022-05-10	2021-11-15	krubenchike1	jmccolle1@weather.com	jpWP0rv2X	D	5343154375	3220668774	0
517	2022-06-13 10:39:26.604828	2022-06-13 10:39:26.604828	2022-03-20	2021-06-21	askippingec	otoweec@craigslist.org	q174Ab0	BA	5384659565	4685830802	0
522	2022-06-13 10:39:26.606766	2022-06-13 10:39:26.606766	2021-09-18	2021-07-09	brahilleh	gboundeyeh@sohu.com	x4rVFB41a4	D	5351956570	4508560812	0
537	2022-06-13 10:39:26.609464	2022-06-13 10:39:26.609464	2021-11-21	2022-03-28	dheatonew	gduerdenew@people.com.cn	6fVOEVDOV	DA	5392159836	2125134444	0
546	2022-06-13 10:39:26.611643	2022-06-13 10:39:26.611643	2022-02-12	2022-01-04	sweighf5	drantoulf5@tripod.com	paVdni	SA	5307564225	5805747665	0
553	2022-06-13 10:39:26.613799	2022-06-13 10:39:26.613799	2021-12-30	2021-06-19	bwhetherfc	ustylefc@clickbank.net	Lzdv4A70S	DA	5397671211	5152629013	0
562	2022-06-13 10:39:26.616072	2022-06-13 10:39:26.616072	2022-03-24	2021-07-22	friglarfl	agodlemanfl@ucoz.com	njroBxC	DA	5316576633	9670810515	0
571	2022-06-13 10:39:26.618413	2022-06-13 10:39:26.618413	2021-12-04	2021-08-20	hcoileyfu	djosupeitfu@gnu.org	CIEjMVt8C5	BA	5379800728	7815321466	0
587	2022-06-13 10:39:26.621183	2022-06-13 10:39:26.621183	2021-12-02	2022-02-19	xpearseyga	tthomega@nba.com	I5G2lVw0	DA	5316709660	0129722775	0
6	2022-06-13 10:39:26.405311	2022-06-13 10:39:26.405311	2022-06-05	2022-02-24	breyburn5	sguyet5@imageshack.us	ln2siobfZm	D	5324198214	6067262878	0
11	2022-06-13 10:39:26.434852	2022-06-13 10:39:26.434852	2022-01-15	2022-02-22	nkylesa	cmerrimana@yahoo.co.jp	2haDzEA3	BA	5302522967	5225870092	0
18	2022-06-13 10:39:26.445163	2022-06-13 10:39:26.445163	2022-02-18	2021-06-23	nkilgannonh	gbrokh@tuttocitta.it	K6YVNTII	D	5338503212	2150303576	0
26	2022-06-13 10:39:26.455532	2022-06-13 10:39:26.455532	2021-06-17	2022-01-30	rsemarkp	aparrattp@nydailynews.com	X22yIQ	D	5367078022	6061866874	0
35	2022-06-13 10:39:26.464689	2022-06-13 10:39:26.464689	2022-03-06	2021-11-28	lhainsy	aglenny@auda.org.au	2rIaX0Xqjq	D	5320968535	9037409964	0
46	2022-06-13 10:39:26.483085	2022-06-13 10:39:26.483085	2022-02-05	2021-08-11	cshyres19	dsmidmore19@nytimes.com	2oNBUxlI	DA	5353137272	4508362042	0
55	2022-06-13 10:39:26.491864	2022-06-13 10:39:26.491864	2021-06-26	2021-06-13	pblood1i	lpacht1i@eventbrite.com	R1WvzxaR4fh	D	5332544704	0439226308	0
65	2022-06-13 10:39:26.494683	2022-06-13 10:39:26.494683	2022-02-24	2021-11-24	jchetwind1s	csquires1s@joomla.org	ZmL8xKJP8y4L	D	5360584361	0490193727	0
72	2022-06-13 10:39:26.496727	2022-06-13 10:39:26.496727	2022-02-14	2022-01-22	kcuddehy1z	gtape1z@adobe.com	BTWC3tsC3	D	5366524220	3804611679	0
83	2022-06-13 10:39:26.499371	2022-06-13 10:39:26.499371	2021-10-10	2021-08-23	dnoden2a	raickin2a@accuweather.com	XoTCf9it	BA	5379993479	4272940575	0
91	2022-06-13 10:39:26.501511	2022-06-13 10:39:26.501511	2022-01-14	2021-09-18	sdrains2i	jferriby2i@linkedin.com	hcqOZBJ	BA	5391518688	1474941392	0
100	2022-06-13 10:39:26.503955	2022-06-13 10:39:26.503955	2021-06-23	2022-03-16	ytoolan2r	hfifoot2r@ibm.com	hmpHAwzmHmY	D	5384601512	7039348413	0
111	2022-06-13 10:39:26.506645	2022-06-13 10:39:26.506645	2022-06-02	2021-09-02	gswinglehurst32	jsmolan32@home.pl	1GDCNxW	DA	5382011147	1426381458	0
120	2022-06-13 10:39:26.508988	2022-06-13 10:39:26.508988	2022-03-26	2021-08-06	kalves3b	tgallone3b@patch.com	xUa5u3T7rd	D	5353604830	1046957587	0
131	2022-06-13 10:39:26.511388	2022-06-13 10:39:26.511388	2022-05-16	2022-04-06	dwillard3m	bcopcott3m@ibm.com	OGhHgunSHl	V	5372860937	7814704754	0
141	2022-06-13 10:39:26.513805	2022-06-13 10:39:26.513805	2021-10-19	2021-08-15	fjoscelyne3w	opentelow3w@engadget.com	6QkTjf80NR	DA	5390818221	2297719790	0
153	2022-06-13 10:39:26.516486	2022-06-13 10:39:26.516486	2021-08-11	2022-05-10	mgingedale48	lmattingley48@bbc.co.uk	Q6PqcIM	DA	5341488885	1577751049	0
159	2022-06-13 10:39:26.518515	2022-06-13 10:39:26.518515	2022-02-25	2021-12-08	jdennitts4e	eboniface4e@nih.gov	Dz9OkO94Wpex	DA	5303625106	4141419968	0
168	2022-06-13 10:39:26.520799	2022-06-13 10:39:26.520799	2022-02-23	2022-03-02	bhusband4n	vnisius4n@cloudflare.com	f8U5Pp1BV	VA	5329392479	7076721743	0
178	2022-06-13 10:39:26.5236	2022-06-13 10:39:26.5236	2022-04-30	2022-05-16	gsantori4x	lvasyutichev4x@goodreads.com	7HAvWkeVRc	D	5380609519	2109404350	0
189	2022-06-13 10:39:26.526048	2022-06-13 10:39:26.526048	2021-07-09	2022-05-11	lmcvey58	amattielli58@upenn.edu	3z35Ar	D	5385335767	6037727179	0
199	2022-06-13 10:39:26.528475	2022-06-13 10:39:26.528475	2021-08-13	2021-10-17	epieper5i	mmchirrie5i@uol.com.br	grkniP6	D	5337157817	6919109422	0
209	2022-06-13 10:39:26.530704	2022-06-13 10:39:26.530704	2022-05-24	2022-05-01	rkinsella5s	rgirauld5s@telegraph.co.uk	QAYCBRH7R	SA	5329304594	2899869577	0
221	2022-06-13 10:39:26.533268	2022-06-13 10:39:26.533268	2021-10-05	2021-07-14	jvlasenko64	tmcdonagh64@macromedia.com	dWBjvr8kJMW	D	5334469502	8223331333	0
232	2022-06-13 10:39:26.535665	2022-06-13 10:39:26.535665	2022-02-04	2021-06-16	bsanham6f	hnornasell6f@microsoft.com	sgqcdve2LMy	D	5310671122	0485322509	0
239	2022-06-13 10:39:26.537776	2022-06-13 10:39:26.537776	2021-08-01	2021-08-26	aderle6m	ngrog6m@github.com	tK1I1B	BA	5354447579	9764002406	0
248	2022-06-13 10:39:26.540047	2022-06-13 10:39:26.540047	2021-10-22	2021-09-12	bfarre6v	mpetrecz6v@netlog.com	4ZoQQHkJS	D	5365363638	2709103859	0
262	2022-06-13 10:39:26.542834	2022-06-13 10:39:26.542834	2022-05-09	2022-04-28	lionnidis79	bgoodlatt79@elpais.com	qhhnwbCJYg	D	5395491148	8073255907	0
268	2022-06-13 10:39:26.544931	2022-06-13 10:39:26.544931	2021-09-01	2022-03-24	wkirvell7f	atuffey7f@virginia.edu	ic2KJO6hXveS	BA	5311208981	3194551850	0
281	2022-06-13 10:39:26.547559	2022-06-13 10:39:26.547559	2021-10-25	2021-11-09	cpitson7s	dsnellman7s@mac.com	aHAqlJ	D	5373982496	2695136535	0
289	2022-06-13 10:39:26.549689	2022-06-13 10:39:26.549689	2022-05-10	2021-09-20	jwilby80	raltimas80@blogger.com	7UvOVSA	D	5369139066	5305713691	0
299	2022-06-13 10:39:26.552004	2022-06-13 10:39:26.552004	2022-02-15	2022-01-28	kjiri8a	lbrugemann8a@jigsy.com	55Rs4hwDEiR	D	5312052510	5241960836	0
311	2022-06-13 10:39:26.554702	2022-06-13 10:39:26.554702	2021-11-07	2021-11-11	cshreve8m	taskwith8m@posterous.com	2W88y5RI0Jn9	DA	5375591288	0885229726	0
318	2022-06-13 10:39:26.556635	2022-06-13 10:39:26.556635	2022-04-25	2021-12-28	vjakubczyk8t	canthiftle8t@123-reg.co.uk	doJ9rwx	D	5362947010	4999795694	0
328	2022-06-13 10:39:26.559316	2022-06-13 10:39:26.559316	2021-07-29	2021-07-20	cwasielewski93	lgavriel93@bizjournals.com	UWmZ6Wv	D	5376478256	8500925367	0
342	2022-06-13 10:39:26.562266	2022-06-13 10:39:26.562266	2021-08-06	2021-09-23	kanwyl9h	ccorse9h@yolasite.com	WUm0VCiv7	D	5378932959	4824420694	0
350	2022-06-13 10:39:26.564235	2022-06-13 10:39:26.564235	2021-08-31	2022-02-25	gtarr9p	ajennions9p@blinklist.com	NSFsndkR6t	D	5337289453	1637939809	0
361	2022-06-13 10:39:26.566726	2022-06-13 10:39:26.566726	2022-04-08	2022-05-15	spitkaithlya0	aforsbeya0@histats.com	P3VegONEYuQ	DA	5375113717	9112552195	0
371	2022-06-13 10:39:26.569115	2022-06-13 10:39:26.569115	2021-10-02	2022-05-06	nkeaysaa	hdroveraa@soup.io	nXRuny	D	5357157727	3059319600	0
379	2022-06-13 10:39:26.571336	2022-06-13 10:39:26.571336	2021-10-29	2022-05-19	ckennawayai	fluetkemeyerai@cbc.ca	ga9a6Un	BA	5352747260	1172956903	0
393	2022-06-13 10:39:26.574137	2022-06-13 10:39:26.574137	2022-04-27	2022-03-26	tpeardeaw	jbanyardaw@examiner.com	UBE2ROx3W4	DA	5317624925	2331913784	0
402	2022-06-13 10:39:26.576355	2022-06-13 10:39:26.576355	2022-02-02	2021-08-24	mmeachenb5	ajonssonb5@mozilla.com	uqT2LQv	SA	5335682742	9738631974	0
410	2022-06-13 10:39:26.578643	2022-06-13 10:39:26.578643	2022-01-25	2022-03-13	trennixbd	cbosquetbd@ebay.co.uk	1sWnXLVaP	D	5360119702	1735260564	0
422	2022-06-13 10:39:26.581069	2022-06-13 10:39:26.581069	2021-12-28	2022-05-06	astollbergbp	kboorbp@google.com	0XZnz5w	BA	5315523250	3614356900	0
432	2022-06-13 10:39:26.583395	2022-06-13 10:39:26.583395	2022-04-24	2022-04-21	krenihanbz	tblacksterbz@mysql.com	M1DNejo1lE	DA	5309953987	2770899635	0
441	2022-06-13 10:39:26.585679	2022-06-13 10:39:26.585679	2021-11-28	2021-11-30	mmccaughanc8	sdillandc8@virginia.edu	IQyjH4Irsz5	DA	5378989769	0079575576	0
452	2022-06-13 10:39:26.588289	2022-06-13 10:39:26.588289	2021-11-06	2021-11-29	rhasluckcj	hrikardcj@deviantart.com	vPaC55oL8	D	5334689988	9421320964	0
458	2022-06-13 10:39:26.590214	2022-06-13 10:39:26.590214	2021-08-15	2021-12-31	kolechcp	jrugercp@europa.eu	JHli2i	D	5393754092	0895198963	0
471	2022-06-13 10:39:26.592941	2022-06-13 10:39:26.592941	2021-10-27	2021-06-18	fcaselyd2	ibendittd2@sphinn.com	SclmwUuBp	D	5351313720	3534853184	0
481	2022-06-13 10:39:26.596698	2022-06-13 10:39:26.596698	2021-07-14	2022-03-28	ebambrughdc	lbirniedc@hexun.com	OZjdjhwcUAoM	VA	5379275134	7320506704	0
495	2022-06-13 10:39:26.599838	2022-06-13 10:39:26.599838	2021-09-16	2021-08-14	jpontdq	ohurlindq@europa.eu	eS0vcijU	D	5342620029	9384755449	0
507	2022-06-13 10:39:26.602378	2022-06-13 10:39:26.602378	2021-12-15	2021-07-07	skristufeke2	ubramwiche2@accuweather.com	MX8lzRLeW	D	5367400866	6349116071	0
515	2022-06-13 10:39:26.604682	2022-06-13 10:39:26.604682	2021-09-07	2021-06-18	rgruszeckiea	cwhatmoughea@hud.gov	9lZUIP0Zoyi	BA	5392525662	9368044725	0
523	2022-06-13 10:39:26.606822	2022-06-13 10:39:26.606822	2021-11-19	2021-07-03	arogierei	rbarbaraei@live.com	mY1Djn	DA	5330994531	7791749575	0
536	2022-06-13 10:39:26.609355	2022-06-13 10:39:26.609355	2021-08-01	2022-06-05	gmostonev	lluisev@webmd.com	BGF372i7	D	5326364723	1991265872	0
542	2022-06-13 10:39:26.611351	2022-06-13 10:39:26.611351	2021-06-18	2022-02-14	pcarlessf1	siffef1@diigo.com	kRiJk8TzaKo8	D	5313124127	5271161315	0
556	2022-06-13 10:39:26.614094	2022-06-13 10:39:26.614094	2021-09-03	2022-02-12	bdewolfeff	cpiatkowskiff@vkontakte.ru	yuqhlkEH	DA	5360276804	0250225170	0
561	2022-06-13 10:39:26.616019	2022-06-13 10:39:26.616019	2022-02-02	2022-05-22	kphilipsonfk	whaddenfk@nydailynews.com	PElIW4gXW9dj	D	5315079423	4054463801	0
576	2022-06-13 10:39:26.618841	2022-06-13 10:39:26.618841	2022-02-27	2021-09-13	kgrindleyfz	dbowermanfz@themeforest.net	x46DLUdnm	DA	5382833845	2337534627	0
581	2022-06-13 10:39:26.620714	2022-06-13 10:39:26.620714	2021-06-18	2021-06-14	ggoundryg4	akippingg4@cnbc.com	Uukl6xlTCty	DA	5313218908	9212916180	0
\.


--
-- Data for Name: vds_relations; Type: TABLE DATA; Schema: public; Owner: postgres
--

COPY public.vds_relations (id, updated_at, created_at, start_date, end_date, description, vendor_id, dealer_site_id, created_by, updated_by) FROM stdin;
4	2022-06-13 10:51:49.097848	2022-06-13 10:51:49.097848	2021-10-05	2022-01-27	Aliquam erat volutpat. In congue. Etiam justo. Etiam pretium iaculis justo. In hac habitasse platea dictumst.	428	896	744	528
10	2022-06-13 10:51:49.131971	2022-06-13 10:51:49.131971	2021-09-14	2021-11-30	Ut tellus. Nulla ut erat id mauris vulputate elementum. Nullam varius.	73	521	499	277
12	2022-06-13 10:51:49.231465	2022-06-13 10:51:49.231465	2021-12-03	2021-12-04	Donec vitae nisi.	669	584	196	444
28	2022-06-13 10:51:49.517426	2022-06-13 10:51:49.517426	2021-08-09	2022-04-12	Sed ante. Vivamus tortor. Duis mattis egestas metus.	565	738	763	800
35	2022-06-13 10:51:49.661775	2022-06-13 10:51:49.661775	2021-10-23	2022-01-01	Mauris lacinia sapien quis libero.	462	769	48	984
43	2022-06-13 10:51:49.827784	2022-06-13 10:51:49.827784	2021-08-20	2022-05-14	Nullam sit amet turpis elementum ligula vehicula consequat. Morbi a ipsum. Integer a nibh. In quis justo. Maecenas rhoncus aliquam lacus.	133	80	676	414
54	2022-06-13 10:51:49.901712	2022-06-13 10:51:49.901712	2022-03-04	2021-06-12	Ut tellus.	118	518	353	355
55	2022-06-13 10:51:50.083971	2022-06-13 10:51:50.083971	2021-11-12	2022-01-30	Nullam molestie nibh in lectus. Pellentesque at nulla. Suspendisse potenti. Cras in purus eu magna vulputate luctus.	708	790	653	307
67	2022-06-13 10:51:50.255876	2022-06-13 10:51:50.255876	2022-01-14	2021-10-19	Pellentesque at nulla. Suspendisse potenti. Cras in purus eu magna vulputate luctus.	154	51	603	639
85	2022-06-13 10:51:50.647582	2022-06-13 10:51:50.647582	2022-03-05	2022-04-08	Vestibulum ante ipsum primis in faucibus orci luctus et ultrices posuere cubilia Curae; Nulla dapibus dolor vel est.	42	528	382	137
89	2022-06-13 10:51:50.699016	2022-06-13 10:51:50.699016	2022-02-01	2021-08-11	Aliquam quis turpis eget elit sodales scelerisque. Mauris sit amet eros. Suspendisse accumsan tortor quis turpis.	213	497	91	256
98	2022-06-13 10:51:50.713722	2022-06-13 10:51:50.713722	2021-12-08	2021-12-30	Nulla tempus. Vivamus in felis eu sapien cursus vestibulum. Proin eu mi. Nulla ac enim.	331	934	30	201
96	2022-06-13 10:51:50.83086	2022-06-13 10:51:50.83086	2022-02-18	2022-05-23	Mauris lacinia sapien quis libero. Nullam sit amet turpis elementum ligula vehicula consequat. Morbi a ipsum. Integer a nibh. In quis justo.	307	600	762	112
101	2022-06-13 10:51:50.912249	2022-06-13 10:51:50.912249	2022-04-29	2021-12-06	Suspendisse potenti.	434	450	825	867
107	2022-06-13 10:51:50.998339	2022-06-13 10:51:50.998339	2021-09-30	2022-05-30	Integer tincidunt ante vel ipsum. Praesent blandit lacinia erat. Vestibulum sed magna at nunc commodo placerat. Praesent blandit.	749	482	318	654
117	2022-06-13 10:51:51.17749	2022-06-13 10:51:51.17749	2022-02-20	2021-11-26	Vestibulum sed magna at nunc commodo placerat. Praesent blandit. Nam nulla.	768	783	848	823
116	2022-06-13 10:51:51.177183	2022-06-13 10:51:51.177183	2021-11-06	2022-01-07	Nam nulla.	668	772	425	786
131	2022-06-13 10:51:51.40547	2022-06-13 10:51:51.40547	2022-05-24	2022-02-10	Pellentesque viverra pede ac diam. Cras pellentesque volutpat dui.	294	480	647	499
130	2022-06-13 10:51:51.407296	2022-06-13 10:51:51.407296	2022-03-30	2022-04-17	Donec vitae nisi.	237	681	190	573
134	2022-06-13 10:51:51.476457	2022-06-13 10:51:51.476457	2022-05-10	2021-10-06	Vestibulum ante ipsum primis in faucibus orci luctus et ultrices posuere cubilia Curae; Duis faucibus accumsan odio. Curabitur convallis. Duis consequat dui nec nisi volutpat eleifend. Donec ut dolor.	472	602	686	797
137	2022-06-13 10:51:51.53329	2022-06-13 10:51:51.53329	2022-05-10	2021-09-18	Mauris ullamcorper purus sit amet nulla.	184	836	433	282
146	2022-06-13 10:51:51.72559	2022-06-13 10:51:51.72559	2021-10-09	2021-07-26	Duis consequat dui nec nisi volutpat eleifend. Donec ut dolor.	947	35	680	558
165	2022-06-13 10:51:52.012729	2022-06-13 10:51:52.012729	2021-10-20	2021-07-18	In sagittis dui vel nisl. Duis ac nibh.	338	18	315	791
183	2022-06-13 10:51:52.367986	2022-06-13 10:51:52.367986	2022-03-29	2021-11-28	Aliquam erat volutpat. In congue. Etiam justo. Etiam pretium iaculis justo. In hac habitasse platea dictumst.	511	549	55	382
209	2022-06-13 10:51:52.904642	2022-06-13 10:51:52.904642	2021-06-29	2022-02-23	In hac habitasse platea dictumst.	390	350	202	323
213	2022-06-13 10:51:52.986985	2022-06-13 10:51:52.986985	2021-10-05	2021-11-07	Donec posuere metus vitae ipsum.	454	750	903	157
215	2022-06-13 10:51:52.987188	2022-06-13 10:51:52.987188	2022-04-18	2022-03-11	Cras non velit nec nisi vulputate nonummy.	579	294	158	825
230	2022-06-13 10:51:53.235807	2022-06-13 10:51:53.235807	2022-03-19	2022-03-15	Proin risus. Praesent lectus.	742	757	677	62
236	2022-06-13 10:51:53.44754	2022-06-13 10:51:53.44754	2022-02-28	2022-01-03	Donec ut dolor.	739	592	127	773
248	2022-06-13 10:51:53.633716	2022-06-13 10:51:53.633716	2021-06-15	2022-06-11	Duis bibendum. Morbi non quam nec dui luctus rutrum.	163	77	447	363
253	2022-06-13 10:51:53.692729	2022-06-13 10:51:53.692729	2021-11-14	2022-04-27	Mauris sit amet eros. Suspendisse accumsan tortor quis turpis.	658	208	133	391
264	2022-06-13 10:51:53.755217	2022-06-13 10:51:53.755217	2021-11-07	2021-09-01	In hac habitasse platea dictumst.	122	853	210	826
255	2022-06-13 10:51:53.770587	2022-06-13 10:51:53.770587	2022-01-15	2022-02-21	Vivamus tortor. Duis mattis egestas metus. Aenean fermentum. Donec ut mauris eget massa tempor convallis.	150	478	384	531
267	2022-06-13 10:51:53.828071	2022-06-13 10:51:53.828071	2021-07-28	2022-05-02	Proin risus. Praesent lectus.	925	630	484	556
257	2022-06-13 10:51:53.853572	2022-06-13 10:51:53.853572	2021-12-12	2022-04-08	Nullam porttitor lacus at turpis. Donec posuere metus vitae ipsum. Aliquam non mauris. Morbi non lectus. Aliquam sit amet diam in magna bibendum imperdiet.	890	801	438	675
268	2022-06-13 10:51:53.921351	2022-06-13 10:51:53.921351	2021-10-11	2021-06-30	Etiam vel augue. Vestibulum rutrum rutrum neque. Aenean auctor gravida sem. Praesent id massa id nisl venenatis lacinia.	800	657	126	648
279	2022-06-13 10:51:54.125929	2022-06-13 10:51:54.125929	2022-02-03	2022-03-02	Nulla facilisi. Cras non velit nec nisi vulputate nonummy. Maecenas tincidunt lacus at velit. Vivamus vel nulla eget eros elementum pellentesque.	374	644	195	926
283	2022-06-13 10:51:54.153679	2022-06-13 10:51:54.153679	2021-12-16	2021-10-25	Duis bibendum. Morbi non quam nec dui luctus rutrum. Nulla tellus. In sagittis dui vel nisl.	515	24	344	302
302	2022-06-13 10:51:54.496209	2022-06-13 10:51:54.496209	2022-02-10	2022-01-28	Nullam varius. Nulla facilisi.	485	740	786	952
303	2022-06-13 10:51:54.588087	2022-06-13 10:51:54.588087	2021-07-31	2022-05-02	Vestibulum ante ipsum primis in faucibus orci luctus et ultrices posuere cubilia Curae; Duis faucibus accumsan odio. Curabitur convallis.	747	31	831	728
318	2022-06-13 10:51:54.78051	2022-06-13 10:51:54.78051	2022-04-18	2021-11-23	Aliquam non mauris. Morbi non lectus. Aliquam sit amet diam in magna bibendum imperdiet.	295	129	428	707
315	2022-06-13 10:51:54.835895	2022-06-13 10:51:54.835895	2021-06-14	2021-06-14	Sed ante. Vivamus tortor. Duis mattis egestas metus. Aenean fermentum. Donec ut mauris eget massa tempor convallis.	842	104	183	627
332	2022-06-13 10:51:55.063871	2022-06-13 10:51:55.063871	2022-03-26	2022-05-15	Ut tellus. Nulla ut erat id mauris vulputate elementum.	321	782	90	131
335	2022-06-13 10:51:55.114687	2022-06-13 10:51:55.114687	2022-06-06	2021-08-14	Mauris sit amet eros.	517	601	27	419
349	2022-06-13 10:51:55.386798	2022-06-13 10:51:55.386798	2022-04-28	2021-08-27	In hac habitasse platea dictumst.	889	727	648	32
350	2022-06-13 10:51:55.386772	2022-06-13 10:51:55.386772	2021-06-20	2022-04-08	Mauris lacinia sapien quis libero. Nullam sit amet turpis elementum ligula vehicula consequat. Morbi a ipsum. Integer a nibh. In quis justo.	481	142	201	507
354	2022-06-13 10:51:55.505647	2022-06-13 10:51:55.505647	2022-02-14	2022-03-03	In quis justo. Maecenas rhoncus aliquam lacus.	414	628	922	375
376	2022-06-13 10:51:55.865906	2022-06-13 10:51:55.865906	2021-12-18	2021-08-25	Vestibulum ante ipsum primis in faucibus orci luctus et ultrices posuere cubilia Curae; Duis faucibus accumsan odio.	45	910	650	124
382	2022-06-13 10:51:56.034019	2022-06-13 10:51:56.034019	2022-05-10	2022-02-21	Ut tellus.	90	914	89	145
399	2022-06-13 10:51:56.325684	2022-06-13 10:51:56.325684	2021-10-31	2022-06-02	Morbi a ipsum.	506	511	667	727
404	2022-06-13 10:51:56.395058	2022-06-13 10:51:56.395058	2022-03-19	2021-06-14	Maecenas ut massa quis augue luctus tincidunt. Nulla mollis molestie lorem. Quisque ut erat. Curabitur gravida nisi at nibh.	27	234	207	31
425	2022-06-13 10:51:56.811151	2022-06-13 10:51:56.811151	2021-11-27	2022-04-27	Nulla suscipit ligula in lacus. Curabitur at ipsum ac tellus semper interdum. Mauris ullamcorper purus sit amet nulla.	103	827	96	387
433	2022-06-13 10:51:57.028487	2022-06-13 10:51:57.028487	2021-10-01	2022-04-06	In sagittis dui vel nisl. Duis ac nibh.	698	772	688	991
441	2022-06-13 10:51:57.088766	2022-06-13 10:51:57.088766	2022-02-06	2021-09-16	Sed accumsan felis. Ut at dolor quis odio consequat varius. Integer ac leo.	95	724	453	160
454	2022-06-13 10:51:57.417854	2022-06-13 10:51:57.417854	2022-01-12	2021-10-26	Pellentesque at nulla. Suspendisse potenti. Cras in purus eu magna vulputate luctus.	281	78	834	23
458	2022-06-13 10:51:57.417968	2022-06-13 10:51:57.417968	2022-04-18	2021-09-16	In hac habitasse platea dictumst. Maecenas ut massa quis augue luctus tincidunt.	330	482	350	650
459	2022-06-13 10:51:57.417891	2022-06-13 10:51:57.417891	2022-05-16	2022-02-17	Nulla justo. Aliquam quis turpis eget elit sodales scelerisque. Mauris sit amet eros.	644	385	819	197
472	2022-06-13 10:51:57.626979	2022-06-13 10:51:57.626979	2021-10-01	2021-11-06	In hac habitasse platea dictumst. Maecenas ut massa quis augue luctus tincidunt.	397	607	342	651
479	2022-06-13 10:51:57.783194	2022-06-13 10:51:57.783194	2021-07-30	2022-02-08	Integer tincidunt ante vel ipsum. Praesent blandit lacinia erat. Vestibulum sed magna at nunc commodo placerat.	806	811	305	444
495	2022-06-13 10:51:58.091322	2022-06-13 10:51:58.091322	2021-09-07	2021-08-04	Aenean auctor gravida sem. Praesent id massa id nisl venenatis lacinia. Aenean sit amet justo. Morbi ut odio.	468	794	344	593
497	2022-06-13 10:51:58.108712	2022-06-13 10:51:58.108712	2021-06-27	2022-03-31	Duis ac nibh.	544	5	626	673
508	2022-06-13 10:51:58.164443	2022-06-13 10:51:58.164443	2021-09-26	2021-08-25	Nulla tempus. Vivamus in felis eu sapien cursus vestibulum. Proin eu mi. Nulla ac enim.	70	203	950	200
503	2022-06-13 10:51:58.239459	2022-06-13 10:51:58.239459	2022-01-30	2022-01-09	Nunc purus. Phasellus in felis. Donec semper sapien a libero.	909	147	747	169
551	2022-06-13 10:51:59.187279	2022-06-13 10:51:59.187279	2022-01-24	2021-07-08	Ut tellus. Nulla ut erat id mauris vulputate elementum. Nullam varius.	315	757	879	731
554	2022-06-13 10:51:59.249475	2022-06-13 10:51:59.249475	2021-07-10	2021-11-23	Fusce consequat. Nulla nisl.	582	758	146	643
579	2022-06-13 10:51:59.76861	2022-06-13 10:51:59.76861	2021-08-03	2021-08-12	Donec ut dolor.	372	323	892	971
583	2022-06-13 10:51:59.844135	2022-06-13 10:51:59.844135	2022-02-02	2021-11-26	Sed accumsan felis. Ut at dolor quis odio consequat varius. Integer ac leo. Pellentesque ultrices mattis odio. Donec vitae nisi.	664	63	289	932
592	2022-06-13 10:52:00.049754	2022-06-13 10:52:00.049754	2021-06-24	2022-02-01	Phasellus sit amet erat. Nulla tempus. Vivamus in felis eu sapien cursus vestibulum. Proin eu mi.	437	293	7	121
597	2022-06-13 10:52:00.049698	2022-06-13 10:52:00.049698	2021-11-02	2022-05-26	Vestibulum ante ipsum primis in faucibus orci luctus et ultrices posuere cubilia Curae; Duis faucibus accumsan odio. Curabitur convallis.	721	314	281	336
618	2022-06-13 10:52:00.457825	2022-06-13 10:52:00.457825	2022-03-16	2021-09-01	Morbi a ipsum. Integer a nibh. In quis justo.	926	18	139	694
626	2022-06-13 10:52:00.661163	2022-06-13 10:52:00.661163	2022-06-06	2021-08-26	Fusce consequat. Nulla nisl. Nunc nisl.	92	948	802	467
665	2022-06-13 10:52:01.526452	2022-06-13 10:52:01.526452	2021-12-30	2021-06-21	Mauris sit amet eros. Suspendisse accumsan tortor quis turpis. Sed ante. Vivamus tortor.	837	991	524	38
666	2022-06-13 10:52:01.58209	2022-06-13 10:52:01.58209	2022-04-27	2022-01-19	Vivamus tortor. Duis mattis egestas metus. Aenean fermentum. Donec ut mauris eget massa tempor convallis.	250	743	469	138
668	2022-06-13 10:52:01.604202	2022-06-13 10:52:01.604202	2022-05-28	2021-08-23	In hac habitasse platea dictumst. Etiam faucibus cursus urna.	296	193	779	668
672	2022-06-13 10:52:01.76778	2022-06-13 10:52:01.76778	2021-08-14	2021-12-14	Nulla nisl. Nunc nisl.	957	782	504	614
702	2022-06-13 10:52:02.303926	2022-06-13 10:52:02.303926	2022-03-30	2021-09-09	Duis consequat dui nec nisi volutpat eleifend. Donec ut dolor. Morbi vel lectus in quam fringilla rhoncus.	63	496	389	283
708	2022-06-13 10:52:02.356423	2022-06-13 10:52:02.356423	2022-02-22	2021-12-17	Nunc purus. Phasellus in felis.	202	624	691	830
722	2022-06-13 10:52:02.627543	2022-06-13 10:52:02.627543	2022-01-14	2021-08-26	Cras non velit nec nisi vulputate nonummy. Maecenas tincidunt lacus at velit. Vivamus vel nulla eget eros elementum pellentesque. Quisque porta volutpat erat.	600	921	808	349
724	2022-06-13 10:52:02.682361	2022-06-13 10:52:02.682361	2022-01-09	2021-07-19	Donec semper sapien a libero. Nam dui.	444	80	577	965
740	2022-06-13 10:52:02.947632	2022-06-13 10:52:02.947632	2021-08-22	2021-06-16	Etiam justo. Etiam pretium iaculis justo.	88	644	259	825
755	2022-06-13 10:52:03.33811	2022-06-13 10:52:03.33811	2021-10-19	2022-04-18	Duis consequat dui nec nisi volutpat eleifend. Donec ut dolor.	741	601	266	536
759	2022-06-13 10:52:03.383083	2022-06-13 10:52:03.383083	2022-04-16	2021-11-21	Fusce posuere felis sed lacus.	4	400	930	454
761	2022-06-13 10:52:03.383894	2022-06-13 10:52:03.383894	2022-03-13	2022-02-27	Suspendisse accumsan tortor quis turpis.	924	224	937	492
762	2022-06-13 10:52:03.431588	2022-06-13 10:52:03.431588	2021-06-22	2022-05-30	Morbi porttitor lorem id ligula.	162	260	899	150
774	2022-06-13 10:52:03.64755	2022-06-13 10:52:03.64755	2021-08-10	2022-01-15	Mauris lacinia sapien quis libero.	149	740	827	233
781	2022-06-13 10:52:03.740303	2022-06-13 10:52:03.740303	2022-04-29	2021-10-18	Maecenas tincidunt lacus at velit. Vivamus vel nulla eget eros elementum pellentesque. Quisque porta volutpat erat.	351	896	613	819
803	2022-06-13 10:52:04.14675	2022-06-13 10:52:04.14675	2021-10-28	2021-10-05	Etiam justo. Etiam pretium iaculis justo. In hac habitasse platea dictumst. Etiam faucibus cursus urna. Ut tellus.	122	604	846	273
813	2022-06-13 10:52:04.339897	2022-06-13 10:52:04.339897	2021-07-01	2021-08-28	Vivamus in felis eu sapien cursus vestibulum.	996	277	153	512
819	2022-06-13 10:52:04.468181	2022-06-13 10:52:04.468181	2021-07-26	2021-10-17	Nunc purus. Phasellus in felis.	865	542	196	642
836	2022-06-13 10:52:04.800441	2022-06-13 10:52:04.800441	2022-01-10	2022-02-17	Duis at velit eu est congue elementum. In hac habitasse platea dictumst.	376	719	860	473
842	2022-06-13 10:52:04.985729	2022-06-13 10:52:04.985729	2021-06-19	2021-12-11	Integer ac neque. Duis bibendum. Morbi non quam nec dui luctus rutrum. Nulla tellus. In sagittis dui vel nisl.	298	153	56	843
846	2022-06-13 10:52:05.065154	2022-06-13 10:52:05.065154	2022-04-27	2022-01-08	Nullam varius.	744	745	110	924
869	2022-06-13 10:52:05.465396	2022-06-13 10:52:05.465396	2021-11-30	2021-11-08	Vestibulum rutrum rutrum neque. Aenean auctor gravida sem. Praesent id massa id nisl venenatis lacinia.	333	490	708	968
880	2022-06-13 10:52:05.551455	2022-06-13 10:52:05.551455	2021-12-16	2022-06-04	Cras pellentesque volutpat dui.	263	700	35	626
873	2022-06-13 10:52:05.593319	2022-06-13 10:52:05.593319	2022-04-14	2021-06-26	Morbi non quam nec dui luctus rutrum.	951	414	957	845
887	2022-06-13 10:52:05.749704	2022-06-13 10:52:05.749704	2021-10-09	2022-05-04	Phasellus sit amet erat.	456	772	819	997
889	2022-06-13 10:52:05.803518	2022-06-13 10:52:05.803518	2022-01-05	2021-11-25	Etiam faucibus cursus urna. Ut tellus. Nulla ut erat id mauris vulputate elementum.	728	783	900	216
900	2022-06-13 10:52:05.828602	2022-06-13 10:52:05.828602	2022-04-23	2022-01-04	Integer ac neque. Duis bibendum. Morbi non quam nec dui luctus rutrum.	812	122	845	507
895	2022-06-13 10:52:05.999965	2022-06-13 10:52:05.999965	2021-09-03	2022-05-19	Integer a nibh.	767	692	416	112
906	2022-06-13 10:52:06.132979	2022-06-13 10:52:06.132979	2021-07-08	2022-01-05	Quisque ut erat.	392	142	724	566
932	2022-06-13 10:52:06.603919	2022-06-13 10:52:06.603919	2021-10-25	2021-11-30	Mauris sit amet eros. Suspendisse accumsan tortor quis turpis.	561	436	946	177
937	2022-06-13 10:52:06.683533	2022-06-13 10:52:06.683533	2021-12-27	2021-11-28	Cras non velit nec nisi vulputate nonummy. Maecenas tincidunt lacus at velit. Vivamus vel nulla eget eros elementum pellentesque.	302	51	828	78
978	2022-06-13 10:52:07.591419	2022-06-13 10:52:07.591419	2021-12-13	2021-06-20	Nulla ut erat id mauris vulputate elementum. Nullam varius.	177	774	923	93
991	2022-06-13 10:52:07.635361	2022-06-13 10:52:07.635361	2021-12-04	2021-09-13	In sagittis dui vel nisl. Duis ac nibh.	465	350	661	925
\.


--
-- Data for Name: vdsbs_relations; Type: TABLE DATA; Schema: public; Owner: postgres
--

COPY public.vdsbs_relations (id, updated_at, created_at, start_date, end_date, description, created_by, updated_by, buyer_site_id, vds_rltn_id) FROM stdin;
10	2022-06-13 10:52:56.322591	2022-06-13 10:52:56.322591	2021-09-22	2022-02-10	Nulla tellus.	71	975	152	895
209	2022-06-13 10:53:00.675504	2022-06-13 10:53:00.675504	2021-11-23	2021-12-26	In quis justo.	649	172	258	459
247	2022-06-13 10:53:01.436747	2022-06-13 10:53:01.436747	2022-03-28	2022-02-21	Nunc purus. Phasellus in felis. Donec semper sapien a libero.	717	276	769	900
303	2022-06-13 10:53:02.666021	2022-06-13 10:53:02.666021	2022-04-04	2021-09-20	Donec posuere metus vitae ipsum. Aliquam non mauris.	843	637	894	85
309	2022-06-13 10:53:02.706201	2022-06-13 10:53:02.706201	2021-10-20	2021-10-10	Sed ante. Vivamus tortor.	972	937	304	267
419	2022-06-13 10:53:05.142708	2022-06-13 10:53:05.142708	2021-12-30	2021-09-13	Sed accumsan felis. Ut at dolor quis odio consequat varius.	458	381	144	257
502	2022-06-13 10:53:06.927838	2022-06-13 10:53:06.927838	2022-02-02	2022-01-19	Nulla mollis molestie lorem.	140	115	989	255
504	2022-06-13 10:53:06.977914	2022-06-13 10:53:06.977914	2022-02-26	2021-12-16	Vestibulum rutrum rutrum neque. Aenean auctor gravida sem. Praesent id massa id nisl venenatis lacinia. Aenean sit amet justo. Morbi ut odio.	259	918	78	283
536	2022-06-13 10:53:07.678799	2022-06-13 10:53:07.678799	2022-05-04	2021-10-25	Nullam porttitor lacus at turpis. Donec posuere metus vitae ipsum. Aliquam non mauris. Morbi non lectus. Aliquam sit amet diam in magna bibendum imperdiet.	154	504	132	459
764	2022-06-13 10:53:13.027467	2022-06-13 10:53:13.027467	2021-06-28	2022-05-20	Nulla justo. Aliquam quis turpis eget elit sodales scelerisque. Mauris sit amet eros.	36	229	853	117
765	2022-06-13 10:53:13.027377	2022-06-13 10:53:13.027377	2021-07-10	2021-12-30	Morbi non quam nec dui luctus rutrum.	468	442	75	67
\.


--
-- Data for Name: vendor_regions; Type: TABLE DATA; Schema: public; Owner: postgres
--

COPY public.vendor_regions (id, updated_at, created_at, start_date, end_date, name, attribute1, attribute2, attribute3, attribute4, attribute5, created_by, updated_by, vendor_id) FROM stdin;
5	2022-06-13 10:44:50.382023	2022-06-13 10:44:50.382023	\N	\N	sreadman4	automatics	\N	\N	\N	\N	367	774	367
13	2022-06-13 10:44:50.427325	2022-06-13 10:44:50.427325	\N	\N	kpagelsenc	inhabiting	\N	\N	\N	\N	534	208	272
21	2022-06-13 10:44:50.437495	2022-06-13 10:44:50.437495	\N	\N	shinkenk	vandalized	\N	\N	\N	\N	560	194	374
27	2022-06-13 10:44:50.440442	2022-06-13 10:44:50.440442	\N	\N	bbrattyq	tricksters	\N	\N	\N	\N	222	857	536
31	2022-06-13 10:44:50.461666	2022-06-13 10:44:50.461666	\N	\N	craffeortyu	rebuilding	\N	\N	\N	\N	276	994	405
39	2022-06-13 10:44:50.538394	2022-06-13 10:44:50.538394	\N	\N	rwennam12	reproduces	\N	\N	\N	\N	33	897	67
10	2022-06-13 10:44:50.382345	2022-06-13 10:44:50.382345	\N	\N	deddison9	arraigning	\N	\N	\N	\N	486	399	624
6	2022-06-13 10:44:50.382228	2022-06-13 10:44:50.382228	\N	\N	amogenot5	irreverent	\N	\N	\N	\N	860	990	689
14	2022-06-13 10:44:50.427646	2022-06-13 10:44:50.427646	\N	\N	rrodriguezd	warehouses	\N	\N	\N	\N	544	134	392
20	2022-06-13 10:44:50.43742	2022-06-13 10:44:50.43742	\N	\N	rgorhamj	helplessly	\N	\N	\N	\N	854	490	974
26	2022-06-13 10:44:50.440272	2022-06-13 10:44:50.440272	\N	\N	jchastenetp	downstream	\N	\N	\N	\N	553	92	953
30	2022-06-13 10:44:50.461369	2022-06-13 10:44:50.461369	\N	\N	cbowdlert	imperative	\N	\N	\N	\N	569	736	627
38	2022-06-13 10:44:50.537843	2022-06-13 10:44:50.537843	\N	\N	jalessandrini11	germinates	\N	\N	\N	\N	765	406	516
43	2022-06-13 10:44:50.565764	2022-06-13 10:44:50.565764	\N	\N	blampaert16	bandwagons	\N	\N	\N	\N	834	926	587
209	2022-06-13 10:44:51.528504	2022-06-13 10:44:51.528504	\N	\N	krief5s	depression	\N	\N	\N	\N	924	89	499
238	2022-06-13 10:44:51.552961	2022-06-13 10:44:51.552961	\N	\N	aminci6l	panellings	\N	\N	\N	\N	547	914	129
388	2022-06-13 10:44:52.650217	2022-06-13 10:44:52.650217	\N	\N	ftuhyar	desolation	\N	\N	\N	\N	562	807	554
407	2022-06-13 10:44:52.677841	2022-06-13 10:44:52.677841	\N	\N	edmychba	decorators	\N	\N	\N	\N	264	775	849
414	2022-06-13 10:44:52.706687	2022-06-13 10:44:52.706687	\N	\N	kbowmerbh	appetizing	\N	\N	\N	\N	218	433	394
618	2022-06-13 10:44:53.784708	2022-06-13 10:44:53.784708	\N	\N	dpauluschh5	mothballed	\N	\N	\N	\N	109	439	368
616	2022-06-13 10:44:53.784651	2022-06-13 10:44:53.784651	\N	\N	hbiggansh3	humidifies	\N	\N	\N	\N	249	269	611
630	2022-06-13 10:44:53.793926	2022-06-13 10:44:53.793926	\N	\N	cthirkettlehh	homosexual	\N	\N	\N	\N	169	854	652
640	2022-06-13 10:44:53.817679	2022-06-13 10:44:53.817679	\N	\N	rlawreyhr	stoppering	\N	\N	\N	\N	67	63	77
647	2022-06-13 10:44:53.840946	2022-06-13 10:44:53.840946	\N	\N	ewinterbornehy	despondent	\N	\N	\N	\N	69	509	736
653	2022-06-13 10:44:53.898961	2022-06-13 10:44:53.898961	\N	\N	kainsworthi4	culminates	\N	\N	\N	\N	406	829	164
656	2022-06-13 10:44:53.935597	2022-06-13 10:44:53.935597	\N	\N	kmunnioni7	prototypes	\N	\N	\N	\N	617	981	319
664	2022-06-13 10:44:54.003609	2022-06-13 10:44:54.003609	\N	\N	glindgrenif	ravenously	\N	\N	\N	\N	487	146	894
672	2022-06-13 10:44:54.040851	2022-06-13 10:44:54.040851	\N	\N	ntrehearnin	subscripts	\N	\N	\N	\N	648	934	17
803	2022-06-13 10:44:54.925432	2022-06-13 10:44:54.925432	\N	\N	egallamorema	arbitrates	\N	\N	\N	\N	762	449	90
827	2022-06-13 10:44:55.00869	2022-06-13 10:44:55.00869	\N	\N	emuddimanmy	aborigines	\N	\N	\N	\N	948	912	560
2	2022-06-13 10:44:50.425125	2022-06-13 10:44:50.425125	\N	\N	edelagnes1	barrelling	\N	\N	\N	\N	457	262	94
22	2022-06-13 10:44:50.43768	2022-06-13 10:44:50.43768	\N	\N	vvarleyl	squandered	\N	\N	\N	\N	469	302	376
29	2022-06-13 10:44:50.460657	2022-06-13 10:44:50.460657	\N	\N	btaberts	milligrams	\N	\N	\N	\N	51	871	78
215	2022-06-13 10:44:51.528717	2022-06-13 10:44:51.528717	\N	\N	ddigges5y	chaperoned	\N	\N	\N	\N	295	753	333
237	2022-06-13 10:44:51.553228	2022-06-13 10:44:51.553228	\N	\N	tlaunchbury6k	impossible	\N	\N	\N	\N	251	818	345
390	2022-06-13 10:44:52.676794	2022-06-13 10:44:52.676794	\N	\N	hbernocchiat	fireplaces	\N	\N	\N	\N	683	974	465
415	2022-06-13 10:44:52.706951	2022-06-13 10:44:52.706951	\N	\N	pklessebi	crawfishes	\N	\N	\N	\N	289	486	712
425	2022-06-13 10:44:52.715342	2022-06-13 10:44:52.715342	\N	\N	htennockbs	pioneering	\N	\N	\N	\N	99	97	444
430	2022-06-13 10:44:52.791556	2022-06-13 10:44:52.791556	\N	\N	htwaitsbx	suntanning	\N	\N	\N	\N	125	155	523
433	2022-06-13 10:44:52.824447	2022-06-13 10:44:52.824447	\N	\N	fscuttc0	roughening	\N	\N	\N	\N	55	481	495
617	2022-06-13 10:44:53.784765	2022-06-13 10:44:53.784765	\N	\N	vfittonh4	purchasers	\N	\N	\N	\N	459	108	134
632	2022-06-13 10:44:53.794134	2022-06-13 10:44:53.794134	\N	\N	airnyshj	greyhounds	\N	\N	\N	\N	894	463	238
800	2022-06-13 10:44:54.926795	2022-06-13 10:44:54.926795	\N	\N	pbondem7	flannelled	\N	\N	\N	\N	386	575	298
8	2022-06-13 10:44:50.428436	2022-06-13 10:44:50.428436	\N	\N	aivannikov7	protracted	\N	\N	\N	\N	673	495	303
24	2022-06-13 10:44:50.440383	2022-06-13 10:44:50.440383	\N	\N	clatesn	shrewdness	\N	\N	\N	\N	772	757	92
228	2022-06-13 10:44:51.586295	2022-06-13 10:44:51.586295	\N	\N	phessentaler6b	severances	\N	\N	\N	\N	574	242	903
394	2022-06-13 10:44:52.706721	2022-06-13 10:44:52.706721	\N	\N	bguitteax	manifested	\N	\N	\N	\N	428	103	746
427	2022-06-13 10:44:52.734015	2022-06-13 10:44:52.734015	\N	\N	bmarqyesbu	rediscover	\N	\N	\N	\N	425	749	374
432	2022-06-13 10:44:52.794902	2022-06-13 10:44:52.794902	\N	\N	lwalklingbz	inexorably	\N	\N	\N	\N	463	931	570
621	2022-06-13 10:44:53.818957	2022-06-13 10:44:53.818957	\N	\N	wspottswoodh8	habitation	\N	\N	\N	\N	906	773	859
815	2022-06-13 10:44:55.009129	2022-06-13 10:44:55.009129	\N	\N	kbaggelleymm	maximizing	\N	\N	\N	\N	971	561	625
839	2022-06-13 10:44:55.017963	2022-06-13 10:44:55.017963	\N	\N	dcostellowna	undecideds	\N	\N	\N	\N	289	999	743
845	2022-06-13 10:44:55.080893	2022-06-13 10:44:55.080893	\N	\N	thartnupng	embroiders	\N	\N	\N	\N	500	306	898
851	2022-06-13 10:44:55.135152	2022-06-13 10:44:55.135152	\N	\N	nknollernm	legalistic	\N	\N	\N	\N	254	820	217
860	2022-06-13 10:44:55.1401	2022-06-13 10:44:55.1401	\N	\N	kgiamellinv	threatened	\N	\N	\N	\N	886	677	319
865	2022-06-13 10:44:55.161887	2022-06-13 10:44:55.161887	\N	\N	mmettrickeo0	rationally	\N	\N	\N	\N	584	52	37
4	2022-06-13 10:44:50.428678	2022-06-13 10:44:50.428678	\N	\N	nfantini3	beautified	\N	\N	\N	\N	500	162	636
25	2022-06-13 10:44:50.439998	2022-06-13 10:44:50.439998	\N	\N	abeeseyo	compulsion	\N	\N	\N	\N	65	821	319
32	2022-06-13 10:44:50.461819	2022-06-13 10:44:50.461819	\N	\N	ksunshinev	Halloweens	\N	\N	\N	\N	865	186	377
37	2022-06-13 10:44:50.537925	2022-06-13 10:44:50.537925	\N	\N	aeglin10	subverting	\N	\N	\N	\N	922	729	731
221	2022-06-13 10:44:51.58637	2022-06-13 10:44:51.58637	\N	\N	cmingey64	slingshots	\N	\N	\N	\N	254	877	890
253	2022-06-13 10:44:51.622354	2022-06-13 10:44:51.622354	\N	\N	aligertwood70	articulate	\N	\N	\N	\N	964	322	590
257	2022-06-13 10:44:51.664718	2022-06-13 10:44:51.664718	\N	\N	csterzaker74	annotation	\N	\N	\N	\N	944	420	400
261	2022-06-13 10:44:51.731002	2022-06-13 10:44:51.731002	\N	\N	kkonerding78	contractor	\N	\N	\N	\N	447	949	678
269	2022-06-13 10:44:51.756185	2022-06-13 10:44:51.756185	\N	\N	wchapman7g	proffering	\N	\N	\N	\N	164	854	15
398	2022-06-13 10:44:52.707202	2022-06-13 10:44:52.707202	\N	\N	jwrinchb1	horoscopes	\N	\N	\N	\N	974	825	357
638	2022-06-13 10:44:53.896305	2022-06-13 10:44:53.896305	\N	\N	lshanehp	engravings	\N	\N	\N	\N	77	102	194
809	2022-06-13 10:44:55.009603	2022-06-13 10:44:55.009603	\N	\N	ymackettmg	veterinary	\N	\N	\N	\N	803	754	841
841	2022-06-13 10:44:55.017468	2022-06-13 10:44:55.017468	\N	\N	imonkhousenc	hibernates	\N	\N	\N	\N	140	746	207
844	2022-06-13 10:44:55.081023	2022-06-13 10:44:55.081023	\N	\N	vsummerlienf	persuading	\N	\N	\N	\N	58	567	400
849	2022-06-13 10:44:55.134952	2022-06-13 10:44:55.134952	\N	\N	llanfranchink	containing	\N	\N	\N	\N	983	251	411
9	2022-06-13 10:44:50.435569	2022-06-13 10:44:50.435569	\N	\N	abernadon8	slovenlier	\N	\N	\N	\N	915	309	196
234	2022-06-13 10:44:51.617629	2022-06-13 10:44:51.617629	\N	\N	crochell6h	congresses	\N	\N	\N	\N	760	198	522
254	2022-06-13 10:44:51.62421	2022-06-13 10:44:51.62421	\N	\N	bhinnerk71	paperbacks	\N	\N	\N	\N	96	168	221
413	2022-06-13 10:44:52.791873	2022-06-13 10:44:52.791873	\N	\N	loulettbg	quantifier	\N	\N	\N	\N	533	903	689
434	2022-06-13 10:44:52.824989	2022-06-13 10:44:52.824989	\N	\N	nickovc1	generating	\N	\N	\N	\N	645	377	896
442	2022-06-13 10:44:52.869132	2022-06-13 10:44:52.869132	\N	\N	bvanhovec9	mainstream	\N	\N	\N	\N	523	233	84
448	2022-06-13 10:44:52.903243	2022-06-13 10:44:52.903243	\N	\N	amcilhonecf	vertebrate	\N	\N	\N	\N	943	419	982
454	2022-06-13 10:44:52.91831	2022-06-13 10:44:52.91831	\N	\N	hhanniganecl	restrained	\N	\N	\N	\N	940	530	79
462	2022-06-13 10:44:52.945134	2022-06-13 10:44:52.945134	\N	\N	mguihenct	paralyzing	\N	\N	\N	\N	167	880	814
476	2022-06-13 10:44:52.953695	2022-06-13 10:44:52.953695	\N	\N	pkneed7	staunching	\N	\N	\N	\N	194	392	592
626	2022-06-13 10:44:53.898781	2022-06-13 10:44:53.898781	\N	\N	nflippellihd	fatherland	\N	\N	\N	\N	402	771	462
830	2022-06-13 10:44:55.081577	2022-06-13 10:44:55.081577	\N	\N	lbaun1	ceremonies	\N	\N	\N	\N	721	608	184
850	2022-06-13 10:44:55.134966	2022-06-13 10:44:55.134966	\N	\N	dbaylisnl	conversion	\N	\N	\N	\N	293	615	74
859	2022-06-13 10:44:55.139982	2022-06-13 10:44:55.139982	\N	\N	ssalmonsnu	engineered	\N	\N	\N	\N	692	632	613
864	2022-06-13 10:44:55.16143	2022-06-13 10:44:55.16143	\N	\N	dpeachmannz	historical	\N	\N	\N	\N	56	614	20
868	2022-06-13 10:44:55.225856	2022-06-13 10:44:55.225856	\N	\N	hgerckeno3	nonprofits	\N	\N	\N	\N	639	452	728
875	2022-06-13 10:44:55.250776	2022-06-13 10:44:55.250776	\N	\N	lhegdonneoa	plagiarize	\N	\N	\N	\N	217	887	355
882	2022-06-13 10:44:55.255057	2022-06-13 10:44:55.255057	\N	\N	mdocheoh	commandant	\N	\N	\N	\N	506	427	98
889	2022-06-13 10:44:55.311734	2022-06-13 10:44:55.311734	\N	\N	nstirleyoo	saxophones	\N	\N	\N	\N	676	359	141
896	2022-06-13 10:44:55.343596	2022-06-13 10:44:55.343596	\N	\N	xparsonageov	allocating	\N	\N	\N	\N	464	214	670
903	2022-06-13 10:44:55.379291	2022-06-13 10:44:55.379291	\N	\N	awingerp2	reflexives	\N	\N	\N	\N	262	496	885
911	2022-06-13 10:44:55.400066	2022-06-13 10:44:55.400066	\N	\N	dcastillopa	squelching	\N	\N	\N	\N	608	302	453
920	2022-06-13 10:44:55.407639	2022-06-13 10:44:55.407639	\N	\N	wflounderspj	flawlessly	\N	\N	\N	\N	271	244	929
926	2022-06-13 10:44:55.452144	2022-06-13 10:44:55.452144	\N	\N	gvasinpp	inductions	\N	\N	\N	\N	367	510	368
929	2022-06-13 10:44:55.457186	2022-06-13 10:44:55.457186	\N	\N	apietronps	witnessing	\N	\N	\N	\N	331	503	478
933	2022-06-13 10:44:55.476658	2022-06-13 10:44:55.476658	\N	\N	amulbrypw	impeaching	\N	\N	\N	\N	495	385	471
936	2022-06-13 10:44:55.493395	2022-06-13 10:44:55.493395	\N	\N	dwythepz	orientates	\N	\N	\N	\N	415	187	609
11	2022-06-13 10:44:50.535283	2022-06-13 10:44:50.535283	\N	\N	ekearlea	professors	\N	\N	\N	\N	885	514	141
44	2022-06-13 10:44:50.565734	2022-06-13 10:44:50.565734	\N	\N	jtreversh17	procession	\N	\N	\N	\N	265	401	841
54	2022-06-13 10:44:50.627864	2022-06-13 10:44:50.627864	\N	\N	khamsley1h	obtainable	\N	\N	\N	\N	175	561	730
235	2022-06-13 10:44:51.617995	2022-06-13 10:44:51.617995	\N	\N	ghemphall6i	regulation	\N	\N	\N	\N	92	97	279
256	2022-06-13 10:44:51.6254	2022-06-13 10:44:51.6254	\N	\N	dsenchenko73	frequenter	\N	\N	\N	\N	588	771	395
259	2022-06-13 10:44:51.665452	2022-06-13 10:44:51.665452	\N	\N	acarnock76	disclosing	\N	\N	\N	\N	461	908	417
262	2022-06-13 10:44:51.730911	2022-06-13 10:44:51.730911	\N	\N	kmassinger79	vegetarian	\N	\N	\N	\N	144	524	806
268	2022-06-13 10:44:51.756101	2022-06-13 10:44:51.756101	\N	\N	tdrakeley7f	injunction	\N	\N	\N	\N	480	626	966
408	2022-06-13 10:44:52.791882	2022-06-13 10:44:52.791882	\N	\N	mkanwellbb	manicurist	\N	\N	\N	\N	117	120	862
435	2022-06-13 10:44:52.824896	2022-06-13 10:44:52.824896	\N	\N	spengelleyc2	annoyingly	\N	\N	\N	\N	761	261	714
444	2022-06-13 10:44:52.869178	2022-06-13 10:44:52.869178	\N	\N	msiddellcb	fledgeling	\N	\N	\N	\N	621	18	903
451	2022-06-13 10:44:52.903537	2022-06-13 10:44:52.903537	\N	\N	jbleadenci	confronted	\N	\N	\N	\N	74	378	344
457	2022-06-13 10:44:52.918563	2022-06-13 10:44:52.918563	\N	\N	usisslandco	rejections	\N	\N	\N	\N	897	470	625
639	2022-06-13 10:44:53.900264	2022-06-13 10:44:53.900264	\N	\N	fankershq	preferring	\N	\N	\N	\N	704	474	421
660	2022-06-13 10:44:53.935913	2022-06-13 10:44:53.935913	\N	\N	dpuddiferib	proceeding	\N	\N	\N	\N	192	577	406
665	2022-06-13 10:44:54.003825	2022-06-13 10:44:54.003825	\N	\N	bdeakanig	combustion	\N	\N	\N	\N	814	706	807
671	2022-06-13 10:44:54.024782	2022-06-13 10:44:54.024782	\N	\N	jjaquemeim	magnetizes	\N	\N	\N	\N	944	363	465
676	2022-06-13 10:44:54.041007	2022-06-13 10:44:54.041007	\N	\N	jscotfordir	holidaying	\N	\N	\N	\N	409	240	55
680	2022-06-13 10:44:54.08637	2022-06-13 10:44:54.08637	\N	\N	ubrushneeniv	situations	\N	\N	\N	\N	668	637	659
822	2022-06-13 10:44:55.082489	2022-06-13 10:44:55.082489	\N	\N	amorrissmt	pertaining	\N	\N	\N	\N	427	347	848
852	2022-06-13 10:44:55.13511	2022-06-13 10:44:55.13511	\N	\N	gsreenannn	upbringing	\N	\N	\N	\N	826	794	53
858	2022-06-13 10:44:55.139683	2022-06-13 10:44:55.139683	\N	\N	fpignonnt	ultimatums	\N	\N	\N	\N	509	463	63
863	2022-06-13 10:44:55.16136	2022-06-13 10:44:55.16136	\N	\N	aingerithny	defensible	\N	\N	\N	\N	412	556	55
18	2022-06-13 10:44:50.535916	2022-06-13 10:44:50.535916	\N	\N	eraseh	glossaries	\N	\N	\N	\N	856	629	798
242	2022-06-13 10:44:51.664898	2022-06-13 10:44:51.664898	\N	\N	jhayter6p	vibrations	\N	\N	\N	\N	256	497	139
419	2022-06-13 10:44:52.794856	2022-06-13 10:44:52.794856	\N	\N	bsowmanbm	turbulence	\N	\N	\N	\N	956	958	637
437	2022-06-13 10:44:52.825173	2022-06-13 10:44:52.825173	\N	\N	scharnockc4	slingshots	\N	\N	\N	\N	304	52	665
443	2022-06-13 10:44:52.870038	2022-06-13 10:44:52.870038	\N	\N	llooneyca	protracted	\N	\N	\N	\N	238	461	709
449	2022-06-13 10:44:52.903388	2022-06-13 10:44:52.903388	\N	\N	icorssencg	reproduces	\N	\N	\N	\N	350	589	372
455	2022-06-13 10:44:52.918442	2022-06-13 10:44:52.918442	\N	\N	rdonnellycm	stagnation	\N	\N	\N	\N	703	327	480
464	2022-06-13 10:44:52.945535	2022-06-13 10:44:52.945535	\N	\N	pburburycv	candidates	\N	\N	\N	\N	687	582	719
472	2022-06-13 10:44:52.952797	2022-06-13 10:44:52.952797	\N	\N	kmintond3	pleasuring	\N	\N	\N	\N	394	793	799
480	2022-06-13 10:44:52.991356	2022-06-13 10:44:52.991356	\N	\N	bgrinindb	enchanting	\N	\N	\N	\N	398	987	957
489	2022-06-13 10:44:53.01576	2022-06-13 10:44:53.01576	\N	\N	ddunleydk	seminaries	\N	\N	\N	\N	128	289	281
495	2022-06-13 10:44:53.086727	2022-06-13 10:44:53.086727	\N	\N	bduigandq	astonished	\N	\N	\N	\N	256	87	350
500	2022-06-13 10:44:53.132222	2022-06-13 10:44:53.132222	\N	\N	mleaverdv	conquerors	\N	\N	\N	\N	619	883	113
506	2022-06-13 10:44:53.145628	2022-06-13 10:44:53.145628	\N	\N	aprestere1	impervious	\N	\N	\N	\N	255	54	392
513	2022-06-13 10:44:53.148526	2022-06-13 10:44:53.148526	\N	\N	liannelloe8	hemophilia	\N	\N	\N	\N	467	947	8
518	2022-06-13 10:44:53.166673	2022-06-13 10:44:53.166673	\N	\N	lfiltnessed	newfangled	\N	\N	\N	\N	364	538	825
524	2022-06-13 10:44:53.200516	2022-06-13 10:44:53.200516	\N	\N	grittmeierej	deplorable	\N	\N	\N	\N	717	449	475
533	2022-06-13 10:44:53.20485	2022-06-13 10:44:53.20485	\N	\N	tdysteres	gratuities	\N	\N	\N	\N	577	157	738
537	2022-06-13 10:44:53.252971	2022-06-13 10:44:53.252971	\N	\N	clazarusew	randomness	\N	\N	\N	\N	853	272	568
545	2022-06-13 10:44:53.255535	2022-06-13 10:44:53.255535	\N	\N	lsandsf4	predicting	\N	\N	\N	\N	334	458	543
646	2022-06-13 10:44:53.935508	2022-06-13 10:44:53.935508	\N	\N	caitkenhx	epileptics	\N	\N	\N	\N	994	932	12
666	2022-06-13 10:44:54.003824	2022-06-13 10:44:54.003824	\N	\N	ntailbyih	conviction	\N	\N	\N	\N	158	888	67
829	2022-06-13 10:44:55.120886	2022-06-13 10:44:55.120886	\N	\N	vrhubottomn0	towellings	\N	\N	\N	\N	266	572	868
17	2022-06-13 10:44:50.535657	2022-06-13 10:44:50.535657	\N	\N	ldavsleyg	extricates	\N	\N	\N	\N	606	946	437
47	2022-06-13 10:44:50.568437	2022-06-13 10:44:50.568437	\N	\N	mlenham1a	attendance	\N	\N	\N	\N	580	959	304
55	2022-06-13 10:44:50.627593	2022-06-13 10:44:50.627593	\N	\N	btranter1i	brassieres	\N	\N	\N	\N	790	954	86
58	2022-06-13 10:44:50.687058	2022-06-13 10:44:50.687058	\N	\N	tgarthside1l	laceration	\N	\N	\N	\N	600	110	233
248	2022-06-13 10:44:51.729271	2022-06-13 10:44:51.729271	\N	\N	lcomi6v	irreverent	\N	\N	\N	\N	676	374	28
270	2022-06-13 10:44:51.756224	2022-06-13 10:44:51.756224	\N	\N	tdominka7h	subscripts	\N	\N	\N	\N	927	668	633
424	2022-06-13 10:44:52.824695	2022-06-13 10:44:52.824695	\N	\N	mtevelovbr	unreliable	\N	\N	\N	\N	357	548	142
645	2022-06-13 10:44:53.937958	2022-06-13 10:44:53.937958	\N	\N	ejouninghw	importance	\N	\N	\N	\N	58	822	565
838	2022-06-13 10:44:55.13928	2022-06-13 10:44:55.13928	\N	\N	ucoetzeen9	numerators	\N	\N	\N	\N	352	517	166
866	2022-06-13 10:44:55.161558	2022-06-13 10:44:55.161558	\N	\N	hgillumo1	toothbrush	\N	\N	\N	\N	128	256	962
870	2022-06-13 10:44:55.226729	2022-06-13 10:44:55.226729	\N	\N	ckermodeo5	eulogizing	\N	\N	\N	\N	591	763	139
876	2022-06-13 10:44:55.250886	2022-06-13 10:44:55.250886	\N	\N	eodugganob	painlessly	\N	\N	\N	\N	89	191	990
23	2022-06-13 10:44:50.538766	2022-06-13 10:44:50.538766	\N	\N	mfrigotm	allegiance	\N	\N	\N	\N	13	830	182
249	2022-06-13 10:44:51.753242	2022-06-13 10:44:51.753242	\N	\N	gpiaggia6w	longitudes	\N	\N	\N	\N	490	956	621
271	2022-06-13 10:44:51.77517	2022-06-13 10:44:51.77517	\N	\N	drosebotham7i	leveraging	\N	\N	\N	\N	645	289	273
279	2022-06-13 10:44:51.843807	2022-06-13 10:44:51.843807	\N	\N	kturfus7q	cullenders	\N	\N	\N	\N	730	881	348
283	2022-06-13 10:44:51.847103	2022-06-13 10:44:51.847103	\N	\N	nhirth7u	chaperones	\N	\N	\N	\N	236	358	59
289	2022-06-13 10:44:51.913227	2022-06-13 10:44:51.913227	\N	\N	mmounsie80	concourses	\N	\N	\N	\N	217	536	466
295	2022-06-13 10:44:51.931074	2022-06-13 10:44:51.931074	\N	\N	acoomber86	repeatedly	\N	\N	\N	\N	887	297	293
423	2022-06-13 10:44:52.827545	2022-06-13 10:44:52.827545	\N	\N	cstortonbq	tolerances	\N	\N	\N	\N	499	347	427
446	2022-06-13 10:44:52.87044	2022-06-13 10:44:52.87044	\N	\N	valloisicd	protestant	\N	\N	\N	\N	579	652	148
453	2022-06-13 10:44:52.903799	2022-06-13 10:44:52.903799	\N	\N	jarlidgeck	presenting	\N	\N	\N	\N	807	421	324
456	2022-06-13 10:44:52.9186	2022-06-13 10:44:52.9186	\N	\N	ngillamcn	carnivores	\N	\N	\N	\N	584	453	971
463	2022-06-13 10:44:52.945363	2022-06-13 10:44:52.945363	\N	\N	abeabycu	innovative	\N	\N	\N	\N	48	739	725
470	2022-06-13 10:44:52.950032	2022-06-13 10:44:52.950032	\N	\N	nmcgillivrayd1	prostrated	\N	\N	\N	\N	990	31	832
478	2022-06-13 10:44:52.988943	2022-06-13 10:44:52.988943	\N	\N	snewsond9	cherishing	\N	\N	\N	\N	562	802	650
486	2022-06-13 10:44:52.996397	2022-06-13 10:44:52.996397	\N	\N	tcoverdaledh	lacquering	\N	\N	\N	\N	144	296	669
493	2022-06-13 10:44:53.018143	2022-06-13 10:44:53.018143	\N	\N	tepslydo	underneath	\N	\N	\N	\N	571	411	434
496	2022-06-13 10:44:53.086724	2022-06-13 10:44:53.086724	\N	\N	aitzhaiekdr	blundering	\N	\N	\N	\N	759	759	78
501	2022-06-13 10:44:53.132285	2022-06-13 10:44:53.132285	\N	\N	elarrosadw	retreating	\N	\N	\N	\N	828	738	793
508	2022-06-13 10:44:53.14643	2022-06-13 10:44:53.14643	\N	\N	wendone3	triplicate	\N	\N	\N	\N	967	237	577
516	2022-06-13 10:44:53.166128	2022-06-13 10:44:53.166128	\N	\N	eoweneb	stagecoach	\N	\N	\N	\N	270	32	767
521	2022-06-13 10:44:53.199833	2022-06-13 10:44:53.199833	\N	\N	bbaudryeg	contortion	\N	\N	\N	\N	3	545	680
530	2022-06-13 10:44:53.205477	2022-06-13 10:44:53.205477	\N	\N	pquilkinep	crucifixes	\N	\N	\N	\N	305	197	900
542	2022-06-13 10:44:53.253219	2022-06-13 10:44:53.253219	\N	\N	edawtref1	quadruples	\N	\N	\N	\N	510	687	863
651	2022-06-13 10:44:54.003221	2022-06-13 10:44:54.003221	\N	\N	awimbridgei2	accusation	\N	\N	\N	\N	904	874	369
674	2022-06-13 10:44:54.040864	2022-06-13 10:44:54.040864	\N	\N	bbucktroutip	aboveboard	\N	\N	\N	\N	825	740	2
682	2022-06-13 10:44:54.086513	2022-06-13 10:44:54.086513	\N	\N	fpimlettix	extricates	\N	\N	\N	\N	455	563	365
689	2022-06-13 10:44:54.128029	2022-06-13 10:44:54.128029	\N	\N	crosonij4	vacillated	\N	\N	\N	\N	212	688	688
695	2022-06-13 10:44:54.136395	2022-06-13 10:44:54.136395	\N	\N	mpoileja	deceptions	\N	\N	\N	\N	763	398	103
698	2022-06-13 10:44:54.204643	2022-06-13 10:44:54.204643	\N	\N	nvanyushkinjd	guerrillas	\N	\N	\N	\N	387	703	828
706	2022-06-13 10:44:54.243049	2022-06-13 10:44:54.243049	\N	\N	teaglestonejl	fragmented	\N	\N	\N	\N	982	308	699
713	2022-06-13 10:44:54.246872	2022-06-13 10:44:54.246872	\N	\N	gstorryjs	pragmatism	\N	\N	\N	\N	76	779	348
724	2022-06-13 10:44:54.267919	2022-06-13 10:44:54.267919	\N	\N	thostank3	diminutive	\N	\N	\N	\N	312	311	237
846	2022-06-13 10:44:55.225619	2022-06-13 10:44:55.225619	\N	\N	abarkleynh	intellects	\N	\N	\N	\N	862	77	54
879	2022-06-13 10:44:55.251416	2022-06-13 10:44:55.251416	\N	\N	cboodleoe	lifeguards	\N	\N	\N	\N	790	622	112
885	2022-06-13 10:44:55.255458	2022-06-13 10:44:55.255458	\N	\N	jdeelayok	adulteries	\N	\N	\N	\N	45	62	814
890	2022-06-13 10:44:55.311951	2022-06-13 10:44:55.311951	\N	\N	eanslowop	hydroplane	\N	\N	\N	\N	369	920	72
899	2022-06-13 10:44:55.34436	2022-06-13 10:44:55.34436	\N	\N	fbendeloy	calculator	\N	\N	\N	\N	981	37	661
904	2022-06-13 10:44:55.379549	2022-06-13 10:44:55.379549	\N	\N	sdollarp3	metabolism	\N	\N	\N	\N	424	369	95
35	2022-06-13 10:44:50.622832	2022-06-13 10:44:50.622832	\N	\N	hsmilliey	grindstone	\N	\N	\N	\N	385	660	868
57	2022-06-13 10:44:50.630359	2022-06-13 10:44:50.630359	\N	\N	shardey1k	quadruples	\N	\N	\N	\N	577	396	861
255	2022-06-13 10:44:51.756714	2022-06-13 10:44:51.756714	\N	\N	cjoss72	invitation	\N	\N	\N	\N	748	592	450
275	2022-06-13 10:44:51.775378	2022-06-13 10:44:51.775378	\N	\N	gleacy7m	stepladder	\N	\N	\N	\N	309	767	897
429	2022-06-13 10:44:52.867576	2022-06-13 10:44:52.867576	\N	\N	dlokerbw	incarnated	\N	\N	\N	\N	589	338	317
452	2022-06-13 10:44:52.90358	2022-06-13 10:44:52.90358	\N	\N	dmattiussicj	additional	\N	\N	\N	\N	526	283	485
458	2022-06-13 10:44:52.918626	2022-06-13 10:44:52.918626	\N	\N	bsibbertcp	desolation	\N	\N	\N	\N	727	290	842
467	2022-06-13 10:44:52.945958	2022-06-13 10:44:52.945958	\N	\N	bbrundlecy	grapevines	\N	\N	\N	\N	296	838	23
474	2022-06-13 10:44:52.953356	2022-06-13 10:44:52.953356	\N	\N	tkortd5	rebuilding	\N	\N	\N	\N	2	757	86
654	2022-06-13 10:44:54.00662	2022-06-13 10:44:54.00662	\N	\N	clermouthi5	tinselling	\N	\N	\N	\N	468	388	794
675	2022-06-13 10:44:54.041158	2022-06-13 10:44:54.041158	\N	\N	gosleriq	hardliners	\N	\N	\N	\N	909	603	378
855	2022-06-13 10:44:55.225526	2022-06-13 10:44:55.225526	\N	\N	rkaemenanq	castrating	\N	\N	\N	\N	119	317	730
40	2022-06-13 10:44:50.626122	2022-06-13 10:44:50.626122	\N	\N	sdockreay13	forearming	\N	\N	\N	\N	291	968	124
60	2022-06-13 10:44:50.687202	2022-06-13 10:44:50.687202	\N	\N	kdarcey1n	belongings	\N	\N	\N	\N	435	936	680
266	2022-06-13 10:44:51.839791	2022-06-13 10:44:51.839791	\N	\N	emacgaughey7d	qualifiers	\N	\N	\N	\N	942	412	790
282	2022-06-13 10:44:51.846395	2022-06-13 10:44:51.846395	\N	\N	dricharson7t	influenced	\N	\N	\N	\N	389	221	976
287	2022-06-13 10:44:51.912466	2022-06-13 10:44:51.912466	\N	\N	gburfitt7y	inhabiting	\N	\N	\N	\N	423	509	851
431	2022-06-13 10:44:52.86842	2022-06-13 10:44:52.86842	\N	\N	radamby	springiest	\N	\N	\N	\N	11	163	720
450	2022-06-13 10:44:52.903498	2022-06-13 10:44:52.903498	\N	\N	esimonych	banqueting	\N	\N	\N	\N	166	317	511
459	2022-06-13 10:44:52.918709	2022-06-13 10:44:52.918709	\N	\N	spietzcq	enormities	\N	\N	\N	\N	628	500	728
466	2022-06-13 10:44:52.945798	2022-06-13 10:44:52.945798	\N	\N	hdionsetticx	ancientest	\N	\N	\N	\N	108	864	555
661	2022-06-13 10:44:54.042383	2022-06-13 10:44:54.042383	\N	\N	kthaxtonic	antagonist	\N	\N	\N	\N	524	693	815
854	2022-06-13 10:44:55.225546	2022-06-13 10:44:55.225546	\N	\N	kcastellininp	picnicking	\N	\N	\N	\N	390	88	532
878	2022-06-13 10:44:55.251427	2022-06-13 10:44:55.251427	\N	\N	tcripinod	worshipped	\N	\N	\N	\N	418	180	965
886	2022-06-13 10:44:55.255518	2022-06-13 10:44:55.255518	\N	\N	tcranneyol	thirstiest	\N	\N	\N	\N	738	51	552
891	2022-06-13 10:44:55.311903	2022-06-13 10:44:55.311903	\N	\N	eusheroq	attempting	\N	\N	\N	\N	927	871	971
49	2022-06-13 10:44:50.710304	2022-06-13 10:44:50.710304	\N	\N	oleak1c	breakables	\N	\N	\N	\N	39	927	11
62	2022-06-13 10:44:50.735974	2022-06-13 10:44:50.735974	\N	\N	gcowey1p	gruesomest	\N	\N	\N	\N	473	294	682
67	2022-06-13 10:44:50.739251	2022-06-13 10:44:50.739251	\N	\N	abownde1u	suggesting	\N	\N	\N	\N	462	814	605
70	2022-06-13 10:44:50.741787	2022-06-13 10:44:50.741787	\N	\N	codonovan1x	mainframes	\N	\N	\N	\N	873	569	290
75	2022-06-13 10:44:50.744278	2022-06-13 10:44:50.744278	\N	\N	tkeelan22	tabulation	\N	\N	\N	\N	739	931	30
79	2022-06-13 10:44:50.788782	2022-06-13 10:44:50.788782	\N	\N	cdaventry26	expectancy	\N	\N	\N	\N	433	388	580
83	2022-06-13 10:44:50.89381	2022-06-13 10:44:50.89381	\N	\N	bbaldcock2a	readership	\N	\N	\N	\N	158	165	21
90	2022-06-13 10:44:50.908884	2022-06-13 10:44:50.908884	\N	\N	oponder2h	alphabetic	\N	\N	\N	\N	176	203	898
99	2022-06-13 10:44:50.931058	2022-06-13 10:44:50.931058	\N	\N	efilyukov2q	integrates	\N	\N	\N	\N	443	991	760
107	2022-06-13 10:44:50.955329	2022-06-13 10:44:50.955329	\N	\N	jshimmings2y	bootlegged	\N	\N	\N	\N	572	90	556
115	2022-06-13 10:44:50.978011	2022-06-13 10:44:50.978011	\N	\N	hchampe36	ostracizes	\N	\N	\N	\N	912	640	529
264	2022-06-13 10:44:51.839809	2022-06-13 10:44:51.839809	\N	\N	kkleinmann7b	redressing	\N	\N	\N	\N	635	427	735
284	2022-06-13 10:44:51.911396	2022-06-13 10:44:51.911396	\N	\N	hwalworth7v	substitute	\N	\N	\N	\N	883	230	703
292	2022-06-13 10:44:51.930668	2022-06-13 10:44:51.930668	\N	\N	lmacshirie83	passengers	\N	\N	\N	\N	185	862	16
439	2022-06-13 10:44:52.903132	2022-06-13 10:44:52.903132	\N	\N	emosbyc6	announcers	\N	\N	\N	\N	429	697	268
460	2022-06-13 10:44:52.918864	2022-06-13 10:44:52.918864	\N	\N	elelievrecr	surrenders	\N	\N	\N	\N	714	309	52
468	2022-06-13 10:44:52.946033	2022-06-13 10:44:52.946033	\N	\N	aivanyutincz	bottomless	\N	\N	\N	\N	103	518	763
473	2022-06-13 10:44:52.95293	2022-06-13 10:44:52.95293	\N	\N	rkleiseld4	headmaster	\N	\N	\N	\N	631	884	201
483	2022-06-13 10:44:52.992631	2022-06-13 10:44:52.992631	\N	\N	mslatefordde	extricated	\N	\N	\N	\N	920	217	503
662	2022-06-13 10:44:54.043729	2022-06-13 10:44:54.043729	\N	\N	kritterid	shapeliest	\N	\N	\N	\N	992	917	136
853	2022-06-13 10:44:55.23079	2022-06-13 10:44:55.23079	\N	\N	mmitchleyno	travelings	\N	\N	\N	\N	280	854	131
880	2022-06-13 10:44:55.251397	2022-06-13 10:44:55.251397	\N	\N	irembaudof	obituaries	\N	\N	\N	\N	327	57	777
56	2022-06-13 10:44:50.736074	2022-06-13 10:44:50.736074	\N	\N	mjennins1j	furthering	\N	\N	\N	\N	642	913	153
73	2022-06-13 10:44:50.744089	2022-06-13 10:44:50.744089	\N	\N	adando20	committees	\N	\N	\N	\N	150	9	757
77	2022-06-13 10:44:50.788417	2022-06-13 10:44:50.788417	\N	\N	lmarsie24	impairment	\N	\N	\N	\N	788	340	109
81	2022-06-13 10:44:50.893716	2022-06-13 10:44:50.893716	\N	\N	mhaughton28	starchiest	\N	\N	\N	\N	449	984	412
92	2022-06-13 10:44:50.909219	2022-06-13 10:44:50.909219	\N	\N	nverriour2j	discolored	\N	\N	\N	\N	235	962	946
267	2022-06-13 10:44:51.841204	2022-06-13 10:44:51.841204	\N	\N	areggler7e	accurately	\N	\N	\N	\N	801	156	167
285	2022-06-13 10:44:51.911452	2022-06-13 10:44:51.911452	\N	\N	ktwinbrow7w	lightnings	\N	\N	\N	\N	68	904	199
441	2022-06-13 10:44:52.945018	2022-06-13 10:44:52.945018	\N	\N	cdumpletonc8	alarmingly	\N	\N	\N	\N	880	95	127
668	2022-06-13 10:44:54.086116	2022-06-13 10:44:54.086116	\N	\N	bhearsonij	contriving	\N	\N	\N	\N	970	640	579
691	2022-06-13 10:44:54.128917	2022-06-13 10:44:54.128917	\N	\N	awoolagerj6	floodlight	\N	\N	\N	\N	868	936	9
696	2022-06-13 10:44:54.136512	2022-06-13 10:44:54.136512	\N	\N	vpryelljb	administer	\N	\N	\N	\N	539	57	977
699	2022-06-13 10:44:54.20461	2022-06-13 10:44:54.20461	\N	\N	rterbruggeje	backgammon	\N	\N	\N	\N	325	113	91
861	2022-06-13 10:44:55.254903	2022-06-13 10:44:55.254903	\N	\N	ndemicolinw	connective	\N	\N	\N	\N	661	700	44
892	2022-06-13 10:44:55.312186	2022-06-13 10:44:55.312186	\N	\N	timpsonor	footnoting	\N	\N	\N	\N	491	454	134
898	2022-06-13 10:44:55.344089	2022-06-13 10:44:55.344089	\N	\N	jburlesox	positioned	\N	\N	\N	\N	94	120	623
902	2022-06-13 10:44:55.379165	2022-06-13 10:44:55.379165	\N	\N	mdochonp1	lubricated	\N	\N	\N	\N	753	54	491
915	2022-06-13 10:44:55.401902	2022-06-13 10:44:55.401902	\N	\N	mwitcherpe	influenced	\N	\N	\N	\N	44	598	389
925	2022-06-13 10:44:55.452076	2022-06-13 10:44:55.452076	\N	\N	shindenbergerpo	unbecoming	\N	\N	\N	\N	565	837	686
52	2022-06-13 10:44:50.735829	2022-06-13 10:44:50.735829	\N	\N	kschultz1f	quadruplet	\N	\N	\N	\N	997	177	663
74	2022-06-13 10:44:50.744059	2022-06-13 10:44:50.744059	\N	\N	ccoleborn21	eventually	\N	\N	\N	\N	745	702	855
260	2022-06-13 10:44:51.841973	2022-06-13 10:44:51.841973	\N	\N	psouthouse77	invaliding	\N	\N	\N	\N	696	782	601
286	2022-06-13 10:44:51.912063	2022-06-13 10:44:51.912063	\N	\N	dlumbers7x	testifying	\N	\N	\N	\N	330	560	571
296	2022-06-13 10:44:51.932594	2022-06-13 10:44:51.932594	\N	\N	kjarritt87	incubation	\N	\N	\N	\N	283	606	758
306	2022-06-13 10:44:51.939926	2022-06-13 10:44:51.939926	\N	\N	lzecchinelli8h	countrymen	\N	\N	\N	\N	699	448	456
310	2022-06-13 10:44:52.008192	2022-06-13 10:44:52.008192	\N	\N	uslyvester8l	warehoused	\N	\N	\N	\N	223	934	242
314	2022-06-13 10:44:52.091718	2022-06-13 10:44:52.091718	\N	\N	kepinay8p	confirming	\N	\N	\N	\N	170	521	856
461	2022-06-13 10:44:52.989793	2022-06-13 10:44:52.989793	\N	\N	tloancs	undertakes	\N	\N	\N	\N	729	43	910
491	2022-06-13 10:44:53.015758	2022-06-13 10:44:53.015758	\N	\N	jtelferdm	goldsmiths	\N	\N	\N	\N	953	503	753
494	2022-06-13 10:44:53.019282	2022-06-13 10:44:53.019282	\N	\N	mfilasovdp	repayments	\N	\N	\N	\N	224	28	107
669	2022-06-13 10:44:54.089937	2022-06-13 10:44:54.089937	\N	\N	gfitzsimonik	eliminates	\N	\N	\N	\N	586	896	527
873	2022-06-13 10:44:55.292248	2022-06-13 10:44:55.292248	\N	\N	hmewrciko8	possession	\N	\N	\N	\N	816	426	546
893	2022-06-13 10:44:55.312079	2022-06-13 10:44:55.312079	\N	\N	nomoylaneos	chastising	\N	\N	\N	\N	682	328	682
894	2022-06-13 10:44:55.342986	2022-06-13 10:44:55.342986	\N	\N	psaiceot	breakfasts	\N	\N	\N	\N	822	324	896
901	2022-06-13 10:44:55.34771	2022-06-13 10:44:55.34771	\N	\N	lprattingtonp0	stomaching	\N	\N	\N	\N	62	319	168
907	2022-06-13 10:44:55.381067	2022-06-13 10:44:55.381067	\N	\N	nliesp6	pleasantry	\N	\N	\N	\N	582	85	731
916	2022-06-13 10:44:55.402057	2022-06-13 10:44:55.402057	\N	\N	jscothornepf	loveliness	\N	\N	\N	\N	109	174	904
924	2022-06-13 10:44:55.452148	2022-06-13 10:44:55.452148	\N	\N	ljorypn	cellophane	\N	\N	\N	\N	396	357	276
931	2022-06-13 10:44:55.476464	2022-06-13 10:44:55.476464	\N	\N	gtiffneypu	surplusing	\N	\N	\N	\N	929	982	140
938	2022-06-13 10:44:55.52418	2022-06-13 10:44:55.52418	\N	\N	dlongmeadq1	miniscules	\N	\N	\N	\N	536	36	764
944	2022-06-13 10:44:55.544528	2022-06-13 10:44:55.544528	\N	\N	ableesq7	smattering	\N	\N	\N	\N	937	548	402
949	2022-06-13 10:44:55.552477	2022-06-13 10:44:55.552477	\N	\N	kaldieqc	conjugates	\N	\N	\N	\N	314	960	239
3	2022-06-13 10:44:50.382489	2022-06-13 10:44:50.382489	\N	\N	ktinkler2	instructed	\N	\N	\N	\N	281	864	210
53	2022-06-13 10:44:50.741588	2022-06-13 10:44:50.741588	\N	\N	oaffuso1g	negativing	\N	\N	\N	\N	472	404	592
78	2022-06-13 10:44:50.788562	2022-06-13 10:44:50.788562	\N	\N	irice25	stabilizes	\N	\N	\N	\N	914	337	140
82	2022-06-13 10:44:50.893688	2022-06-13 10:44:50.893688	\N	\N	ffitzmaurice29	renovating	\N	\N	\N	\N	47	261	384
91	2022-06-13 10:44:50.908987	2022-06-13 10:44:50.908987	\N	\N	kcockton2i	windshield	\N	\N	\N	\N	886	293	166
100	2022-06-13 10:44:50.931246	2022-06-13 10:44:50.931246	\N	\N	vyosselevitch2r	transpires	\N	\N	\N	\N	654	489	295
265	2022-06-13 10:44:51.844843	2022-06-13 10:44:51.844843	\N	\N	kboyd7c	exaltation	\N	\N	\N	\N	255	801	622
288	2022-06-13 10:44:51.912573	2022-06-13 10:44:51.912573	\N	\N	nnorthfield7z	proponents	\N	\N	\N	\N	697	792	708
471	2022-06-13 10:44:53.01667	2022-06-13 10:44:53.01667	\N	\N	gseathwrightd2	uniforming	\N	\N	\N	\N	705	632	325
498	2022-06-13 10:44:53.086848	2022-06-13 10:44:53.086848	\N	\N	lattenboroughdt	anarchists	\N	\N	\N	\N	958	263	240
502	2022-06-13 10:44:53.132312	2022-06-13 10:44:53.132312	\N	\N	epridhamdx	incoherent	\N	\N	\N	\N	988	300	515
510	2022-06-13 10:44:53.146887	2022-06-13 10:44:53.146887	\N	\N	djoreaue5	vegetation	\N	\N	\N	\N	952	630	16
517	2022-06-13 10:44:53.166244	2022-06-13 10:44:53.166244	\N	\N	opoverec	liturgical	\N	\N	\N	\N	376	204	173
525	2022-06-13 10:44:53.200679	2022-06-13 10:44:53.200679	\N	\N	bchecchetelliek	completely	\N	\N	\N	\N	61	975	402
534	2022-06-13 10:44:53.20525	2022-06-13 10:44:53.20525	\N	\N	sgossingtonet	emigration	\N	\N	\N	\N	851	667	338
539	2022-06-13 10:44:53.253083	2022-06-13 10:44:53.253083	\N	\N	mdilgarnoey	inaugurals	\N	\N	\N	\N	929	598	540
678	2022-06-13 10:44:54.128446	2022-06-13 10:44:54.128446	\N	\N	dhollingbyit	pulsations	\N	\N	\N	\N	777	649	575
697	2022-06-13 10:44:54.191962	2022-06-13 10:44:54.191962	\N	\N	achidzoyjc	windmilled	\N	\N	\N	\N	790	875	617
702	2022-06-13 10:44:54.205208	2022-06-13 10:44:54.205208	\N	\N	kfilasovjh	stupendous	\N	\N	\N	\N	344	67	102
707	2022-06-13 10:44:54.243152	2022-06-13 10:44:54.243152	\N	\N	aarnoldijm	finickiest	\N	\N	\N	\N	171	139	962
872	2022-06-13 10:44:55.312477	2022-06-13 10:44:55.312477	\N	\N	kcottemo7	hibernates	\N	\N	\N	\N	184	216	91
895	2022-06-13 10:44:55.343377	2022-06-13 10:44:55.343377	\N	\N	rjudeou	staunching	\N	\N	\N	\N	769	753	864
905	2022-06-13 10:44:55.380001	2022-06-13 10:44:55.380001	\N	\N	adelucep4	distortion	\N	\N	\N	\N	965	870	747
63	2022-06-13 10:44:50.787586	2022-06-13 10:44:50.787586	\N	\N	nscotchmer1q	possession	\N	\N	\N	\N	522	161	309
276	2022-06-13 10:44:51.913475	2022-06-13 10:44:51.913475	\N	\N	amazzey7n	formulated	\N	\N	\N	\N	478	803	232
485	2022-06-13 10:44:53.086739	2022-06-13 10:44:53.086739	\N	\N	jlimeburndg	rhapsodies	\N	\N	\N	\N	316	834	791
504	2022-06-13 10:44:53.132858	2022-06-13 10:44:53.132858	\N	\N	gpilburydz	advertised	\N	\N	\N	\N	414	833	694
507	2022-06-13 10:44:53.146011	2022-06-13 10:44:53.146011	\N	\N	nchmiele2	slackening	\N	\N	\N	\N	993	282	999
514	2022-06-13 10:44:53.165789	2022-06-13 10:44:53.165789	\N	\N	jbortoluzzie9	obstructed	\N	\N	\N	\N	388	343	798
522	2022-06-13 10:44:53.200478	2022-06-13 10:44:53.200478	\N	\N	proebottomeh	extracting	\N	\N	\N	\N	496	719	437
532	2022-06-13 10:44:53.204815	2022-06-13 10:44:53.204815	\N	\N	cbakeweller	permissive	\N	\N	\N	\N	63	353	253
543	2022-06-13 10:44:53.25347	2022-06-13 10:44:53.25347	\N	\N	dgeramf2	nutriments	\N	\N	\N	\N	555	983	632
677	2022-06-13 10:44:54.134349	2022-06-13 10:44:54.134349	\N	\N	bfinnis	polynomial	\N	\N	\N	\N	680	37	90
700	2022-06-13 10:44:54.204692	2022-06-13 10:44:54.204692	\N	\N	eleathesjf	freshwater	\N	\N	\N	\N	987	601	409
705	2022-06-13 10:44:54.242913	2022-06-13 10:44:54.242913	\N	\N	tseifenmacherjk	prevalence	\N	\N	\N	\N	876	724	831
718	2022-06-13 10:44:54.248594	2022-06-13 10:44:54.248594	\N	\N	madamowitzjx	admiration	\N	\N	\N	\N	285	767	37
874	2022-06-13 10:44:55.342742	2022-06-13 10:44:55.342742	\N	\N	dtomaschkeo9	equivalent	\N	\N	\N	\N	920	114	476
906	2022-06-13 10:44:55.380922	2022-06-13 10:44:55.380922	\N	\N	obuckelp5	passionate	\N	\N	\N	\N	73	822	161
914	2022-06-13 10:44:55.401735	2022-06-13 10:44:55.401735	\N	\N	wavesonpd	delegating	\N	\N	\N	\N	924	986	156
921	2022-06-13 10:44:55.415906	2022-06-13 10:44:55.415906	\N	\N	gdudlestonepk	refutation	\N	\N	\N	\N	374	621	936
64	2022-06-13 10:44:50.894012	2022-06-13 10:44:50.894012	\N	\N	ccrickett1r	deodorized	\N	\N	\N	\N	64	942	98
93	2022-06-13 10:44:50.909211	2022-06-13 10:44:50.909211	\N	\N	dmaster2k	dumbfounds	\N	\N	\N	\N	387	952	185
102	2022-06-13 10:44:50.931621	2022-06-13 10:44:50.931621	\N	\N	tcurran2t	collection	\N	\N	\N	\N	573	392	477
108	2022-06-13 10:44:50.955732	2022-06-13 10:44:50.955732	\N	\N	mbadham2z	shortening	\N	\N	\N	\N	597	325	213
277	2022-06-13 10:44:51.929084	2022-06-13 10:44:51.929084	\N	\N	hjoret7o	circuitous	\N	\N	\N	\N	815	159	794
484	2022-06-13 10:44:53.086686	2022-06-13 10:44:53.086686	\N	\N	edronsfielddf	thereafter	\N	\N	\N	\N	36	86	981
503	2022-06-13 10:44:53.132852	2022-06-13 10:44:53.132852	\N	\N	ltolcharddy	juggernaut	\N	\N	\N	\N	178	514	167
509	2022-06-13 10:44:53.146868	2022-06-13 10:44:53.146868	\N	\N	pmarnere4	meticulous	\N	\N	\N	\N	405	901	959
515	2022-06-13 10:44:53.165873	2022-06-13 10:44:53.165873	\N	\N	rgisbournea	enactments	\N	\N	\N	\N	172	424	314
526	2022-06-13 10:44:53.200418	2022-06-13 10:44:53.200418	\N	\N	bgaydonel	transgress	\N	\N	\N	\N	445	19	731
531	2022-06-13 10:44:53.204601	2022-06-13 10:44:53.204601	\N	\N	rrennickseq	conclusive	\N	\N	\N	\N	733	1000	326
538	2022-06-13 10:44:53.252947	2022-06-13 10:44:53.252947	\N	\N	wgrenkovex	descendant	\N	\N	\N	\N	518	8	940
685	2022-06-13 10:44:54.175672	2022-06-13 10:44:54.175672	\N	\N	robyj0	stagecoach	\N	\N	\N	\N	745	409	261
881	2022-06-13 10:44:55.346433	2022-06-13 10:44:55.346433	\N	\N	emorehallog	prodigious	\N	\N	\N	\N	748	662	693
68	2022-06-13 10:44:50.894265	2022-06-13 10:44:50.894265	\N	\N	nprestney1v	newspapers	\N	\N	\N	\N	189	880	498
85	2022-06-13 10:44:50.906635	2022-06-13 10:44:50.906635	\N	\N	jokieran2c	interludes	\N	\N	\N	\N	148	696	165
281	2022-06-13 10:44:51.934146	2022-06-13 10:44:51.934146	\N	\N	ksapsford7s	misplacing	\N	\N	\N	\N	12	227	561
308	2022-06-13 10:44:51.941524	2022-06-13 10:44:51.941524	\N	\N	psturman8j	landscapes	\N	\N	\N	\N	249	652	635
479	2022-06-13 10:44:53.132038	2022-06-13 10:44:53.132038	\N	\N	nlebournda	solidified	\N	\N	\N	\N	471	111	197
511	2022-06-13 10:44:53.147133	2022-06-13 10:44:53.147133	\N	\N	tcurleye6	productive	\N	\N	\N	\N	319	216	101
519	2022-06-13 10:44:53.167083	2022-06-13 10:44:53.167083	\N	\N	mtriswellee	enlistment	\N	\N	\N	\N	301	513	413
687	2022-06-13 10:44:54.204887	2022-06-13 10:44:54.204887	\N	\N	glangelaanj2	needlessly	\N	\N	\N	\N	721	212	610
708	2022-06-13 10:44:54.2434	2022-06-13 10:44:54.2434	\N	\N	lmarronjn	boardwalks	\N	\N	\N	\N	873	930	595
715	2022-06-13 10:44:54.248097	2022-06-13 10:44:54.248097	\N	\N	etootellju	unpleasant	\N	\N	\N	\N	64	137	295
719	2022-06-13 10:44:54.266267	2022-06-13 10:44:54.266267	\N	\N	mguisejy	snickering	\N	\N	\N	\N	536	714	576
727	2022-06-13 10:44:54.289919	2022-06-13 10:44:54.289919	\N	\N	sdownhamk6	confidants	\N	\N	\N	\N	45	928	87
888	2022-06-13 10:44:55.380769	2022-06-13 10:44:55.380769	\N	\N	sreineron	expedition	\N	\N	\N	\N	658	66	489
917	2022-06-13 10:44:55.402709	2022-06-13 10:44:55.402709	\N	\N	mmccaullpg	wavelength	\N	\N	\N	\N	547	196	853
922	2022-06-13 10:44:55.451008	2022-06-13 10:44:55.451008	\N	\N	astidstonpl	adulterate	\N	\N	\N	\N	194	346	924
930	2022-06-13 10:44:55.476498	2022-06-13 10:44:55.476498	\N	\N	romolanpt	battleship	\N	\N	\N	\N	694	371	480
939	2022-06-13 10:44:55.524168	2022-06-13 10:44:55.524168	\N	\N	ccharlewoodq2	delimiting	\N	\N	\N	\N	185	137	502
945	2022-06-13 10:44:55.544745	2022-06-13 10:44:55.544745	\N	\N	icafferkyq8	slovenlier	\N	\N	\N	\N	149	785	255
952	2022-06-13 10:44:55.573351	2022-06-13 10:44:55.573351	\N	\N	mpeileqf	perceptive	\N	\N	\N	\N	466	821	687
959	2022-06-13 10:44:55.608598	2022-06-13 10:44:55.608598	\N	\N	amiddellqm	rectifying	\N	\N	\N	\N	189	364	312
71	2022-06-13 10:44:50.894551	2022-06-13 10:44:50.894551	\N	\N	cakram1y	jaywalking	\N	\N	\N	\N	622	382	954
87	2022-06-13 10:44:50.907293	2022-06-13 10:44:50.907293	\N	\N	eborkett2e	conclusive	\N	\N	\N	\N	71	996	311
98	2022-06-13 10:44:50.912293	2022-06-13 10:44:50.912293	\N	\N	pveal2p	advantaged	\N	\N	\N	\N	342	295	551
105	2022-06-13 10:44:50.935036	2022-06-13 10:44:50.935036	\N	\N	rpococke2w	subscriber	\N	\N	\N	\N	920	973	360
111	2022-06-13 10:44:50.975806	2022-06-13 10:44:50.975806	\N	\N	yosmund32	architects	\N	\N	\N	\N	48	634	612
299	2022-06-13 10:44:52.007851	2022-06-13 10:44:52.007851	\N	\N	kwhatford8a	coarseness	\N	\N	\N	\N	896	778	314
315	2022-06-13 10:44:52.09202	2022-06-13 10:44:52.09202	\N	\N	labbis8q	flanneling	\N	\N	\N	\N	715	428	934
487	2022-06-13 10:44:53.145463	2022-06-13 10:44:53.145463	\N	\N	jdillingstonedi	cessations	\N	\N	\N	\N	282	441	123
520	2022-06-13 10:44:53.16709	2022-06-13 10:44:53.16709	\N	\N	glambshineef	admittedly	\N	\N	\N	\N	179	180	510
686	2022-06-13 10:44:54.205172	2022-06-13 10:44:54.205172	\N	\N	bgoddenj1	frequenter	\N	\N	\N	\N	781	774	635
709	2022-06-13 10:44:54.243595	2022-06-13 10:44:54.243595	\N	\N	codempseyjo	synagogues	\N	\N	\N	\N	83	224	926
716	2022-06-13 10:44:54.24819	2022-06-13 10:44:54.24819	\N	\N	cbelfordjv	floundered	\N	\N	\N	\N	955	664	879
720	2022-06-13 10:44:54.266263	2022-06-13 10:44:54.266263	\N	\N	bbrissetjz	expedition	\N	\N	\N	\N	545	895	105
729	2022-06-13 10:44:54.290531	2022-06-13 10:44:54.290531	\N	\N	aipplettk8	suspicions	\N	\N	\N	\N	432	611	452
909	2022-06-13 10:44:55.452516	2022-06-13 10:44:55.452516	\N	\N	icarswellp8	automotive	\N	\N	\N	\N	760	311	241
934	2022-06-13 10:44:55.492965	2022-06-13 10:44:55.492965	\N	\N	ralwaypx	antiquates	\N	\N	\N	\N	22	276	954
72	2022-06-13 10:44:50.894936	2022-06-13 10:44:50.894936	\N	\N	yemslie1z	rationales	\N	\N	\N	\N	119	819	916
88	2022-06-13 10:44:50.907628	2022-06-13 10:44:50.907628	\N	\N	lkenwin2f	regressing	\N	\N	\N	\N	692	980	906
291	2022-06-13 10:44:52.009675	2022-06-13 10:44:52.009675	\N	\N	bmilington82	macaronies	\N	\N	\N	\N	337	727	504
505	2022-06-13 10:44:53.19975	2022-06-13 10:44:53.19975	\N	\N	mbathowee0	speedboats	\N	\N	\N	\N	614	861	346
535	2022-06-13 10:44:53.206824	2022-06-13 10:44:53.206824	\N	\N	omoreteu	quartering	\N	\N	\N	\N	210	153	621
541	2022-06-13 10:44:53.253451	2022-06-13 10:44:53.253451	\N	\N	kslightf0	capitalist	\N	\N	\N	\N	742	525	958
694	2022-06-13 10:44:54.236693	2022-06-13 10:44:54.236693	\N	\N	tiggaldenj9	elliptical	\N	\N	\N	\N	925	945	178
688	2022-06-13 10:44:54.236521	2022-06-13 10:44:54.236521	\N	\N	echarplingj3	remissions	\N	\N	\N	\N	320	145	282
710	2022-06-13 10:44:54.244577	2022-06-13 10:44:54.244577	\N	\N	bscurmanjp	experience	\N	\N	\N	\N	937	673	80
712	2022-06-13 10:44:54.246034	2022-06-13 10:44:54.246034	\N	\N	kiddonsjr	obstetrics	\N	\N	\N	\N	135	585	125
723	2022-06-13 10:44:54.26767	2022-06-13 10:44:54.26767	\N	\N	tevisonk2	delimiting	\N	\N	\N	\N	268	584	578
725	2022-06-13 10:44:54.268045	2022-06-13 10:44:54.268045	\N	\N	owhittleseek4	chargeable	\N	\N	\N	\N	692	745	587
730	2022-06-13 10:44:54.290763	2022-06-13 10:44:54.290763	\N	\N	iizacenkok9	intensives	\N	\N	\N	\N	735	38	580
732	2022-06-13 10:44:54.308464	2022-06-13 10:44:54.308464	\N	\N	bpiotrkowskikb	cautiously	\N	\N	\N	\N	415	11	6
735	2022-06-13 10:44:54.308898	2022-06-13 10:44:54.308898	\N	\N	jmounfieldke	overseeing	\N	\N	\N	\N	205	447	836
741	2022-06-13 10:44:54.362238	2022-06-13 10:44:54.362238	\N	\N	rstartenkk	aboriginal	\N	\N	\N	\N	520	872	20
746	2022-06-13 10:44:54.383888	2022-06-13 10:44:54.383888	\N	\N	nprawlekp	socializes	\N	\N	\N	\N	186	741	25
749	2022-06-13 10:44:54.457637	2022-06-13 10:44:54.457637	\N	\N	ggladdishks	psychiatry	\N	\N	\N	\N	446	96	404
758	2022-06-13 10:44:54.476698	2022-06-13 10:44:54.476698	\N	\N	jlutherl1	clubhouses	\N	\N	\N	\N	921	636	308
763	2022-06-13 10:44:54.48314	2022-06-13 10:44:54.48314	\N	\N	yworralll6	encounters	\N	\N	\N	\N	604	172	918
910	2022-06-13 10:44:55.453272	2022-06-13 10:44:55.453272	\N	\N	jheinssenp9	astronauts	\N	\N	\N	\N	316	738	555
69	2022-06-13 10:44:50.89438	2022-06-13 10:44:50.89438	\N	\N	afirks1w	tightening	\N	\N	\N	\N	141	852	38
86	2022-06-13 10:44:50.906978	2022-06-13 10:44:50.906978	\N	\N	cpetters2d	sprinkling	\N	\N	\N	\N	709	777	283
96	2022-06-13 10:44:50.91191	2022-06-13 10:44:50.91191	\N	\N	mberrey2n	fireplaces	\N	\N	\N	\N	943	454	671
106	2022-06-13 10:44:50.935009	2022-06-13 10:44:50.935009	\N	\N	rmapplethorpe2x	foreigners	\N	\N	\N	\N	22	113	697
112	2022-06-13 10:44:50.97595	2022-06-13 10:44:50.97595	\N	\N	rdilawey33	wholesaled	\N	\N	\N	\N	634	128	65
118	2022-06-13 10:44:51.047018	2022-06-13 10:44:51.047018	\N	\N	gkid39	betrothals	\N	\N	\N	\N	420	111	487
126	2022-06-13 10:44:51.067876	2022-06-13 10:44:51.067876	\N	\N	nfurphy3h	solidified	\N	\N	\N	\N	334	673	485
305	2022-06-13 10:44:52.072401	2022-06-13 10:44:52.072401	\N	\N	clafferty8g	elliptical	\N	\N	\N	\N	781	540	642
317	2022-06-13 10:44:52.092446	2022-06-13 10:44:52.092446	\N	\N	arosin8s	underlines	\N	\N	\N	\N	952	749	987
320	2022-06-13 10:44:52.105649	2022-06-13 10:44:52.105649	\N	\N	cpearle8v	translated	\N	\N	\N	\N	840	878	677
499	2022-06-13 10:44:53.199675	2022-06-13 10:44:53.199675	\N	\N	lcootesdu	ingraining	\N	\N	\N	\N	930	50	754
536	2022-06-13 10:44:53.206748	2022-06-13 10:44:53.206748	\N	\N	mbulteelev	ostensible	\N	\N	\N	\N	599	803	546
540	2022-06-13 10:44:53.253098	2022-06-13 10:44:53.253098	\N	\N	mshawez	recuperate	\N	\N	\N	\N	613	656	970
549	2022-06-13 10:44:53.257529	2022-06-13 10:44:53.257529	\N	\N	fgrimsteadf8	intangible	\N	\N	\N	\N	479	425	939
562	2022-06-13 10:44:53.264368	2022-06-13 10:44:53.264368	\N	\N	eharewoodfl	convenient	\N	\N	\N	\N	699	42	246
564	2022-06-13 10:44:53.284632	2022-06-13 10:44:53.284632	\N	\N	bmasurelfn	antiseptic	\N	\N	\N	\N	47	431	691
569	2022-06-13 10:44:53.354822	2022-06-13 10:44:53.354822	\N	\N	kbetjesfs	panhandles	\N	\N	\N	\N	712	792	126
573	2022-06-13 10:44:53.39044	2022-06-13 10:44:53.39044	\N	\N	dsoamefw	truncating	\N	\N	\N	\N	637	178	976
576	2022-06-13 10:44:53.440999	2022-06-13 10:44:53.440999	\N	\N	rnealyfz	incomplete	\N	\N	\N	\N	896	496	146
582	2022-06-13 10:44:53.470495	2022-06-13 10:44:53.470495	\N	\N	tyouleg5	complicate	\N	\N	\N	\N	752	765	634
703	2022-06-13 10:44:54.27032	2022-06-13 10:44:54.27032	\N	\N	mofiellyji	vacillated	\N	\N	\N	\N	664	135	542
919	2022-06-13 10:44:55.524015	2022-06-13 10:44:55.524015	\N	\N	mvanvuurenpi	hitchhikes	\N	\N	\N	\N	518	315	618
946	2022-06-13 10:44:55.545131	2022-06-13 10:44:55.545131	\N	\N	bkennhamq9	despicable	\N	\N	\N	\N	5	841	811
951	2022-06-13 10:44:55.552881	2022-06-13 10:44:55.552881	\N	\N	rcossonsqe	irrigating	\N	\N	\N	\N	239	46	963
80	2022-06-13 10:44:50.93546	2022-06-13 10:44:50.93546	\N	\N	mshave27	contraband	\N	\N	\N	\N	112	522	278
110	2022-06-13 10:44:50.955833	2022-06-13 10:44:50.955833	\N	\N	hkosiada31	affiliated	\N	\N	\N	\N	94	844	715
113	2022-06-13 10:44:50.976349	2022-06-13 10:44:50.976349	\N	\N	usaffin34	protestors	\N	\N	\N	\N	83	154	73
120	2022-06-13 10:44:51.050694	2022-06-13 10:44:51.050694	\N	\N	fcalbaithe3b	overrating	\N	\N	\N	\N	769	381	970
127	2022-06-13 10:44:51.06837	2022-06-13 10:44:51.06837	\N	\N	dhennington3i	infectious	\N	\N	\N	\N	84	917	71
133	2022-06-13 10:44:51.08887	2022-06-13 10:44:51.08887	\N	\N	laugar3o	duplicates	\N	\N	\N	\N	402	36	737
140	2022-06-13 10:44:51.136791	2022-06-13 10:44:51.136791	\N	\N	gmattingson3v	measurable	\N	\N	\N	\N	855	24	14
301	2022-06-13 10:44:52.072692	2022-06-13 10:44:52.072692	\N	\N	gogus8c	unaccepted	\N	\N	\N	\N	204	898	651
318	2022-06-13 10:44:52.092558	2022-06-13 10:44:52.092558	\N	\N	ccallendar8t	contacting	\N	\N	\N	\N	995	507	802
512	2022-06-13 10:44:53.203147	2022-06-13 10:44:53.203147	\N	\N	asandersone7	demagogues	\N	\N	\N	\N	431	871	572
544	2022-06-13 10:44:53.253503	2022-06-13 10:44:53.253503	\N	\N	egilyattf3	corrosives	\N	\N	\N	\N	573	546	618
711	2022-06-13 10:44:54.308665	2022-06-13 10:44:54.308665	\N	\N	dsothamjq	bloodhound	\N	\N	\N	\N	271	565	370
742	2022-06-13 10:44:54.362197	2022-06-13 10:44:54.362197	\N	\N	bportugalkl	easterlies	\N	\N	\N	\N	634	278	645
747	2022-06-13 10:44:54.384059	2022-06-13 10:44:54.384059	\N	\N	ckunzlerkq	infuriated	\N	\N	\N	\N	88	59	671
918	2022-06-13 10:44:55.543172	2022-06-13 10:44:55.543172	\N	\N	adalmanph	portraying	\N	\N	\N	\N	306	424	713
950	2022-06-13 10:44:55.552775	2022-06-13 10:44:55.552775	\N	\N	trobjentsqd	castigates	\N	\N	\N	\N	572	899	727
89	2022-06-13 10:44:50.977875	2022-06-13 10:44:50.977875	\N	\N	azorzin2g	polarizing	\N	\N	\N	\N	323	709	767
122	2022-06-13 10:44:51.051544	2022-06-13 10:44:51.051544	\N	\N	cgrigoire3d	towellings	\N	\N	\N	\N	571	80	913
129	2022-06-13 10:44:51.06922	2022-06-13 10:44:51.06922	\N	\N	tsibthorp3k	stretchers	\N	\N	\N	\N	230	508	717
135	2022-06-13 10:44:51.089472	2022-06-13 10:44:51.089472	\N	\N	elossman3q	allocation	\N	\N	\N	\N	724	7	685
300	2022-06-13 10:44:52.073011	2022-06-13 10:44:52.073011	\N	\N	oguilloneau8b	injustices	\N	\N	\N	\N	130	598	743
319	2022-06-13 10:44:52.092672	2022-06-13 10:44:52.092672	\N	\N	kgristhwaite8u	maintainer	\N	\N	\N	\N	225	259	828
322	2022-06-13 10:44:52.105855	2022-06-13 10:44:52.105855	\N	\N	lmuzzillo8x	wickedness	\N	\N	\N	\N	704	670	291
528	2022-06-13 10:44:53.253606	2022-06-13 10:44:53.253606	\N	\N	aowttrimen	proprietor	\N	\N	\N	\N	985	655	874
561	2022-06-13 10:44:53.264427	2022-06-13 10:44:53.264427	\N	\N	mbauldryfk	satellites	\N	\N	\N	\N	977	138	226
714	2022-06-13 10:44:54.358184	2022-06-13 10:44:54.358184	\N	\N	jtoejt	signatures	\N	\N	\N	\N	546	85	345
745	2022-06-13 10:44:54.383587	2022-06-13 10:44:54.383587	\N	\N	dromaynesko	confiscate	\N	\N	\N	\N	962	466	924
750	2022-06-13 10:44:54.457601	2022-06-13 10:44:54.457601	\N	\N	smartinetkt	paralyzing	\N	\N	\N	\N	854	267	747
759	2022-06-13 10:44:54.477088	2022-06-13 10:44:54.477088	\N	\N	rmarquesel2	concerting	\N	\N	\N	\N	852	371	257
765	2022-06-13 10:44:54.482613	2022-06-13 10:44:54.482613	\N	\N	deastwoodl8	hypotenuse	\N	\N	\N	\N	503	560	333
923	2022-06-13 10:44:55.544539	2022-06-13 10:44:55.544539	\N	\N	eellgoodpm	timetables	\N	\N	\N	\N	975	907	390
953	2022-06-13 10:44:55.575644	2022-06-13 10:44:55.575644	\N	\N	gapplewhaiteqg	immobilize	\N	\N	\N	\N	375	795	639
960	2022-06-13 10:44:55.608777	2022-06-13 10:44:55.608777	\N	\N	lpendrighqn	formations	\N	\N	\N	\N	528	468	404
964	2022-06-13 10:44:55.649285	2022-06-13 10:44:55.649285	\N	\N	glindupqr	correction	\N	\N	\N	\N	6	481	202
973	2022-06-13 10:44:55.657047	2022-06-13 10:44:55.657047	\N	\N	mkoppker0	bookkeeper	\N	\N	\N	\N	275	931	9
975	2022-06-13 10:44:55.692358	2022-06-13 10:44:55.692358	\N	\N	abackesr2	cornflakes	\N	\N	\N	\N	781	342	614
979	2022-06-13 10:44:55.791561	2022-06-13 10:44:55.791561	\N	\N	dmateusr6	escalation	\N	\N	\N	\N	268	695	58
988	2022-06-13 10:44:55.795464	2022-06-13 10:44:55.795464	\N	\N	mcoatsworthrf	ammunition	\N	\N	\N	\N	793	824	60
993	2022-06-13 10:44:55.894968	2022-06-13 10:44:55.894968	\N	\N	dhatchmanrk	reproached	\N	\N	\N	\N	972	376	597
95	2022-06-13 10:44:50.978743	2022-06-13 10:44:50.978743	\N	\N	fpeltz2m	germinated	\N	\N	\N	\N	665	906	451
123	2022-06-13 10:44:51.051231	2022-06-13 10:44:51.051231	\N	\N	mdonkersley3e	astronomer	\N	\N	\N	\N	60	657	285
128	2022-06-13 10:44:51.068831	2022-06-13 10:44:51.068831	\N	\N	myeowell3j	monumental	\N	\N	\N	\N	75	680	502
137	2022-06-13 10:44:51.089805	2022-06-13 10:44:51.089805	\N	\N	rharmes3s	prejudiced	\N	\N	\N	\N	529	534	428
142	2022-06-13 10:44:51.13755	2022-06-13 10:44:51.13755	\N	\N	estracey3x	accelerate	\N	\N	\N	\N	695	481	49
152	2022-06-13 10:44:51.147974	2022-06-13 10:44:51.147974	\N	\N	akender47	accordions	\N	\N	\N	\N	825	391	746
156	2022-06-13 10:44:51.184872	2022-06-13 10:44:51.184872	\N	\N	skennaird4b	mediocrity	\N	\N	\N	\N	380	384	79
162	2022-06-13 10:44:51.204103	2022-06-13 10:44:51.204103	\N	\N	iarnoult4h	artificial	\N	\N	\N	\N	383	639	189
163	2022-06-13 10:44:51.247111	2022-06-13 10:44:51.247111	\N	\N	hpray4i	ecumenical	\N	\N	\N	\N	308	607	500
170	2022-06-13 10:44:51.249847	2022-06-13 10:44:51.249847	\N	\N	cteodoro4p	overheated	\N	\N	\N	\N	779	229	147
304	2022-06-13 10:44:52.107667	2022-06-13 10:44:52.107667	\N	\N	eleport8f	proficient	\N	\N	\N	\N	835	601	469
332	2022-06-13 10:44:52.14227	2022-06-13 10:44:52.14227	\N	\N	rtwine97	assurances	\N	\N	\N	\N	400	985	784
529	2022-06-13 10:44:53.254603	2022-06-13 10:44:53.254603	\N	\N	lbetteo	programing	\N	\N	\N	\N	980	193	886
560	2022-06-13 10:44:53.264296	2022-06-13 10:44:53.264296	\N	\N	phalshofj	sanctified	\N	\N	\N	\N	5	348	872
726	2022-06-13 10:44:54.360095	2022-06-13 10:44:54.360095	\N	\N	ameadleyk5	barrelling	\N	\N	\N	\N	606	477	718
748	2022-06-13 10:44:54.384198	2022-06-13 10:44:54.384198	\N	\N	dremingtonkr	responding	\N	\N	\N	\N	276	3	116
937	2022-06-13 10:44:55.60763	2022-06-13 10:44:55.60763	\N	\N	ngippsq0	containing	\N	\N	\N	\N	122	827	720
103	2022-06-13 10:44:51.049609	2022-06-13 10:44:51.049609	\N	\N	aedgeson2u	subverting	\N	\N	\N	\N	667	580	783
130	2022-06-13 10:44:51.069252	2022-06-13 10:44:51.069252	\N	\N	wschult3l	captioning	\N	\N	\N	\N	257	78	137
134	2022-06-13 10:44:51.089461	2022-06-13 10:44:51.089461	\N	\N	khalliday3p	prostrated	\N	\N	\N	\N	29	49	361
144	2022-06-13 10:44:51.137657	2022-06-13 10:44:51.137657	\N	\N	ssuggate3z	suspenders	\N	\N	\N	\N	591	975	948
151	2022-06-13 10:44:51.148475	2022-06-13 10:44:51.148475	\N	\N	bmacginney46	enlistment	\N	\N	\N	\N	901	100	289
159	2022-06-13 10:44:51.185292	2022-06-13 10:44:51.185292	\N	\N	pitzkowicz4e	admonishes	\N	\N	\N	\N	685	217	631
165	2022-06-13 10:44:51.247265	2022-06-13 10:44:51.247265	\N	\N	pweldrake4k	profounder	\N	\N	\N	\N	171	491	248
174	2022-06-13 10:44:51.269146	2022-06-13 10:44:51.269146	\N	\N	bbroune4t	defensible	\N	\N	\N	\N	628	214	880
186	2022-06-13 10:44:51.290176	2022-06-13 10:44:51.290176	\N	\N	ckleanthous55	crayfishes	\N	\N	\N	\N	105	354	871
309	2022-06-13 10:44:52.123447	2022-06-13 10:44:52.123447	\N	\N	nbernardelli8k	specialist	\N	\N	\N	\N	907	650	747
333	2022-06-13 10:44:52.150903	2022-06-13 10:44:52.150903	\N	\N	chayne98	pronounced	\N	\N	\N	\N	286	873	521
336	2022-06-13 10:44:52.176755	2022-06-13 10:44:52.176755	\N	\N	lkidby9b	magnitudes	\N	\N	\N	\N	11	344	533
554	2022-06-13 10:44:53.352025	2022-06-13 10:44:53.352025	\N	\N	fbundeyfd	weightiest	\N	\N	\N	\N	358	10	7
572	2022-06-13 10:44:53.390771	2022-06-13 10:44:53.390771	\N	\N	rcoddfv	dispossess	\N	\N	\N	\N	971	382	114
579	2022-06-13 10:44:53.441338	2022-06-13 10:44:53.441338	\N	\N	rmaniong2	certifying	\N	\N	\N	\N	516	536	239
583	2022-06-13 10:44:53.470555	2022-06-13 10:44:53.470555	\N	\N	gdrynang6	hoodwinked	\N	\N	\N	\N	110	339	830
590	2022-06-13 10:44:53.510448	2022-06-13 10:44:53.510448	\N	\N	mpercygd	underpants	\N	\N	\N	\N	159	592	435
738	2022-06-13 10:44:54.43511	2022-06-13 10:44:54.43511	\N	\N	jwhaphamkh	butchering	\N	\N	\N	\N	370	150	928
754	2022-06-13 10:44:54.458927	2022-06-13 10:44:54.458927	\N	\N	vliliankx	menageries	\N	\N	\N	\N	816	672	936
755	2022-06-13 10:44:54.47371	2022-06-13 10:44:54.47371	\N	\N	abuckthoughtky	beautified	\N	\N	\N	\N	883	493	868
761	2022-06-13 10:44:54.481276	2022-06-13 10:44:54.481276	\N	\N	tbrewettl4	hyphenates	\N	\N	\N	\N	492	594	395
769	2022-06-13 10:44:54.536534	2022-06-13 10:44:54.536534	\N	\N	ngourlielc	pummelling	\N	\N	\N	\N	991	893	810
941	2022-06-13 10:44:55.607564	2022-06-13 10:44:55.607564	\N	\N	ddelazenneq4	exemptions	\N	\N	\N	\N	395	610	926
961	2022-06-13 10:44:55.616978	2022-06-13 10:44:55.616978	\N	\N	dodegaardqo	reservoirs	\N	\N	\N	\N	502	482	62
966	2022-06-13 10:44:55.650749	2022-06-13 10:44:55.650749	\N	\N	tzarfatqt	overpasses	\N	\N	\N	\N	315	771	499
969	2022-06-13 10:44:55.653533	2022-06-13 10:44:55.653533	\N	\N	mmaccomiskeyqw	smattering	\N	\N	\N	\N	88	620	341
974	2022-06-13 10:44:55.662876	2022-06-13 10:44:55.662876	\N	\N	anendickr1	dumbfounds	\N	\N	\N	\N	899	968	977
104	2022-06-13 10:44:51.053273	2022-06-13 10:44:51.053273	\N	\N	vpleven2v	connectors	\N	\N	\N	\N	470	944	478
131	2022-06-13 10:44:51.069237	2022-06-13 10:44:51.069237	\N	\N	hspellacey3m	watersheds	\N	\N	\N	\N	620	67	630
136	2022-06-13 10:44:51.089839	2022-06-13 10:44:51.089839	\N	\N	bstallen3r	intersects	\N	\N	\N	\N	137	955	905
141	2022-06-13 10:44:51.137191	2022-06-13 10:44:51.137191	\N	\N	ivasilechko3w	prophecies	\N	\N	\N	\N	784	135	186
150	2022-06-13 10:44:51.148878	2022-06-13 10:44:51.148878	\N	\N	hwaber45	structural	\N	\N	\N	\N	973	987	951
158	2022-06-13 10:44:51.185093	2022-06-13 10:44:51.185093	\N	\N	creville4d	decoration	\N	\N	\N	\N	208	703	362
166	2022-06-13 10:44:51.247426	2022-06-13 10:44:51.247426	\N	\N	mstratford4l	neutralize	\N	\N	\N	\N	756	153	944
171	2022-06-13 10:44:51.268596	2022-06-13 10:44:51.268596	\N	\N	njahn4q	veterinary	\N	\N	\N	\N	546	330	779
182	2022-06-13 10:44:51.289647	2022-06-13 10:44:51.289647	\N	\N	psoden51	paperbacks	\N	\N	\N	\N	822	901	436
188	2022-06-13 10:44:51.292985	2022-06-13 10:44:51.292985	\N	\N	ofishley57	enveloping	\N	\N	\N	\N	121	950	863
194	2022-06-13 10:44:51.357478	2022-06-13 10:44:51.357478	\N	\N	scutts5d	battalions	\N	\N	\N	\N	213	60	772
202	2022-06-13 10:44:51.376442	2022-06-13 10:44:51.376442	\N	\N	tforshaw5l	retirement	\N	\N	\N	\N	556	618	344
211	2022-06-13 10:44:51.426015	2022-06-13 10:44:51.426015	\N	\N	rdadds5u	obtainable	\N	\N	\N	\N	233	345	267
220	2022-06-13 10:44:51.459547	2022-06-13 10:44:51.459547	\N	\N	ahousby63	adornments	\N	\N	\N	\N	377	951	997
223	2022-06-13 10:44:51.477578	2022-06-13 10:44:51.477578	\N	\N	aschroder66	legalistic	\N	\N	\N	\N	412	683	274
232	2022-06-13 10:44:51.530871	2022-06-13 10:44:51.530871	\N	\N	pdaft6f	predefined	\N	\N	\N	\N	448	611	801
236	2022-06-13 10:44:51.552447	2022-06-13 10:44:51.552447	\N	\N	kstedmond6j	dressmaker	\N	\N	\N	\N	80	572	470
313	2022-06-13 10:44:52.14966	2022-06-13 10:44:52.14966	\N	\N	rroyste8o	cherishing	\N	\N	\N	\N	427	746	564
555	2022-06-13 10:44:53.35216	2022-06-13 10:44:53.35216	\N	\N	ebrandofe	exuberance	\N	\N	\N	\N	66	846	597
574	2022-06-13 10:44:53.390782	2022-06-13 10:44:53.390782	\N	\N	ewhaphamfx	suppressed	\N	\N	\N	\N	795	828	286
578	2022-06-13 10:44:53.441184	2022-06-13 10:44:53.441184	\N	\N	ccreweg1	treadmills	\N	\N	\N	\N	840	527	293
731	2022-06-13 10:44:54.457456	2022-06-13 10:44:54.457456	\N	\N	lcassiuska	releasable	\N	\N	\N	\N	19	314	162
958	2022-06-13 10:44:55.768915	2022-06-13 10:44:55.768915	\N	\N	adanzelmanql	epileptics	\N	\N	\N	\N	296	448	734
117	2022-06-13 10:44:51.108484	2022-06-13 10:44:51.108484	\N	\N	kcollar38	custodians	\N	\N	\N	\N	613	129	419
146	2022-06-13 10:44:51.138656	2022-06-13 10:44:51.138656	\N	\N	daxby41	duplicates	\N	\N	\N	\N	775	298	722
154	2022-06-13 10:44:51.147914	2022-06-13 10:44:51.147914	\N	\N	cblackman49	throughput	\N	\N	\N	\N	209	806	237
157	2022-06-13 10:44:51.18503	2022-06-13 10:44:51.18503	\N	\N	goman4c	squabbling	\N	\N	\N	\N	682	353	734
312	2022-06-13 10:44:52.150638	2022-06-13 10:44:52.150638	\N	\N	ahrinchenko8n	attendants	\N	\N	\N	\N	966	361	45
339	2022-06-13 10:44:52.193791	2022-06-13 10:44:52.193791	\N	\N	wnutty9e	ornamented	\N	\N	\N	\N	214	271	390
345	2022-06-13 10:44:52.253791	2022-06-13 10:44:52.253791	\N	\N	cconvery9k	conspiring	\N	\N	\N	\N	69	104	894
353	2022-06-13 10:44:52.272765	2022-06-13 10:44:52.272765	\N	\N	afitzsymon9s	obligation	\N	\N	\N	\N	440	780	600
558	2022-06-13 10:44:53.389327	2022-06-13 10:44:53.389327	\N	\N	jchownfh	clattering	\N	\N	\N	\N	356	642	654
743	2022-06-13 10:44:54.476618	2022-06-13 10:44:54.476618	\N	\N	wsambrookkm	armadillos	\N	\N	\N	\N	399	990	108
967	2022-06-13 10:44:55.775631	2022-06-13 10:44:55.775631	\N	\N	mtreadawayqu	inaugurate	\N	\N	\N	\N	71	634	887
124	2022-06-13 10:44:51.110371	2022-06-13 10:44:51.110371	\N	\N	cgaskill3f	inordinate	\N	\N	\N	\N	970	187	981
145	2022-06-13 10:44:51.137935	2022-06-13 10:44:51.137935	\N	\N	fmccue40	responsive	\N	\N	\N	\N	601	117	639
153	2022-06-13 10:44:51.147991	2022-06-13 10:44:51.147991	\N	\N	bapril48	accomplish	\N	\N	\N	\N	631	487	544
326	2022-06-13 10:44:52.194056	2022-06-13 10:44:52.194056	\N	\N	eeversley91	bricklayer	\N	\N	\N	\N	658	260	537
341	2022-06-13 10:44:52.234081	2022-06-13 10:44:52.234081	\N	\N	arable9g	postponing	\N	\N	\N	\N	839	891	23
346	2022-06-13 10:44:52.254206	2022-06-13 10:44:52.254206	\N	\N	llavarack9l	expatriate	\N	\N	\N	\N	85	190	917
563	2022-06-13 10:44:53.390465	2022-06-13 10:44:53.390465	\N	\N	lhedgesfm	resumption	\N	\N	\N	\N	574	819	140
580	2022-06-13 10:44:53.441302	2022-06-13 10:44:53.441302	\N	\N	hnasebyg3	constitute	\N	\N	\N	\N	100	515	306
585	2022-06-13 10:44:53.470959	2022-06-13 10:44:53.470959	\N	\N	rickovicg8	respecting	\N	\N	\N	\N	6	571	227
591	2022-06-13 10:44:53.510486	2022-06-13 10:44:53.510486	\N	\N	gambroisinge	hitchhiked	\N	\N	\N	\N	718	696	119
753	2022-06-13 10:44:54.538266	2022-06-13 10:44:54.538266	\N	\N	gansticekw	uncultured	\N	\N	\N	\N	230	612	460
756	2022-06-13 10:44:54.538226	2022-06-13 10:44:54.538226	\N	\N	medmanskz	sororities	\N	\N	\N	\N	41	815	710
773	2022-06-13 10:44:54.572841	2022-06-13 10:44:54.572841	\N	\N	atetlalg	hypotheses	\N	\N	\N	\N	323	22	644
772	2022-06-13 10:44:54.572863	2022-06-13 10:44:54.572863	\N	\N	syepiskovlf	uncultured	\N	\N	\N	\N	950	210	252
777	2022-06-13 10:44:54.575486	2022-06-13 10:44:54.575486	\N	\N	tspurdenlk	timetables	\N	\N	\N	\N	156	434	200
779	2022-06-13 10:44:54.593532	2022-06-13 10:44:54.593532	\N	\N	rproscheklm	customizes	\N	\N	\N	\N	84	90	557
781	2022-06-13 10:44:54.639103	2022-06-13 10:44:54.639103	\N	\N	sbitchenerlo	interfered	\N	\N	\N	\N	792	82	427
786	2022-06-13 10:44:54.684436	2022-06-13 10:44:54.684436	\N	\N	swaldronlt	injunction	\N	\N	\N	\N	206	512	286
972	2022-06-13 10:44:55.776113	2022-06-13 10:44:55.776113	\N	\N	divchenkoqz	meddlesome	\N	\N	\N	\N	382	997	482
983	2022-06-13 10:44:55.792441	2022-06-13 10:44:55.792441	\N	\N	mgleyra	tantamount	\N	\N	\N	\N	404	9	75
991	2022-06-13 10:44:55.79694	2022-06-13 10:44:55.79694	\N	\N	marnholzri	respecting	\N	\N	\N	\N	998	633	380
138	2022-06-13 10:44:51.184782	2022-06-13 10:44:51.184782	\N	\N	ndosdale3t	decapitate	\N	\N	\N	\N	726	754	887
167	2022-06-13 10:44:51.247731	2022-06-13 10:44:51.247731	\N	\N	rrobel4m	bridesmaid	\N	\N	\N	\N	548	733	755
173	2022-06-13 10:44:51.269044	2022-06-13 10:44:51.269044	\N	\N	mfairholme4s	population	\N	\N	\N	\N	278	615	611
323	2022-06-13 10:44:52.225289	2022-06-13 10:44:52.225289	\N	\N	schase8y	delivering	\N	\N	\N	\N	984	791	857
342	2022-06-13 10:44:52.234862	2022-06-13 10:44:52.234862	\N	\N	dlebatteur9h	positively	\N	\N	\N	\N	770	318	191
349	2022-06-13 10:44:52.255571	2022-06-13 10:44:52.255571	\N	\N	bporte9o	concession	\N	\N	\N	\N	347	314	726
570	2022-06-13 10:44:53.470264	2022-06-13 10:44:53.470264	\N	\N	vjanceyft	horseshoes	\N	\N	\N	\N	181	403	241
757	2022-06-13 10:44:54.593395	2022-06-13 10:44:54.593395	\N	\N	rodneyl0	bewildered	\N	\N	\N	\N	885	953	675
970	2022-06-13 10:44:55.776028	2022-06-13 10:44:55.776028	\N	\N	pdemangeonqx	occasioned	\N	\N	\N	\N	114	902	262
139	2022-06-13 10:44:51.188337	2022-06-13 10:44:51.188337	\N	\N	mcrookall3u	transgress	\N	\N	\N	\N	199	579	396
168	2022-06-13 10:44:51.247573	2022-06-13 10:44:51.247573	\N	\N	katter4n	personable	\N	\N	\N	\N	902	446	625
330	2022-06-13 10:44:52.23438	2022-06-13 10:44:52.23438	\N	\N	coloshkin95	prostrated	\N	\N	\N	\N	575	694	464
347	2022-06-13 10:44:52.254306	2022-06-13 10:44:52.254306	\N	\N	nneely9m	captivates	\N	\N	\N	\N	502	258	939
351	2022-06-13 10:44:52.272068	2022-06-13 10:44:52.272068	\N	\N	rpfeffle9q	conscience	\N	\N	\N	\N	349	380	550
357	2022-06-13 10:44:52.294651	2022-06-13 10:44:52.294651	\N	\N	ckarpenko9w	scoundrels	\N	\N	\N	\N	396	543	649
361	2022-06-13 10:44:52.358729	2022-06-13 10:44:52.358729	\N	\N	adunmuira0	dedication	\N	\N	\N	\N	405	444	443
363	2022-06-13 10:44:52.415705	2022-06-13 10:44:52.415705	\N	\N	jandrionia2	eigenvalue	\N	\N	\N	\N	994	547	312
369	2022-06-13 10:44:52.439585	2022-06-13 10:44:52.439585	\N	\N	fmeatesa8	laceration	\N	\N	\N	\N	186	493	318
378	2022-06-13 10:44:52.47411	2022-06-13 10:44:52.47411	\N	\N	klaundonah	rehearsals	\N	\N	\N	\N	972	905	195
381	2022-06-13 10:44:52.524275	2022-06-13 10:44:52.524275	\N	\N	rtrainak	experiment	\N	\N	\N	\N	172	130	111
391	2022-06-13 10:44:52.544115	2022-06-13 10:44:52.544115	\N	\N	jrosenbushau	coastlines	\N	\N	\N	\N	236	576	19
395	2022-06-13 10:44:52.566894	2022-06-13 10:44:52.566894	\N	\N	dmatisay	recruiting	\N	\N	\N	\N	939	723	209
399	2022-06-13 10:44:52.649757	2022-06-13 10:44:52.649757	\N	\N	ctilbeyb2	classifies	\N	\N	\N	\N	72	160	228
402	2022-06-13 10:44:52.677136	2022-06-13 10:44:52.677136	\N	\N	mcastiglioneb5	misfortune	\N	\N	\N	\N	1000	454	796
409	2022-06-13 10:44:52.686208	2022-06-13 10:44:52.686208	\N	\N	cespleybc	bloodhound	\N	\N	\N	\N	590	61	706
416	2022-06-13 10:44:52.706985	2022-06-13 10:44:52.706985	\N	\N	gsisnerosbj	reschedule	\N	\N	\N	\N	206	428	974
421	2022-06-13 10:44:52.710044	2022-06-13 10:44:52.710044	\N	\N	atenauntbo	sacrificed	\N	\N	\N	\N	326	873	124
567	2022-06-13 10:44:53.470357	2022-06-13 10:44:53.470357	\N	\N	jdeverilfq	revisiting	\N	\N	\N	\N	933	414	11
593	2022-06-13 10:44:53.51064	2022-06-13 10:44:53.51064	\N	\N	awynngg	colloquial	\N	\N	\N	\N	931	459	582
766	2022-06-13 10:44:54.639784	2022-06-13 10:44:54.639784	\N	\N	dgonsalvezl9	mysterious	\N	\N	\N	\N	633	249	893
968	2022-06-13 10:44:55.778622	2022-06-13 10:44:55.778622	\N	\N	ajanewayqv	terrorizes	\N	\N	\N	\N	598	906	246
984	2022-06-13 10:44:55.792439	2022-06-13 10:44:55.792439	\N	\N	lgaveltonerb	pineapples	\N	\N	\N	\N	554	295	352
990	2022-06-13 10:44:55.796888	2022-06-13 10:44:55.796888	\N	\N	tashburnerh	reassuring	\N	\N	\N	\N	18	666	1000
994	2022-06-13 10:44:55.894996	2022-06-13 10:44:55.894996	\N	\N	lbestonrl	ceremonial	\N	\N	\N	\N	795	64	136
147	2022-06-13 10:44:51.246968	2022-06-13 10:44:51.246968	\N	\N	ateasdale42	containing	\N	\N	\N	\N	193	288	108
175	2022-06-13 10:44:51.26934	2022-06-13 10:44:51.26934	\N	\N	mreisenberg4u	complexion	\N	\N	\N	\N	549	333	102
183	2022-06-13 10:44:51.289786	2022-06-13 10:44:51.289786	\N	\N	jcalvie52	hostessing	\N	\N	\N	\N	928	66	799
189	2022-06-13 10:44:51.29417	2022-06-13 10:44:51.29417	\N	\N	vhockell58	mistrusted	\N	\N	\N	\N	409	689	401
195	2022-06-13 10:44:51.357499	2022-06-13 10:44:51.357499	\N	\N	emilesap5e	outshining	\N	\N	\N	\N	737	91	594
203	2022-06-13 10:44:51.376463	2022-06-13 10:44:51.376463	\N	\N	apulver5m	cataclysms	\N	\N	\N	\N	967	323	812
210	2022-06-13 10:44:51.425872	2022-06-13 10:44:51.425872	\N	\N	dbransby5t	clothespin	\N	\N	\N	\N	753	176	616
337	2022-06-13 10:44:52.356757	2022-06-13 10:44:52.356757	\N	\N	bdiaper9c	snowstorms	\N	\N	\N	\N	679	581	188
364	2022-06-13 10:44:52.415898	2022-06-13 10:44:52.415898	\N	\N	mmorrisha3	mollifying	\N	\N	\N	\N	302	195	557
371	2022-06-13 10:44:52.437956	2022-06-13 10:44:52.437956	\N	\N	fhannahaa	snowstorms	\N	\N	\N	\N	81	145	135
376	2022-06-13 10:44:52.477703	2022-06-13 10:44:52.477703	\N	\N	bheasemanaf	gracefully	\N	\N	\N	\N	32	247	251
571	2022-06-13 10:44:53.470961	2022-06-13 10:44:53.470961	\N	\N	amcinteefu	remarkable	\N	\N	\N	\N	773	255	230
768	2022-06-13 10:44:54.639836	2022-06-13 10:44:54.639836	\N	\N	gbourdicelb	microwaved	\N	\N	\N	\N	298	303	451
789	2022-06-13 10:44:54.719763	2022-06-13 10:44:54.719763	\N	\N	wkenealylw	legislates	\N	\N	\N	\N	17	618	422
957	2022-06-13 10:44:55.791071	2022-06-13 10:44:55.791071	\N	\N	dcopinqk	hailstones	\N	\N	\N	\N	83	480	820
148	2022-06-13 10:44:51.249157	2022-06-13 10:44:51.249157	\N	\N	tlighterness43	defendants	\N	\N	\N	\N	187	545	103
344	2022-06-13 10:44:52.357541	2022-06-13 10:44:52.357541	\N	\N	hovenell9j	traitorous	\N	\N	\N	\N	740	468	748
575	2022-06-13 10:44:53.552187	2022-06-13 10:44:53.552187	\N	\N	bbrigstockfy	blissfully	\N	\N	\N	\N	696	681	177
604	2022-06-13 10:44:53.562084	2022-06-13 10:44:53.562084	\N	\N	abradmoregr	overturned	\N	\N	\N	\N	865	902	63
767	2022-06-13 10:44:54.640891	2022-06-13 10:44:54.640891	\N	\N	ispurgela	portfolios	\N	\N	\N	\N	882	707	838
788	2022-06-13 10:44:54.71958	2022-06-13 10:44:54.71958	\N	\N	jvaughnlv	banqueting	\N	\N	\N	\N	507	675	859
987	2022-06-13 10:44:55.833814	2022-06-13 10:44:55.833814	\N	\N	korganerre	sufficient	\N	\N	\N	\N	799	936	976
996	2022-06-13 10:44:55.895233	2022-06-13 10:44:55.895233	\N	\N	ldawnayrn	headstrong	\N	\N	\N	\N	451	429	214
997	2022-06-13 10:44:55.909427	2022-06-13 10:44:55.909427	\N	\N	crosenbargro	engagement	\N	\N	\N	\N	376	594	177
155	2022-06-13 10:44:51.249554	2022-06-13 10:44:51.249554	\N	\N	jislep4a	coherently	\N	\N	\N	\N	206	183	721
177	2022-06-13 10:44:51.269848	2022-06-13 10:44:51.269848	\N	\N	ngregon4w	lifeguards	\N	\N	\N	\N	285	717	839
184	2022-06-13 10:44:51.289858	2022-06-13 10:44:51.289858	\N	\N	dtrahar53	prophesies	\N	\N	\N	\N	992	582	176
193	2022-06-13 10:44:51.34184	2022-06-13 10:44:51.34184	\N	\N	gbennoe5c	affordable	\N	\N	\N	\N	505	282	762
200	2022-06-13 10:44:51.374272	2022-06-13 10:44:51.374272	\N	\N	ekoschek5j	synthetics	\N	\N	\N	\N	602	608	482
343	2022-06-13 10:44:52.359929	2022-06-13 10:44:52.359929	\N	\N	bcropper9i	vaccinates	\N	\N	\N	\N	609	502	17
366	2022-06-13 10:44:52.416205	2022-06-13 10:44:52.416205	\N	\N	gbielfelda5	appraisals	\N	\N	\N	\N	299	431	208
370	2022-06-13 10:44:52.436974	2022-06-13 10:44:52.436974	\N	\N	nmcconachiea9	foodstuffs	\N	\N	\N	\N	871	74	163
374	2022-06-13 10:44:52.472316	2022-06-13 10:44:52.472316	\N	\N	dturrellad	retrospect	\N	\N	\N	\N	989	4	572
380	2022-06-13 10:44:52.508036	2022-06-13 10:44:52.508036	\N	\N	snormabellaj	chandelier	\N	\N	\N	\N	910	829	586
387	2022-06-13 10:44:52.540193	2022-06-13 10:44:52.540193	\N	\N	efrearsaq	disrespect	\N	\N	\N	\N	271	370	435
586	2022-06-13 10:44:53.552388	2022-06-13 10:44:53.552388	\N	\N	rjendruschg9	marshalled	\N	\N	\N	\N	138	221	768
603	2022-06-13 10:44:53.5615	2022-06-13 10:44:53.5615	\N	\N	sluchelligq	definitely	\N	\N	\N	\N	719	386	390
608	2022-06-13 10:44:53.636077	2022-06-13 10:44:53.636077	\N	\N	vrihosekgv	deodorized	\N	\N	\N	\N	377	578	109
613	2022-06-13 10:44:53.673416	2022-06-13 10:44:53.673416	\N	\N	bharwickh0	affidavits	\N	\N	\N	\N	720	400	149
774	2022-06-13 10:44:54.684919	2022-06-13 10:44:54.684919	\N	\N	irykertlh	miscarried	\N	\N	\N	\N	82	942	285
790	2022-06-13 10:44:54.720516	2022-06-13 10:44:54.720516	\N	\N	rstillwelllx	captivates	\N	\N	\N	\N	235	591	14
986	2022-06-13 10:44:55.909288	2022-06-13 10:44:55.909288	\N	\N	jlowdyanerd	iridescent	\N	\N	\N	\N	549	248	616
169	2022-06-13 10:44:51.288095	2022-06-13 10:44:51.288095	\N	\N	gduckhouse4o	misreading	\N	\N	\N	\N	397	993	574
192	2022-06-13 10:44:51.341708	2022-06-13 10:44:51.341708	\N	\N	amcvaugh5b	snickering	\N	\N	\N	\N	646	48	655
199	2022-06-13 10:44:51.374174	2022-06-13 10:44:51.374174	\N	\N	jmacmenamie5i	zigzagging	\N	\N	\N	\N	379	312	223
205	2022-06-13 10:44:51.378097	2022-06-13 10:44:51.378097	\N	\N	tdougharty5o	invaluable	\N	\N	\N	\N	360	795	984
214	2022-06-13 10:44:51.42639	2022-06-13 10:44:51.42639	\N	\N	springuer5x	remodeling	\N	\N	\N	\N	878	64	619
218	2022-06-13 10:44:51.459305	2022-06-13 10:44:51.459305	\N	\N	ahamments61	despatches	\N	\N	\N	\N	963	301	480
222	2022-06-13 10:44:51.477308	2022-06-13 10:44:51.477308	\N	\N	cizac65	magistrate	\N	\N	\N	\N	161	377	584
355	2022-06-13 10:44:52.414352	2022-06-13 10:44:52.414352	\N	\N	mflowers9u	promontory	\N	\N	\N	\N	850	151	352
372	2022-06-13 10:44:52.437712	2022-06-13 10:44:52.437712	\N	\N	mkissackab	vaccinates	\N	\N	\N	\N	319	872	559
375	2022-06-13 10:44:52.472446	2022-06-13 10:44:52.472446	\N	\N	iwillshawae	dissolving	\N	\N	\N	\N	434	855	197
581	2022-06-13 10:44:53.554273	2022-06-13 10:44:53.554273	\N	\N	oillyesg4	skyrockets	\N	\N	\N	\N	945	704	391
605	2022-06-13 10:44:53.56205	2022-06-13 10:44:53.56205	\N	\N	gvlasovgs	waterworks	\N	\N	\N	\N	819	661	231
607	2022-06-13 10:44:53.63604	2022-06-13 10:44:53.63604	\N	\N	rposnettegu	bamboozled	\N	\N	\N	\N	608	62	684
780	2022-06-13 10:44:54.719953	2022-06-13 10:44:54.719953	\N	\N	jcrispinln	cashiering	\N	\N	\N	\N	261	877	862
985	2022-06-13 10:44:55.912187	2022-06-13 10:44:55.912187	\N	\N	bslineyrc	pilgrimage	\N	\N	\N	\N	181	63	415
161	2022-06-13 10:44:51.288026	2022-06-13 10:44:51.288026	\N	\N	srilston4g	investment	\N	\N	\N	\N	384	530	39
191	2022-06-13 10:44:51.341673	2022-06-13 10:44:51.341673	\N	\N	cpullin5a	editorials	\N	\N	\N	\N	649	603	297
198	2022-06-13 10:44:51.374046	2022-06-13 10:44:51.374046	\N	\N	sjurczik5h	pronounced	\N	\N	\N	\N	570	538	698
206	2022-06-13 10:44:51.377942	2022-06-13 10:44:51.377942	\N	\N	hcotilard5p	prostrates	\N	\N	\N	\N	954	612	859
356	2022-06-13 10:44:52.435928	2022-06-13 10:44:52.435928	\N	\N	fmattiessen9v	biological	\N	\N	\N	\N	99	911	43
587	2022-06-13 10:44:53.555641	2022-06-13 10:44:53.555641	\N	\N	jgraddonga	inevitable	\N	\N	\N	\N	393	389	335
606	2022-06-13 10:44:53.635891	2022-06-13 10:44:53.635891	\N	\N	tguittongt	headlights	\N	\N	\N	\N	757	898	198
778	2022-06-13 10:44:54.719904	2022-06-13 10:44:54.719904	\N	\N	hlanganll	culminates	\N	\N	\N	\N	215	894	375
1000	2022-06-13 10:44:55.951063	2022-06-13 10:44:55.951063	\N	\N	jnotleyrr	disquieted	\N	\N	\N	\N	823	530	819
179	2022-06-13 10:44:51.342164	2022-06-13 10:44:51.342164	\N	\N	abrooke4y	callousing	\N	\N	\N	\N	35	763	845
362	2022-06-13 10:44:52.472438	2022-06-13 10:44:52.472438	\N	\N	dratiea1	euphemisms	\N	\N	\N	\N	266	277	70
589	2022-06-13 10:44:53.651811	2022-06-13 10:44:53.651811	\N	\N	jparkinsongc	speculated	\N	\N	\N	\N	871	701	708
615	2022-06-13 10:44:53.697451	2022-06-13 10:44:53.697451	\N	\N	bvergoh2	outputting	\N	\N	\N	\N	800	490	47
622	2022-06-13 10:44:53.729251	2022-06-13 10:44:53.729251	\N	\N	hwhallh9	worshipped	\N	\N	\N	\N	768	786	94
627	2022-06-13 10:44:53.78594	2022-06-13 10:44:53.78594	\N	\N	erumblehe	laundering	\N	\N	\N	\N	360	158	864
775	2022-06-13 10:44:54.755888	2022-06-13 10:44:54.755888	\N	\N	bboddyli	slenderest	\N	\N	\N	\N	118	856	938
804	2022-06-13 10:44:54.763843	2022-06-13 10:44:54.763843	\N	\N	rsnodingmb	solidified	\N	\N	\N	\N	406	798	987
807	2022-06-13 10:44:54.850136	2022-06-13 10:44:54.850136	\N	\N	salenme	attracting	\N	\N	\N	\N	130	83	951
812	2022-06-13 10:44:54.922681	2022-06-13 10:44:54.922681	\N	\N	estellimj	woodchucks	\N	\N	\N	\N	177	768	495
819	2022-06-13 10:44:54.927238	2022-06-13 10:44:54.927238	\N	\N	gmunningmq	professing	\N	\N	\N	\N	851	141	985
826	2022-06-13 10:44:55.008569	2022-06-13 10:44:55.008569	\N	\N	kbraisbymx	convertors	\N	\N	\N	\N	252	383	522
999	2022-06-13 10:44:55.986089	2022-06-13 10:44:55.986089	\N	\N	cwintersrq	customized	\N	\N	\N	\N	520	779	472
180	2022-06-13 10:44:51.376199	2022-06-13 10:44:51.376199	\N	\N	drayment4z	compliment	\N	\N	\N	\N	467	529	808
213	2022-06-13 10:44:51.426292	2022-06-13 10:44:51.426292	\N	\N	slambol5w	fumigating	\N	\N	\N	\N	703	30	429
219	2022-06-13 10:44:51.459538	2022-06-13 10:44:51.459538	\N	\N	amundow62	withdrawal	\N	\N	\N	\N	288	684	206
225	2022-06-13 10:44:51.477741	2022-06-13 10:44:51.477741	\N	\N	gwardingly68	physicists	\N	\N	\N	\N	722	701	753
231	2022-06-13 10:44:51.532043	2022-06-13 10:44:51.532043	\N	\N	klambrechts6e	undertaken	\N	\N	\N	\N	644	995	958
240	2022-06-13 10:44:51.55364	2022-06-13 10:44:51.55364	\N	\N	rnare6n	postulates	\N	\N	\N	\N	116	631	833
360	2022-06-13 10:44:52.474484	2022-06-13 10:44:52.474484	\N	\N	cbeecker9z	processing	\N	\N	\N	\N	590	609	66
383	2022-06-13 10:44:52.524265	2022-06-13 10:44:52.524265	\N	\N	jmenghiam	captivated	\N	\N	\N	\N	267	105	462
392	2022-06-13 10:44:52.544185	2022-06-13 10:44:52.544185	\N	\N	mspunerav	copyrights	\N	\N	\N	\N	327	30	732
596	2022-06-13 10:44:53.673343	2022-06-13 10:44:53.673343	\N	\N	mlochrangj	turpentine	\N	\N	\N	\N	661	15	66
620	2022-06-13 10:44:53.697969	2022-06-13 10:44:53.697969	\N	\N	pdeporteh7	physicians	\N	\N	\N	\N	869	391	535
623	2022-06-13 10:44:53.730795	2022-06-13 10:44:53.730795	\N	\N	jbeevorsha	bottomless	\N	\N	\N	\N	89	472	644
628	2022-06-13 10:44:53.786197	2022-06-13 10:44:53.786197	\N	\N	nsimenethf	negotiable	\N	\N	\N	\N	462	658	463
634	2022-06-13 10:44:53.795012	2022-06-13 10:44:53.795012	\N	\N	jbrawsonhl	antagonism	\N	\N	\N	\N	112	984	913
784	2022-06-13 10:44:54.758132	2022-06-13 10:44:54.758132	\N	\N	lloughreylr	compulsory	\N	\N	\N	\N	357	341	173
805	2022-06-13 10:44:54.764139	2022-06-13 10:44:54.764139	\N	\N	gbrockingtonmc	harmonious	\N	\N	\N	\N	419	193	842
808	2022-06-13 10:44:54.850245	2022-06-13 10:44:54.850245	\N	\N	pdennisonmf	horoscopes	\N	\N	\N	\N	625	433	492
813	2022-06-13 10:44:54.923246	2022-06-13 10:44:54.923246	\N	\N	tmaylardmk	relativity	\N	\N	\N	\N	90	505	336
998	2022-06-13 10:44:55.988028	2022-06-13 10:44:55.988028	\N	\N	fwemmrp	backlashes	\N	\N	\N	\N	779	767	627
201	2022-06-13 10:44:51.457586	2022-06-13 10:44:51.457586	\N	\N	scornelleau5k	difference	\N	\N	\N	\N	72	171	548
224	2022-06-13 10:44:51.477758	2022-06-13 10:44:51.477758	\N	\N	cbalaisot67	underpants	\N	\N	\N	\N	969	663	962
233	2022-06-13 10:44:51.531103	2022-06-13 10:44:51.531103	\N	\N	bfulton6g	waterproof	\N	\N	\N	\N	809	81	921
373	2022-06-13 10:44:52.564509	2022-06-13 10:44:52.564509	\N	\N	fivattac	compulsion	\N	\N	\N	\N	831	571	104
400	2022-06-13 10:44:52.651327	2022-06-13 10:44:52.651327	\N	\N	uschleicherb3	reproaches	\N	\N	\N	\N	811	464	915
403	2022-06-13 10:44:52.677294	2022-06-13 10:44:52.677294	\N	\N	fglanvillb6	collateral	\N	\N	\N	\N	85	396	897
410	2022-06-13 10:44:52.703151	2022-06-13 10:44:52.703151	\N	\N	tcounihanbd	infectious	\N	\N	\N	\N	566	865	351
600	2022-06-13 10:44:53.695734	2022-06-13 10:44:53.695734	\N	\N	hrosekillygn	advisories	\N	\N	\N	\N	647	559	361
785	2022-06-13 10:44:54.758249	2022-06-13 10:44:54.758249	\N	\N	xbowlandls	assumption	\N	\N	\N	\N	125	993	264
806	2022-06-13 10:44:54.800282	2022-06-13 10:44:54.800282	\N	\N	mmcguggymd	sustaining	\N	\N	\N	\N	893	398	666
810	2022-06-13 10:44:54.89623	2022-06-13 10:44:54.89623	\N	\N	ihallanmh	responsive	\N	\N	\N	\N	312	56	824
818	2022-06-13 10:44:54.9263	2022-06-13 10:44:54.9263	\N	\N	jpadwickmp	bumblebees	\N	\N	\N	\N	3	981	459
823	2022-06-13 10:44:55.008409	2022-06-13 10:44:55.008409	\N	\N	ndeavillemu	reparation	\N	\N	\N	\N	767	208	38
834	2022-06-13 10:44:55.01363	2022-06-13 10:44:55.01363	\N	\N	ntordoffn5	inflection	\N	\N	\N	\N	578	422	986
840	2022-06-13 10:44:55.017398	2022-06-13 10:44:55.017398	\N	\N	dbartoszeknb	manhandles	\N	\N	\N	\N	553	716	306
843	2022-06-13 10:44:55.080364	2022-06-13 10:44:55.080364	\N	\N	nblackboroughne	frequently	\N	\N	\N	\N	216	284	757
848	2022-06-13 10:44:55.13488	2022-06-13 10:44:55.13488	\N	\N	rnicholsonnj	lifestyles	\N	\N	\N	\N	121	230	68
856	2022-06-13 10:44:55.13925	2022-06-13 10:44:55.13925	\N	\N	ireidnr	sympathize	\N	\N	\N	\N	407	864	138
862	2022-06-13 10:44:55.161304	2022-06-13 10:44:55.161304	\N	\N	acommuccinx	grovelling	\N	\N	\N	\N	443	551	15
204	2022-06-13 10:44:51.458059	2022-06-13 10:44:51.458059	\N	\N	ccaffery5n	homophobic	\N	\N	\N	\N	773	725	515
379	2022-06-13 10:44:52.568075	2022-06-13 10:44:52.568075	\N	\N	chandesai	inactivity	\N	\N	\N	\N	516	422	69
401	2022-06-13 10:44:52.653053	2022-06-13 10:44:52.653053	\N	\N	lathersmithb4	preferring	\N	\N	\N	\N	193	41	771
602	2022-06-13 10:44:53.699237	2022-06-13 10:44:53.699237	\N	\N	bocassidygp	electrodes	\N	\N	\N	\N	850	144	139
625	2022-06-13 10:44:53.731137	2022-06-13 10:44:53.731137	\N	\N	dprettyjohnhc	recreating	\N	\N	\N	\N	307	134	441
629	2022-06-13 10:44:53.786272	2022-06-13 10:44:53.786272	\N	\N	sbuttlehg	evaporated	\N	\N	\N	\N	847	610	989
635	2022-06-13 10:44:53.795102	2022-06-13 10:44:53.795102	\N	\N	tskirvanehm	instrument	\N	\N	\N	\N	266	264	195
644	2022-06-13 10:44:53.818398	2022-06-13 10:44:53.818398	\N	\N	vleeburnhv	refraction	\N	\N	\N	\N	465	729	795
648	2022-06-13 10:44:53.895393	2022-06-13 10:44:53.895393	\N	\N	rludmannhz	creditable	\N	\N	\N	\N	540	690	263
655	2022-06-13 10:44:53.901472	2022-06-13 10:44:53.901472	\N	\N	hsayrei6	capacities	\N	\N	\N	\N	75	372	584
659	2022-06-13 10:44:53.935909	2022-06-13 10:44:53.935909	\N	\N	rmcavinia	discounted	\N	\N	\N	\N	607	478	548
663	2022-06-13 10:44:54.003601	2022-06-13 10:44:54.003601	\N	\N	dtwoohyie	turbulence	\N	\N	\N	\N	258	370	922
801	2022-06-13 10:44:54.853904	2022-06-13 10:44:54.853904	\N	\N	pmacpadenm8	pleasuring	\N	\N	\N	\N	988	751	930
811	2022-06-13 10:44:54.896267	2022-06-13 10:44:54.896267	\N	\N	gbownasmi	bottleneck	\N	\N	\N	\N	348	966	452
814	2022-06-13 10:44:54.923596	2022-06-13 10:44:54.923596	\N	\N	okilleleyml	solicitors	\N	\N	\N	\N	787	755	89
820	2022-06-13 10:44:54.928493	2022-06-13 10:44:54.928493	\N	\N	rrennoldsmr	healthiest	\N	\N	\N	\N	358	624	333
825	2022-06-13 10:44:55.008616	2022-06-13 10:44:55.008616	\N	\N	bbendaremw	rotisserie	\N	\N	\N	\N	328	3	809
837	2022-06-13 10:44:55.015883	2022-06-13 10:44:55.015883	\N	\N	vrackhamn8	crosswords	\N	\N	\N	\N	556	862	765
207	2022-06-13 10:44:51.459837	2022-06-13 10:44:51.459837	\N	\N	cgoodsal5q	visitation	\N	\N	\N	\N	229	856	105
226	2022-06-13 10:44:51.477938	2022-06-13 10:44:51.477938	\N	\N	mvell69	disfavored	\N	\N	\N	\N	315	360	738
230	2022-06-13 10:44:51.530469	2022-06-13 10:44:51.530469	\N	\N	kfogel6d	annotating	\N	\N	\N	\N	904	533	286
386	2022-06-13 10:44:52.650186	2022-06-13 10:44:52.650186	\N	\N	rcarwardineap	fluttering	\N	\N	\N	\N	415	698	200
389	2022-06-13 10:44:52.650248	2022-06-13 10:44:52.650248	\N	\N	lmathysas	delegation	\N	\N	\N	\N	134	362	76
405	2022-06-13 10:44:52.677445	2022-06-13 10:44:52.677445	\N	\N	bborgbartolob8	convulsive	\N	\N	\N	\N	710	444	516
404	2022-06-13 10:44:52.677838	2022-06-13 10:44:52.677838	\N	\N	gguidettib7	thoughtful	\N	\N	\N	\N	610	562	662
412	2022-06-13 10:44:52.704744	2022-06-13 10:44:52.704744	\N	\N	hmargiottabf	monitoring	\N	\N	\N	\N	837	625	603
611	2022-06-13 10:44:53.78432	2022-06-13 10:44:53.78432	\N	\N	jknightgy	presidents	\N	\N	\N	\N	288	488	473
636	2022-06-13 10:44:53.795739	2022-06-13 10:44:53.795739	\N	\N	hmouncehn	evangelism	\N	\N	\N	\N	804	847	847
641	2022-06-13 10:44:53.818404	2022-06-13 10:44:53.818404	\N	\N	akeershs	overburden	\N	\N	\N	\N	114	246	278
796	2022-06-13 10:44:54.914757	2022-06-13 10:44:54.914757	\N	\N	mtayloem3	finalizing	\N	\N	\N	\N	775	59	534
816	2022-06-13 10:44:54.925391	2022-06-13 10:44:54.925391	\N	\N	alonghornemn	conclusive	\N	\N	\N	\N	70	159	982
824	2022-06-13 10:44:55.008457	2022-06-13 10:44:55.008457	\N	\N	abollammv	brightness	\N	\N	\N	\N	710	285	203
7	2022-06-13 10:44:50.381995	2022-06-13 10:44:50.381995	\N	\N	rwigelsworth6	attentions	\N	\N	\N	\N	749	641	61
12	2022-06-13 10:44:50.427017	2022-06-13 10:44:50.427017	\N	\N	ehanhardb	sauerkraut	\N	\N	\N	\N	37	65	340
\.


--
-- Data for Name: vendors; Type: TABLE DATA; Schema: public; Owner: postgres
--

COPY public.vendors (id, updated_at, created_at, start_date, end_date, name, tax_no, attribute1, attribute2, attribute3, attribute4, attribute5, created_by, updated_by) FROM stdin;
7	2022-06-13 10:42:07.273853	2022-06-13 10:42:07.273853	2021-12-12	2021-10-06	Bartolomeo Skellorne	nqzimbswjyuodlf	\N	\N	\N	\N	\N	950	568
12	2022-06-13 10:42:07.301588	2022-06-13 10:42:07.301588	2022-01-17	2022-05-11	Beniamino MacRannell	qztswcigxken	\N	\N	\N	\N	\N	273	256
21	2022-06-13 10:42:07.308333	2022-06-13 10:42:07.308333	2021-12-17	2022-02-02	Farrell Juleff	cgjfmudtpokehwsy	\N	\N	\N	\N	\N	553	67
28	2022-06-13 10:42:07.329699	2022-06-13 10:42:07.329699	2021-07-14	2021-08-15	Giffard Disbury	vyuqsgaopmbznxflciwh	\N	\N	\N	\N	\N	637	247
39	2022-06-13 10:42:07.334006	2022-06-13 10:42:07.334006	2022-05-09	2022-04-06	Edi Leftridge	wbchkqmtyzlaoesn	\N	\N	\N	\N	\N	953	218
50	2022-06-13 10:42:07.337759	2022-06-13 10:42:07.337759	2022-02-20	2022-02-12	Bridie Tolcharde	sbfhuvaxmcdjltozqpig	\N	\N	\N	\N	\N	731	447
55	2022-06-13 10:42:07.340536	2022-06-13 10:42:07.340536	2022-01-22	2021-06-13	Mariellen Edmans	qxyoslbnpcdmjkehw	\N	\N	\N	\N	\N	67	746
68	2022-06-13 10:42:07.36464	2022-06-13 10:42:07.36464	2021-08-14	2021-12-24	Kelsy Haydney	qiyfwoljkd	\N	\N	\N	\N	\N	241	597
79	2022-06-13 10:42:07.378221	2022-06-13 10:42:07.378221	2021-08-17	2022-03-15	Jozef Meindl	jbhesrvomy	\N	\N	\N	\N	\N	266	649
88	2022-06-13 10:42:07.381896	2022-06-13 10:42:07.381896	2022-01-01	2021-09-22	Clevey Ullock	sazjxinhwdrlk	\N	\N	\N	\N	\N	689	814
94	2022-06-13 10:42:07.384268	2022-06-13 10:42:07.384268	2021-11-02	2021-12-13	Hodge Neumann	tvdkasmloncujfeiwpb	\N	\N	\N	\N	\N	602	126
106	2022-06-13 10:42:07.38673	2022-06-13 10:42:07.38673	2021-10-05	2022-04-10	Konstantine Rickhuss	zxvespqumajiblo	\N	\N	\N	\N	\N	514	110
111	2022-06-13 10:42:07.388648	2022-06-13 10:42:07.388648	2021-06-25	2021-10-01	Odille Rijkeseis	yprsexucgfnvtzmw	\N	\N	\N	\N	\N	764	211
121	2022-06-13 10:42:07.390948	2022-06-13 10:42:07.390948	2021-10-08	2021-06-18	Kary Mosedale	jldpfxytmwizcnk	\N	\N	\N	\N	\N	331	581
132	2022-06-13 10:42:07.393552	2022-06-13 10:42:07.393552	2022-06-03	2022-04-28	Mignon Russam	igkoaybxjcldsmptfeuw	\N	\N	\N	\N	\N	205	910
142	2022-06-13 10:42:07.408008	2022-06-13 10:42:07.408008	2022-04-22	2021-08-01	Dana Sabathe	codwuftkgjbhzsyprveq	\N	\N	\N	\N	\N	53	983
153	2022-06-13 10:42:07.411951	2022-06-13 10:42:07.411951	2021-09-18	2022-05-28	Boone Coxhead	wpuexfinoq	\N	\N	\N	\N	\N	181	251
164	2022-06-13 10:42:07.414448	2022-06-13 10:42:07.414448	2021-08-11	2022-04-14	Aaren Aylin	rkojqchwtnbiyvgda	\N	\N	\N	\N	\N	320	78
172	2022-06-13 10:42:07.416586	2022-06-13 10:42:07.416586	2022-05-06	2021-12-20	Aaron Garron	lzfbyogpjekmx	\N	\N	\N	\N	\N	908	603
182	2022-06-13 10:42:07.418876	2022-06-13 10:42:07.418876	2022-05-28	2021-07-31	Shaylynn Yansons	xqdkcanhltujpb	\N	\N	\N	\N	\N	589	906
193	2022-06-13 10:42:07.421357	2022-06-13 10:42:07.421357	2022-05-23	2021-08-17	Anita Silversmid	nrptwfdbmjgeyacizq	\N	\N	\N	\N	\N	927	338
203	2022-06-13 10:42:07.42361	2022-06-13 10:42:07.42361	2022-05-14	2021-08-25	Elsie Challener	apbszqurtio	\N	\N	\N	\N	\N	968	70
212	2022-06-13 10:42:07.425909	2022-06-13 10:42:07.425909	2021-06-13	2021-12-16	Carter Newlove	amnicwosphluy	\N	\N	\N	\N	\N	346	474
222	2022-06-13 10:42:07.428278	2022-06-13 10:42:07.428278	2021-08-19	2021-06-17	Jana Conford	afnvwsmidcg	\N	\N	\N	\N	\N	326	223
234	2022-06-13 10:42:07.430701	2022-06-13 10:42:07.430701	2022-05-22	2021-06-16	Jacinthe Castillon	fycvirpbmwnud	\N	\N	\N	\N	\N	219	148
241	2022-06-13 10:42:07.432843	2022-06-13 10:42:07.432843	2021-06-20	2021-07-12	Iseabal Galton	uokjewlysd	\N	\N	\N	\N	\N	15	969
251	2022-06-13 10:42:07.435146	2022-06-13 10:42:07.435146	2021-12-05	2021-09-12	Caldwell Greasley	gptourfvbj	\N	\N	\N	\N	\N	581	688
264	2022-06-13 10:42:07.43775	2022-06-13 10:42:07.43775	2021-09-02	2021-12-18	Hedy Pinches	ntodqvagmxjyrkscuhl	\N	\N	\N	\N	\N	990	580
273	2022-06-13 10:42:07.440035	2022-06-13 10:42:07.440035	2021-08-28	2022-04-22	Erna Ricardo	qtgjcvfmizkobur	\N	\N	\N	\N	\N	154	222
281	2022-06-13 10:42:07.442259	2022-06-13 10:42:07.442259	2022-01-19	2022-02-11	Currie Rodmell	lwgnfjqeic	\N	\N	\N	\N	\N	422	930
294	2022-06-13 10:42:07.445163	2022-06-13 10:42:07.445163	2021-11-04	2021-07-04	Roosevelt Tunstall	kawzsyvjgpql	\N	\N	\N	\N	\N	357	389
303	2022-06-13 10:42:07.447567	2022-06-13 10:42:07.447567	2022-01-28	2021-10-22	Oren Crennell	hvcyiufrtlnbmakoqwp	\N	\N	\N	\N	\N	789	889
311	2022-06-13 10:42:07.449726	2022-06-13 10:42:07.449726	2021-11-07	2021-09-20	Lauren Blindt	rdclhqjfvuskyobip	\N	\N	\N	\N	\N	701	850
323	2022-06-13 10:42:07.45236	2022-06-13 10:42:07.45236	2022-05-25	2021-06-17	Lotti Beeden	aorjgufepkdstzyxmnhl	\N	\N	\N	\N	\N	693	828
335	2022-06-13 10:42:07.454815	2022-06-13 10:42:07.454815	2021-06-25	2021-11-20	Euell Gilhooly	ntfzumqhry	\N	\N	\N	\N	\N	454	58
346	2022-06-13 10:42:07.457163	2022-06-13 10:42:07.457163	2021-09-19	2022-01-08	Lenee Harsant	umfdgjqphtwb	\N	\N	\N	\N	\N	170	555
354	2022-06-13 10:42:07.459403	2022-06-13 10:42:07.459403	2021-12-30	2021-12-29	Clint Maruska	nrbqjztudskhewgyfm	\N	\N	\N	\N	\N	619	431
366	2022-06-13 10:42:07.461924	2022-06-13 10:42:07.461924	2022-06-11	2022-01-20	Camella Achrameev	fsputoxknvqaghd	\N	\N	\N	\N	\N	913	952
373	2022-06-13 10:42:07.475875	2022-06-13 10:42:07.475875	2022-01-04	2021-12-09	Rhody Doget	hkwtjueyqmdpvz	\N	\N	\N	\N	\N	264	435
384	2022-06-13 10:42:07.478927	2022-06-13 10:42:07.478927	2021-12-01	2021-06-28	Linzy Hurford	xuyrvljafwipbsg	\N	\N	\N	\N	\N	24	140
393	2022-06-13 10:42:07.481375	2022-06-13 10:42:07.481375	2021-11-29	2021-06-29	Giusto Frizzell	lxhdgutwfkrjmq	\N	\N	\N	\N	\N	146	771
400	2022-06-13 10:42:07.483402	2022-06-13 10:42:07.483402	2021-09-22	2022-01-24	Ricky Marcinkus	rcyuawtvghflq	\N	\N	\N	\N	\N	198	526
412	2022-06-13 10:42:07.486117	2022-06-13 10:42:07.486117	2021-12-14	2022-02-27	Chloris Trussell	gpxfquomzjwthkn	\N	\N	\N	\N	\N	318	138
423	2022-06-13 10:42:07.488479	2022-06-13 10:42:07.488479	2021-06-12	2022-01-02	Pancho Woltering	gjpzbcqrhoaketxm	\N	\N	\N	\N	\N	369	818
433	2022-06-13 10:42:07.490946	2022-06-13 10:42:07.490946	2021-06-25	2021-09-07	Riley McGraith	htcyrjzimsvo	\N	\N	\N	\N	\N	952	938
442	2022-06-13 10:42:07.49415	2022-06-13 10:42:07.49415	2021-09-16	2022-03-04	Carlye De Witt	wuaosdtbymlgvikqn	\N	\N	\N	\N	\N	129	121
451	2022-06-13 10:42:07.496454	2022-06-13 10:42:07.496454	2021-07-22	2022-01-03	Hollie Venneur	otzpwdlrfe	\N	\N	\N	\N	\N	527	217
461	2022-06-13 10:42:07.518463	2022-06-13 10:42:07.518463	2021-06-27	2022-05-29	Idalia MacKaile	eqnuywlfipbtosvh	\N	\N	\N	\N	\N	791	546
468	2022-06-13 10:42:07.521946	2022-06-13 10:42:07.521946	2021-10-06	2022-02-28	Thor Questier	htmblfuvdgcnwes	\N	\N	\N	\N	\N	273	114
472	2022-06-13 10:42:07.523837	2022-06-13 10:42:07.523837	2022-04-18	2021-06-17	Dimitri Schwandner	kuqfrmtpjbwh	\N	\N	\N	\N	\N	55	747
482	2022-06-13 10:42:07.526175	2022-06-13 10:42:07.526175	2021-11-20	2022-04-20	Fritz Gianasi	ixroyetquhdmbsnwkpj	\N	\N	\N	\N	\N	974	194
495	2022-06-13 10:42:07.52868	2022-06-13 10:42:07.52868	2021-07-01	2021-06-29	Philipa Cater	azqgcdtkjnvehyompi	\N	\N	\N	\N	\N	834	259
502	2022-06-13 10:42:07.530848	2022-06-13 10:42:07.530848	2022-02-28	2022-05-26	Glynis Kezor	anmoejigyb	\N	\N	\N	\N	\N	533	430
512	2022-06-13 10:42:07.5333	2022-06-13 10:42:07.5333	2022-02-10	2021-08-21	Noach Balmer	gzpuvnxslowyfkeid	\N	\N	\N	\N	\N	881	181
524	2022-06-13 10:42:07.535805	2022-06-13 10:42:07.535805	2021-07-14	2021-07-18	Halsy Halson	gdmecjqkyxnwfhboi	\N	\N	\N	\N	\N	748	941
537	2022-06-13 10:42:07.538562	2022-06-13 10:42:07.538562	2021-07-24	2021-07-02	Ax Butson	lyjfpdmkbtzsv	\N	\N	\N	\N	\N	893	50
548	2022-06-13 10:42:07.541573	2022-06-13 10:42:07.541573	2021-09-27	2021-07-12	Clyde Codron	aldmhfinsyjp	\N	\N	\N	\N	\N	618	86
561	2022-06-13 10:42:07.544246	2022-06-13 10:42:07.544246	2021-11-02	2022-01-20	Chrisy Batram	yokiqdfvulxnhmgjz	\N	\N	\N	\N	\N	215	567
566	2022-06-13 10:42:07.547564	2022-06-13 10:42:07.547564	2022-06-09	2021-07-04	Jessalin Breslauer	qnjvosmxehkugrdtzl	\N	\N	\N	\N	\N	637	461
575	2022-06-13 10:42:07.55007	2022-06-13 10:42:07.55007	2022-04-13	2022-06-06	Nicholas Creegan	jsnqvpxazwf	\N	\N	\N	\N	\N	717	660
588	2022-06-13 10:42:07.552869	2022-06-13 10:42:07.552869	2021-06-21	2021-08-17	Brianne Emblin	zrefoyjkhcwlb	\N	\N	\N	\N	\N	239	248
596	2022-06-13 10:42:07.555112	2022-06-13 10:42:07.555112	2021-11-12	2021-10-14	Jonis Carlisso	bdmnosltfhrqvu	\N	\N	\N	\N	\N	161	861
607	2022-06-13 10:42:07.557706	2022-06-13 10:42:07.557706	2022-05-25	2021-12-22	Kerstin Stolte	vzqlamhcjywoxsdupkig	\N	\N	\N	\N	\N	542	649
618	2022-06-13 10:42:07.559978	2022-06-13 10:42:07.559978	2021-07-28	2022-05-03	Alphonso Sowten	xptaydbefvi	\N	\N	\N	\N	\N	492	260
627	2022-06-13 10:42:07.562357	2022-06-13 10:42:07.562357	2022-01-24	2021-10-15	Raffaello Magovern	idqzmhutpsercvnjg	\N	\N	\N	\N	\N	536	943
638	2022-06-13 10:42:07.564779	2022-06-13 10:42:07.564779	2021-09-27	2021-12-10	Chuck Timlin	xnpwgtcbsvijhlu	\N	\N	\N	\N	\N	444	172
645	2022-06-13 10:42:07.567062	2022-06-13 10:42:07.567062	2021-08-21	2021-10-08	Willi Revening	epbcmqaiwfyn	\N	\N	\N	\N	\N	792	553
658	2022-06-13 10:42:07.569565	2022-06-13 10:42:07.569565	2022-03-13	2022-02-01	Fritz Hucks	xwjznpyfkslobaguidhe	\N	\N	\N	\N	\N	89	736
666	2022-06-13 10:42:07.583005	2022-06-13 10:42:07.583005	2022-04-03	2021-11-09	Cornelia Wesley	yjfskvwholpcztmuaed	\N	\N	\N	\N	\N	193	192
671	2022-06-13 10:42:07.585718	2022-06-13 10:42:07.585718	2022-03-31	2022-04-20	Celestina Herrero	rvjslpxwoq	\N	\N	\N	\N	\N	557	685
681	2022-06-13 10:42:07.588151	2022-06-13 10:42:07.588151	2022-03-31	2022-04-05	Barnaby Ivanishev	ruplxtzajcwfmeqy	\N	\N	\N	\N	\N	965	54
693	2022-06-13 10:42:07.590557	2022-06-13 10:42:07.590557	2021-07-07	2021-10-07	Ruthi Opie	rodtpcblxjem	\N	\N	\N	\N	\N	246	77
704	2022-06-13 10:42:07.593447	2022-06-13 10:42:07.593447	2022-01-31	2021-10-29	Ephraim Ion	siavteylhomjxpcbqrn	\N	\N	\N	\N	\N	914	561
8	2022-06-13 10:42:07.274382	2022-06-13 10:42:07.274382	2021-10-24	2021-09-02	Virgilio Cantillion	exbdvfmpcljonratyhkw	\N	\N	\N	\N	\N	817	296
14	2022-06-13 10:42:07.301978	2022-06-13 10:42:07.301978	2022-03-20	2022-04-17	Tallie Lendrem	hrpjscmvuybwn	\N	\N	\N	\N	\N	777	473
19	2022-06-13 10:42:07.308192	2022-06-13 10:42:07.308192	2021-10-19	2022-01-10	Butch Riddett	klphmduonistfjerv	\N	\N	\N	\N	\N	873	159
30	2022-06-13 10:42:07.330039	2022-06-13 10:42:07.330039	2022-04-03	2022-02-15	Lexy Whitrod	sgklnvthidzcqfoujpe	\N	\N	\N	\N	\N	651	926
40	2022-06-13 10:42:07.334703	2022-06-13 10:42:07.334703	2021-12-11	2021-08-15	Darnall Killshaw	jnkrdtwsvmulhobagyfc	\N	\N	\N	\N	\N	894	849
53	2022-06-13 10:42:07.339233	2022-06-13 10:42:07.339233	2021-06-17	2022-02-15	Kinny Wincer	aeogvhlmiscqu	\N	\N	\N	\N	\N	340	478
63	2022-06-13 10:42:07.342102	2022-06-13 10:42:07.342102	2021-11-01	2022-03-14	Ara Banishevitz	shvpbungjlf	\N	\N	\N	\N	\N	494	504
71	2022-06-13 10:42:07.36489	2022-06-13 10:42:07.36489	2021-10-19	2022-03-18	Correy Knath	mwekuqzrgsabld	\N	\N	\N	\N	\N	520	573
73	2022-06-13 10:42:07.377779	2022-06-13 10:42:07.377779	2022-01-17	2022-05-24	Tabby Karlmann	lyzwvinbdpcsroftqjgm	\N	\N	\N	\N	\N	459	899
83	2022-06-13 10:42:07.381471	2022-06-13 10:42:07.381471	2021-10-20	2021-09-27	Justis Coorington	qlwxohvpbzk	\N	\N	\N	\N	\N	610	234
99	2022-06-13 10:42:07.384777	2022-06-13 10:42:07.384777	2021-08-25	2022-01-02	Pincus Gourlay	roidyshuvwjgf	\N	\N	\N	\N	\N	23	325
107	2022-06-13 10:42:07.387548	2022-06-13 10:42:07.387548	2021-12-19	2021-07-25	Viva Gouldstraw	derkpvabhlug	\N	\N	\N	\N	\N	330	134
117	2022-06-13 10:42:07.389807	2022-06-13 10:42:07.389807	2022-04-05	2022-05-14	Rahal Capps	ziepjlbdrcuqty	\N	\N	\N	\N	\N	518	541
879	2022-06-13 10:42:07.649312	2022-06-13 10:42:07.649312	2021-06-25	2021-09-17	Orton Coolbear	cmylntovdkhjzfresxb	\N	\N	\N	\N	\N	719	675
888	2022-06-13 10:42:07.651373	2022-06-13 10:42:07.651373	2021-11-20	2022-01-24	Ailis Rockliffe	xclwdugrhebksaotfnm	\N	\N	\N	\N	\N	605	330
897	2022-06-13 10:42:07.653695	2022-06-13 10:42:07.653695	2022-05-06	2022-05-30	Christean Steptowe	icvhkefzasow	\N	\N	\N	\N	\N	776	367
907	2022-06-13 10:42:07.656257	2022-06-13 10:42:07.656257	2022-01-01	2021-09-11	Gideon Jolliff	ahfoplrwengmqtskyvjx	\N	\N	\N	\N	\N	16	257
916	2022-06-13 10:42:07.658416	2022-06-13 10:42:07.658416	2022-03-09	2021-10-16	Osmund Pelchat	ckfxjvqwrnhilpzt	\N	\N	\N	\N	\N	716	118
925	2022-06-13 10:42:07.660637	2022-06-13 10:42:07.660637	2021-10-16	2021-08-01	Kamillah Blaschke	neylxksmocw	\N	\N	\N	\N	\N	433	190
936	2022-06-13 10:42:07.663029	2022-06-13 10:42:07.663029	2021-11-12	2022-03-19	Agosto Povlsen	tviwbofzmdsca	\N	\N	\N	\N	\N	6	780
945	2022-06-13 10:42:07.66517	2022-06-13 10:42:07.66517	2022-03-05	2022-01-17	Cory Bazelle	vmuygfhjrwqtnkzpxes	\N	\N	\N	\N	\N	956	364
955	2022-06-13 10:42:07.66755	2022-06-13 10:42:07.66755	2021-10-05	2021-07-08	Jorey Bruhke	tuvbwhkdyaefxmlq	\N	\N	\N	\N	\N	187	428
965	2022-06-13 10:42:07.669846	2022-06-13 10:42:07.669846	2021-06-18	2021-11-28	Jamison Gonning	pgjxvfbtqklm	\N	\N	\N	\N	\N	344	812
975	2022-06-13 10:42:07.672184	2022-06-13 10:42:07.672184	2022-05-15	2021-06-26	Catie Puve	kntwihuafz	\N	\N	\N	\N	\N	151	60
987	2022-06-13 10:42:07.675363	2022-06-13 10:42:07.675363	2022-03-11	2021-11-16	Morrie Robbins	hdnjkztpvqmfcr	\N	\N	\N	\N	\N	920	627
991	2022-06-13 10:42:07.677188	2022-06-13 10:42:07.677188	2021-06-27	2022-05-30	Ramona Bohlens	etqradshfx	\N	\N	\N	\N	\N	651	880
4	2022-06-13 10:42:07.274496	2022-06-13 10:42:07.274496	2022-05-26	2022-02-13	Madelene Emlen	cwtbuxqmzsvhnal	\N	\N	\N	\N	\N	113	628
15	2022-06-13 10:42:07.302174	2022-06-13 10:42:07.302174	2021-09-16	2021-06-29	Charlot Pescott	asfxjoezklqmu	\N	\N	\N	\N	\N	209	855
20	2022-06-13 10:42:07.308166	2022-06-13 10:42:07.308166	2022-05-14	2021-12-28	Robinia Saltsberg	ufhivqzwjdxkyrnomp	\N	\N	\N	\N	\N	200	86
31	2022-06-13 10:42:07.330214	2022-06-13 10:42:07.330214	2021-12-09	2021-09-28	Antoni Conradsen	bczkjoqdtxay	\N	\N	\N	\N	\N	940	178
41	2022-06-13 10:42:07.333984	2022-06-13 10:42:07.333984	2021-08-26	2022-05-10	Adorne Gowen	szrmwvdopgk	\N	\N	\N	\N	\N	889	398
46	2022-06-13 10:42:07.337481	2022-06-13 10:42:07.337481	2022-01-10	2021-08-08	Stephannie Forestel	zwdecpmuyvnx	\N	\N	\N	\N	\N	307	741
59	2022-06-13 10:42:07.340837	2022-06-13 10:42:07.340837	2022-05-02	2021-09-23	Gerome Ganforthe	madujeclwvhbkqg	\N	\N	\N	\N	\N	980	645
70	2022-06-13 10:42:07.364609	2022-06-13 10:42:07.364609	2022-02-19	2021-11-19	Merilyn Toe	uqhfvpcwyi	\N	\N	\N	\N	\N	79	830
77	2022-06-13 10:42:07.378048	2022-06-13 10:42:07.378048	2022-06-03	2022-03-17	Cully Dunsmuir	brdsvqoecf	\N	\N	\N	\N	\N	646	311
85	2022-06-13 10:42:07.381745	2022-06-13 10:42:07.381745	2022-05-14	2021-07-05	Hamlen Brinkley	gsfuyzckwdlebmti	\N	\N	\N	\N	\N	451	733
98	2022-06-13 10:42:07.384655	2022-06-13 10:42:07.384655	2021-07-21	2021-12-25	Raeann Kisbee	lasynbfmpkdohzqwigej	\N	\N	\N	\N	\N	283	944
109	2022-06-13 10:42:07.387709	2022-06-13 10:42:07.387709	2021-07-23	2021-12-29	Jacky Colquete	lpghvfbewsy	\N	\N	\N	\N	\N	447	54
119	2022-06-13 10:42:07.389908	2022-06-13 10:42:07.389908	2022-05-30	2022-01-22	Lenka Videler	rfpdogivjycm	\N	\N	\N	\N	\N	994	97
130	2022-06-13 10:42:07.392506	2022-06-13 10:42:07.392506	2021-12-31	2021-08-02	Theodora Dransfield	bmghzeflwdstqn	\N	\N	\N	\N	\N	60	359
138	2022-06-13 10:42:07.394586	2022-06-13 10:42:07.394586	2022-02-15	2022-05-26	Ericha McCloid	tfydgjvxsi	\N	\N	\N	\N	\N	278	907
147	2022-06-13 10:42:07.408413	2022-06-13 10:42:07.408413	2021-07-15	2022-02-12	Rosemary Bafford	pdbvckistfqwlzmgjy	\N	\N	\N	\N	\N	83	631
157	2022-06-13 10:42:07.412354	2022-06-13 10:42:07.412354	2021-10-15	2022-01-04	Quentin Muncey	kvdsaomgnchleuwb	\N	\N	\N	\N	\N	442	754
165	2022-06-13 10:42:07.414454	2022-06-13 10:42:07.414454	2021-07-23	2022-04-17	Goddard Laverock	cvohzpqgalbkfit	\N	\N	\N	\N	\N	196	676
176	2022-06-13 10:42:07.416901	2022-06-13 10:42:07.416901	2021-08-11	2022-03-10	Rupert Blissitt	ogcmaufhrqwkyvt	\N	\N	\N	\N	\N	291	451
181	2022-06-13 10:42:07.418825	2022-06-13 10:42:07.418825	2022-02-13	2022-05-15	Felicdad Bront	ikaoqyhuswrfpjl	\N	\N	\N	\N	\N	851	839
194	2022-06-13 10:42:07.421356	2022-06-13 10:42:07.421356	2021-12-19	2021-08-11	Gardener Thornton-Dewhirst	oqjdwckmxa	\N	\N	\N	\N	\N	957	486
205	2022-06-13 10:42:07.423763	2022-06-13 10:42:07.423763	2022-03-05	2021-12-10	Geordie Woollends	xtjozsuyewcpdkvqg	\N	\N	\N	\N	\N	213	842
217	2022-06-13 10:42:07.426358	2022-06-13 10:42:07.426358	2021-12-30	2021-12-27	Horace Appleyard	kfwnhuacelyb	\N	\N	\N	\N	\N	348	354
225	2022-06-13 10:42:07.428475	2022-06-13 10:42:07.428475	2022-04-11	2021-08-17	Devonne Gallehock	zfojunwglheitvcs	\N	\N	\N	\N	\N	469	482
235	2022-06-13 10:42:07.430851	2022-06-13 10:42:07.430851	2021-12-21	2022-04-19	Billy Reeday	wocuqzebgfdjahtsl	\N	\N	\N	\N	\N	853	432
245	2022-06-13 10:42:07.433225	2022-06-13 10:42:07.433225	2021-07-29	2021-10-16	Jarib Amort	napmqkgeuzsxvyor	\N	\N	\N	\N	\N	97	964
252	2022-06-13 10:42:07.435237	2022-06-13 10:42:07.435237	2021-12-12	2021-07-30	Ruperto Guilloud	adfpsvoeywuxnhj	\N	\N	\N	\N	\N	373	962
261	2022-06-13 10:42:07.437558	2022-06-13 10:42:07.437558	2022-05-22	2021-11-03	Archibald Langman	fiskngpcwdtxyql	\N	\N	\N	\N	\N	497	567
274	2022-06-13 10:42:07.440076	2022-06-13 10:42:07.440076	2021-10-12	2022-06-10	Mommy Limmer	iktgdxvqszob	\N	\N	\N	\N	\N	806	783
286	2022-06-13 10:42:07.442708	2022-06-13 10:42:07.442708	2022-03-18	2021-10-04	Eleanora Beards	fhwerygbzkp	\N	\N	\N	\N	\N	857	434
297	2022-06-13 10:42:07.445523	2022-06-13 10:42:07.445523	2022-04-26	2021-07-21	Oralia Samweyes	ntybgrhjuwlfedosizm	\N	\N	\N	\N	\N	310	411
307	2022-06-13 10:42:07.448652	2022-06-13 10:42:07.448652	2022-04-04	2021-09-15	Mitchael Goskar	vuylcjzimbetqpw	\N	\N	\N	\N	\N	159	309
320	2022-06-13 10:42:07.451233	2022-06-13 10:42:07.451233	2021-08-13	2021-12-16	Agathe Hemstead	vhrjtuqfsn	\N	\N	\N	\N	\N	243	576
330	2022-06-13 10:42:07.453527	2022-06-13 10:42:07.453527	2021-07-04	2021-10-14	Layla Mingo	sgkpdcymhtnrqlzixo	\N	\N	\N	\N	\N	649	650
338	2022-06-13 10:42:07.455733	2022-06-13 10:42:07.455733	2021-09-18	2022-03-28	Nahum Vankin	yjaqpzctwvhbsmfndxl	\N	\N	\N	\N	\N	524	189
348	2022-06-13 10:42:07.458075	2022-06-13 10:42:07.458075	2021-08-05	2022-01-26	Sissy McCloy	pkvmqhcdgneoj	\N	\N	\N	\N	\N	48	521
360	2022-06-13 10:42:07.46044	2022-06-13 10:42:07.46044	2021-08-10	2021-07-22	Johannah Hamber	vcxmznwlkj	\N	\N	\N	\N	\N	216	190
369	2022-06-13 10:42:07.462845	2022-06-13 10:42:07.462845	2021-07-25	2021-09-04	Keelia Stapele	zgevbprnkdtwyumjhxic	\N	\N	\N	\N	\N	390	732
376	2022-06-13 10:42:07.47622	2022-06-13 10:42:07.47622	2022-05-31	2021-11-14	Palmer Moreby	rwoedatjpvfszcl	\N	\N	\N	\N	\N	193	335
385	2022-06-13 10:42:07.479139	2022-06-13 10:42:07.479139	2022-03-15	2022-02-02	Fayette Keedwell	derwhvajuqnboftizyp	\N	\N	\N	\N	\N	124	290
395	2022-06-13 10:42:07.481497	2022-06-13 10:42:07.481497	2021-11-11	2022-04-15	Annabel Averill	xqkefnagycb	\N	\N	\N	\N	\N	63	951
402	2022-06-13 10:42:07.483561	2022-06-13 10:42:07.483561	2021-12-10	2021-10-19	Matilde Cringle	atkrlbcmgdszypfnj	\N	\N	\N	\N	\N	548	285
413	2022-06-13 10:42:07.48617	2022-06-13 10:42:07.48617	2021-10-13	2021-07-23	Marthe Pirkis	ogqfstxrlcnka	\N	\N	\N	\N	\N	227	315
420	2022-06-13 10:42:07.488261	2022-06-13 10:42:07.488261	2021-08-03	2021-08-13	Nolly Willcock	xpjrmcbfziyuaeg	\N	\N	\N	\N	\N	39	310
436	2022-06-13 10:42:07.49124	2022-06-13 10:42:07.49124	2021-11-27	2022-04-25	Ros Petrik	laxvymibdoswgq	\N	\N	\N	\N	\N	464	552
441	2022-06-13 10:42:07.494084	2022-06-13 10:42:07.494084	2021-11-07	2021-08-18	Ivette Grzegorczyk	hriubvwdqxgajoeynkc	\N	\N	\N	\N	\N	790	670
452	2022-06-13 10:42:07.496524	2022-06-13 10:42:07.496524	2021-12-08	2021-12-26	Sebastiano Najafian	ianvwhqefsmxulky	\N	\N	\N	\N	\N	526	667
454	2022-06-13 10:42:07.517873	2022-06-13 10:42:07.517873	2021-12-01	2021-11-06	Lurlene Gockeler	vmxopyzqlawbktcsenj	\N	\N	\N	\N	\N	195	895
469	2022-06-13 10:42:07.52191	2022-06-13 10:42:07.52191	2021-12-09	2022-04-08	Efren Schuricke	bgfchjurvsqxtlodyzw	\N	\N	\N	\N	\N	919	580
473	2022-06-13 10:42:07.523899	2022-06-13 10:42:07.523899	2021-11-20	2021-07-05	Lev Pullman	hsvipdmnjwgxtlke	\N	\N	\N	\N	\N	117	992
484	2022-06-13 10:42:07.526352	2022-06-13 10:42:07.526352	2021-07-09	2022-03-29	Dawn Karim	naulqbvihwfzotgd	\N	\N	\N	\N	\N	639	615
498	2022-06-13 10:42:07.528962	2022-06-13 10:42:07.528962	2022-03-20	2021-10-05	Tiffani Raff	qofaxnsdhlijwrumy	\N	\N	\N	\N	\N	561	29
506	2022-06-13 10:42:07.53117	2022-06-13 10:42:07.53117	2021-11-25	2022-01-31	Brod Hrachovec	exhwifcrzsd	\N	\N	\N	\N	\N	148	650
517	2022-06-13 10:42:07.533685	2022-06-13 10:42:07.533685	2022-01-15	2021-12-14	Urbain Thebeau	irpzsmcghkltanydxu	\N	\N	\N	\N	\N	999	951
526	2022-06-13 10:42:07.53608	2022-06-13 10:42:07.53608	2022-04-15	2021-12-30	Edvard McEneny	yfbqhxsurpvctnm	\N	\N	\N	\N	\N	800	302
533	2022-06-13 10:42:07.538058	2022-06-13 10:42:07.538058	2021-08-21	2022-05-14	Jolyn Wild	ycrmxktweqpiozg	\N	\N	\N	\N	\N	513	432
542	2022-06-13 10:42:07.540349	2022-06-13 10:42:07.540349	2021-12-12	2021-10-14	Emmett Schowenburg	kylqvcdirhfptsnwmxoe	\N	\N	\N	\N	\N	832	351
554	2022-06-13 10:42:07.543228	2022-06-13 10:42:07.543228	2021-06-18	2022-03-10	Bat Zucker	rnxsjemfbty	\N	\N	\N	\N	\N	759	261
570	2022-06-13 10:42:07.547826	2022-06-13 10:42:07.547826	2021-07-01	2021-07-07	Rosemarie Riditch	bvxpytcuqk	\N	\N	\N	\N	\N	829	647
581	2022-06-13 10:42:07.550756	2022-06-13 10:42:07.550756	2022-05-10	2022-01-09	Jo Waddingham	gkmydrjhxfnctv	\N	\N	\N	\N	\N	602	960
594	2022-06-13 10:42:07.554061	2022-06-13 10:42:07.554061	2022-05-29	2022-03-21	Rebecca Donner	cfekvoyszraxnqwjpig	\N	\N	\N	\N	\N	661	772
604	2022-06-13 10:42:07.556471	2022-06-13 10:42:07.556471	2022-01-16	2021-11-18	Nicholas Olorenshaw	luyfqvekzoand	\N	\N	\N	\N	\N	75	83
612	2022-06-13 10:42:07.558803	2022-06-13 10:42:07.558803	2022-05-04	2021-08-14	Kelsi Husby	vglcofphsreaximukj	\N	\N	\N	\N	\N	133	339
621	2022-06-13 10:42:07.561001	2022-06-13 10:42:07.561001	2021-12-21	2021-12-29	Tyne Mongin	wozgelrbyf	\N	\N	\N	\N	\N	804	387
631	2022-06-13 10:42:07.563393	2022-06-13 10:42:07.563393	2022-05-03	2021-12-17	Wenda McGruar	gwnetrxjklzvfspahud	\N	\N	\N	\N	\N	635	805
642	2022-06-13 10:42:07.565888	2022-06-13 10:42:07.565888	2021-07-05	2022-03-24	Albertina Bartolomeoni	bwpnudsexhmjtkofyr	\N	\N	\N	\N	\N	226	570
654	2022-06-13 10:42:07.568302	2022-06-13 10:42:07.568302	2021-11-21	2021-12-21	Brodie Connolly	vnskoaucwbpdqehmgl	\N	\N	\N	\N	\N	232	881
661	2022-06-13 10:42:07.582498	2022-06-13 10:42:07.582498	2021-09-28	2021-07-13	Jeremie Bricket	lxqwrdjbtkynmgvh	\N	\N	\N	\N	\N	706	538
670	2022-06-13 10:42:07.584455	2022-06-13 10:42:07.584455	2022-05-27	2022-01-15	Normie Million	umsahqoibjl	\N	\N	\N	\N	\N	204	521
679	2022-06-13 10:42:07.586891	2022-06-13 10:42:07.586891	2021-07-04	2022-03-29	Ardra Riolfi	cgrxubpkiq	\N	\N	\N	\N	\N	134	658
689	2022-06-13 10:42:07.589175	2022-06-13 10:42:07.589175	2021-10-16	2022-03-17	Kile Izakson	dgivslkxbajuqt	\N	\N	\N	\N	\N	379	578
698	2022-06-13 10:42:07.591681	2022-06-13 10:42:07.591681	2022-03-27	2022-04-10	Hunt Brannon	vzfrqbtujcd	\N	\N	\N	\N	\N	324	537
707	2022-06-13 10:42:07.594246	2022-06-13 10:42:07.594246	2022-01-07	2021-09-04	Levon Eddins	hsnukrxcaj	\N	\N	\N	\N	\N	189	298
2	2022-06-13 10:42:07.276324	2022-06-13 10:42:07.276324	2021-09-15	2021-07-31	Daniella Tunno	ubyhpfxzetwkdvricgml	\N	\N	\N	\N	\N	714	289
17	2022-06-13 10:42:07.30408	2022-06-13 10:42:07.30408	2021-12-20	2022-06-06	Harlen Kruschev	zcowmnkayhsbtxrdgf	\N	\N	\N	\N	\N	809	370
23	2022-06-13 10:42:07.308639	2022-06-13 10:42:07.308639	2021-07-13	2021-07-19	Salomon Tarbet	cutlwxkmrzidojnqgy	\N	\N	\N	\N	\N	819	841
27	2022-06-13 10:42:07.329301	2022-06-13 10:42:07.329301	2022-04-28	2022-03-02	Amalita Hillitt	rkvwxgjuntadhl	\N	\N	\N	\N	\N	710	392
36	2022-06-13 10:42:07.331924	2022-06-13 10:42:07.331924	2021-10-15	2021-11-01	Edward McKearnen	mruyspaozbfjg	\N	\N	\N	\N	\N	832	768
43	2022-06-13 10:42:07.336236	2022-06-13 10:42:07.336236	2021-10-13	2022-05-31	Vanya Sibyllina	tiwgkblorfxjmac	\N	\N	\N	\N	\N	232	88
60	2022-06-13 10:42:07.340942	2022-06-13 10:42:07.340942	2022-01-18	2021-11-26	Kate Skirvin	zbodpfctqskrli	\N	\N	\N	\N	\N	771	287
69	2022-06-13 10:42:07.364611	2022-06-13 10:42:07.364611	2021-06-26	2022-06-07	Kip Andress	xjnuemlqiptogky	\N	\N	\N	\N	\N	221	663
78	2022-06-13 10:42:07.378205	2022-06-13 10:42:07.378205	2022-01-21	2021-10-23	Modestine Gofton	sfpnchadeqb	\N	\N	\N	\N	\N	804	693
82	2022-06-13 10:42:07.381379	2022-06-13 10:42:07.381379	2021-11-16	2021-08-24	Marven Laxton	epsnrlawhizkotqmvuyd	\N	\N	\N	\N	\N	417	915
96	2022-06-13 10:42:07.384488	2022-06-13 10:42:07.384488	2021-07-11	2021-11-28	Walt Formilli	kborjpxchiftnelzw	\N	\N	\N	\N	\N	672	525
101	2022-06-13 10:42:07.386343	2022-06-13 10:42:07.386343	2021-08-01	2022-05-06	Ardine Waggitt	vmbqpehjdsaw	\N	\N	\N	\N	\N	614	670
116	2022-06-13 10:42:07.389073	2022-06-13 10:42:07.389073	2022-04-29	2022-06-11	Riva Rougier	qwtxacvprbghml	\N	\N	\N	\N	\N	203	859
122	2022-06-13 10:42:07.390979	2022-06-13 10:42:07.390979	2021-10-09	2021-11-10	Chance Maden	xftloqsvbnwuaidmk	\N	\N	\N	\N	\N	369	362
133	2022-06-13 10:42:07.393758	2022-06-13 10:42:07.393758	2021-07-24	2022-05-11	Dennie Kibel	gcwknfxoumptiydh	\N	\N	\N	\N	\N	487	967
141	2022-06-13 10:42:07.407885	2022-06-13 10:42:07.407885	2022-01-30	2022-01-24	Constantia Midson	dzpwbqvemy	\N	\N	\N	\N	\N	430	281
150	2022-06-13 10:42:07.410229	2022-06-13 10:42:07.410229	2022-02-25	2021-07-17	Rainer Fenelow	unmkbqgwaejxlcs	\N	\N	\N	\N	\N	711	494
160	2022-06-13 10:42:07.413056	2022-06-13 10:42:07.413056	2022-05-06	2022-02-24	Lusa Kentwell	asgmljyucviqe	\N	\N	\N	\N	\N	376	368
169	2022-06-13 10:42:07.415341	2022-06-13 10:42:07.415341	2021-12-31	2022-02-26	Aprilette Marzele	payoqtundwv	\N	\N	\N	\N	\N	928	684
179	2022-06-13 10:42:07.417749	2022-06-13 10:42:07.417749	2022-04-05	2022-02-04	Gilli Freckingham	ocmwisaprzeyjn	\N	\N	\N	\N	\N	179	546
190	2022-06-13 10:42:07.420108	2022-06-13 10:42:07.420108	2022-04-28	2022-05-18	Boycie Pelfer	pigusazdbjhkfmoxc	\N	\N	\N	\N	\N	907	826
198	2022-06-13 10:42:07.422323	2022-06-13 10:42:07.422323	2021-12-26	2022-05-16	Hew Southward	vrhbctiquagx	\N	\N	\N	\N	\N	82	323
208	2022-06-13 10:42:07.424601	2022-06-13 10:42:07.424601	2021-07-31	2021-12-24	Danny Going	zercpmbisxuv	\N	\N	\N	\N	\N	879	959
219	2022-06-13 10:42:07.427057	2022-06-13 10:42:07.427057	2021-11-04	2022-04-11	Zeke Devil	sphcmrdluxfa	\N	\N	\N	\N	\N	666	646
230	2022-06-13 10:42:07.429391	2022-06-13 10:42:07.429391	2022-03-14	2022-04-10	Findlay Desvignes	qgkjlnxpyeauszwcri	\N	\N	\N	\N	\N	435	513
239	2022-06-13 10:42:07.431718	2022-06-13 10:42:07.431718	2022-05-11	2022-03-30	Branden Hannam	hfbkgxdslpctuozrwev	\N	\N	\N	\N	\N	763	257
249	2022-06-13 10:42:07.434104	2022-06-13 10:42:07.434104	2021-11-17	2022-04-13	Daisy Rapson	eitduobkvrmswhfgc	\N	\N	\N	\N	\N	309	553
258	2022-06-13 10:42:07.436356	2022-06-13 10:42:07.436356	2021-12-18	2021-09-02	Morrie Franzoli	xnsoalhpbtvr	\N	\N	\N	\N	\N	540	495
269	2022-06-13 10:42:07.438799	2022-06-13 10:42:07.438799	2022-05-13	2021-10-13	Garrett Leghorn	rvsucpbmad	\N	\N	\N	\N	\N	841	468
278	2022-06-13 10:42:07.441037	2022-06-13 10:42:07.441037	2021-12-04	2022-06-09	Tori Dehm	miflosuzhnktvcxj	\N	\N	\N	\N	\N	289	87
290	2022-06-13 10:42:07.443562	2022-06-13 10:42:07.443562	2022-02-02	2022-01-20	Rockwell MacAndie	vqasltzpyijcebkru	\N	\N	\N	\N	\N	367	705
299	2022-06-13 10:42:07.446208	2022-06-13 10:42:07.446208	2022-05-20	2021-10-05	Lorna Vincent	sfbrdvjlcpeamunq	\N	\N	\N	\N	\N	923	972
310	2022-06-13 10:42:07.448905	2022-06-13 10:42:07.448905	2022-06-04	2021-06-24	Donny Sterricker	rdgiobuexv	\N	\N	\N	\N	\N	471	229
318	2022-06-13 10:42:07.451082	2022-06-13 10:42:07.451082	2022-03-04	2022-02-21	Christoph Haycroft	zyqfenkowrcgmvabjx	\N	\N	\N	\N	\N	455	537
328	2022-06-13 10:42:07.453398	2022-06-13 10:42:07.453398	2021-06-16	2021-08-09	Alix Grcic	hivebpgfdk	\N	\N	\N	\N	\N	876	569
340	2022-06-13 10:42:07.455865	2022-06-13 10:42:07.455865	2021-07-16	2022-03-31	Kissie Maciak	cwrfgmaeolsbixtpj	\N	\N	\N	\N	\N	674	487
349	2022-06-13 10:42:07.458144	2022-06-13 10:42:07.458144	2022-02-23	2021-07-31	Sylvester Slamaker	lrazehkfqytpjvbou	\N	\N	\N	\N	\N	818	476
358	2022-06-13 10:42:07.460285	2022-06-13 10:42:07.460285	2022-03-24	2021-08-26	Pammi Blessed	vydxknibrmhewoluc	\N	\N	\N	\N	\N	941	308
368	2022-06-13 10:42:07.462687	2022-06-13 10:42:07.462687	2021-07-31	2021-06-21	Evelina Blaiklock	aoprjxlfmyesdwvgb	\N	\N	\N	\N	\N	594	659
377	2022-06-13 10:42:07.47621	2022-06-13 10:42:07.47621	2022-02-19	2022-01-28	Giselbert Westhofer	mebqshapwfuoz	\N	\N	\N	\N	\N	138	505
388	2022-06-13 10:42:07.479275	2022-06-13 10:42:07.479275	2022-02-03	2021-09-08	Cathie Bremond	kihslaguqcyzj	\N	\N	\N	\N	\N	569	445
391	2022-06-13 10:42:07.481222	2022-06-13 10:42:07.481222	2021-08-27	2021-09-18	Miner Ferrillo	eysxgzplwutmcbk	\N	\N	\N	\N	\N	996	245
403	2022-06-13 10:42:07.483683	2022-06-13 10:42:07.483683	2022-06-01	2021-12-21	Tallie Fogden	igfvuostexchbqzpw	\N	\N	\N	\N	\N	894	559
415	2022-06-13 10:42:07.486351	2022-06-13 10:42:07.486351	2021-11-08	2022-04-27	Lola Wilce	mkoxeflnyht	\N	\N	\N	\N	\N	220	491
421	2022-06-13 10:42:07.488307	2022-06-13 10:42:07.488307	2021-07-04	2022-02-13	Milissent Glaserman	cdywfavklp	\N	\N	\N	\N	\N	274	388
430	2022-06-13 10:42:07.490785	2022-06-13 10:42:07.490785	2022-05-21	2021-09-20	Marten Gallichiccio	ghvscrzjwuxndpytmlko	\N	\N	\N	\N	\N	328	466
443	2022-06-13 10:42:07.494197	2022-06-13 10:42:07.494197	2021-10-11	2022-05-18	Freedman Greenland	fnagiqymcrojlezwhb	\N	\N	\N	\N	\N	282	680
453	2022-06-13 10:42:07.517741	2022-06-13 10:42:07.517741	2022-03-07	2021-09-15	Roth Reedy	adygnsmqjipueovxkt	\N	\N	\N	\N	\N	544	655
462	2022-06-13 10:42:07.520127	2022-06-13 10:42:07.520127	2022-02-07	2021-07-21	Tessie Huckin	audzcrmxblktoyvisnpq	\N	\N	\N	\N	\N	482	68
471	2022-06-13 10:42:07.522594	2022-06-13 10:42:07.522594	2021-07-23	2021-11-28	Marney Tremblett	ugncjswxmbzqveork	\N	\N	\N	\N	\N	350	275
480	2022-06-13 10:42:07.52502	2022-06-13 10:42:07.52502	2021-10-07	2022-03-20	Merrili Daspar	xhdacnftwjumrq	\N	\N	\N	\N	\N	918	743
491	2022-06-13 10:42:07.527427	2022-06-13 10:42:07.527427	2021-11-12	2021-08-10	Eolanda McLeman	idnxgbkoqjvs	\N	\N	\N	\N	\N	371	428
500	2022-06-13 10:42:07.529681	2022-06-13 10:42:07.529681	2022-02-19	2021-09-05	Yard Troy	dmhtkivrazyucqojng	\N	\N	\N	\N	\N	141	952
511	2022-06-13 10:42:07.532318	2022-06-13 10:42:07.532318	2021-07-08	2021-08-26	Lidia Swindells	lfgesbvncdzyjhork	\N	\N	\N	\N	\N	870	815
520	2022-06-13 10:42:07.534479	2022-06-13 10:42:07.534479	2021-08-15	2021-09-25	Jo Hannabus	xuhkpezgjmnibc	\N	\N	\N	\N	\N	967	271
531	2022-06-13 10:42:07.536931	2022-06-13 10:42:07.536931	2022-04-27	2021-08-21	Putnam Smerdon	rdkhunyawflqemvzis	\N	\N	\N	\N	\N	797	637
540	2022-06-13 10:42:07.53921	2022-06-13 10:42:07.53921	2022-02-10	2021-10-29	Emmaline Langthorne	hwaobtpjrs	\N	\N	\N	\N	\N	687	64
550	2022-06-13 10:42:07.541769	2022-06-13 10:42:07.541769	2022-05-18	2021-07-18	Lenette Frankiss	rsteogxpbnkidwmqcyua	\N	\N	\N	\N	\N	785	706
560	2022-06-13 10:42:07.543965	2022-06-13 10:42:07.543965	2021-10-09	2021-12-20	Mendie Imesen	fwczrvnymkodbj	\N	\N	\N	\N	\N	917	663
567	2022-06-13 10:42:07.547564	2022-06-13 10:42:07.547564	2022-06-03	2021-09-17	Damon McKinley	gzhsvnpqfiljwumcrdk	\N	\N	\N	\N	\N	889	109
579	2022-06-13 10:42:07.550528	2022-06-13 10:42:07.550528	2021-06-18	2021-11-23	Bryant Moffett	taywzbgieorlmdjck	\N	\N	\N	\N	\N	525	606
585	2022-06-13 10:42:07.552636	2022-06-13 10:42:07.552636	2021-08-11	2022-05-16	Brit Michel	vcnkmlwjixgd	\N	\N	\N	\N	\N	45	894
599	2022-06-13 10:42:07.555338	2022-06-13 10:42:07.555338	2022-05-21	2021-11-29	Anthony Kemm	zsrqhlutcnefmgbki	\N	\N	\N	\N	\N	928	808
606	2022-06-13 10:42:07.557587	2022-06-13 10:42:07.557587	2021-06-24	2021-09-18	Suzann Lownds	wuxjyacfdql	\N	\N	\N	\N	\N	820	281
615	2022-06-13 10:42:07.559773	2022-06-13 10:42:07.559773	2022-01-09	2021-12-15	Clement Gerhartz	lngosaxiwuhr	\N	\N	\N	\N	\N	969	371
628	2022-06-13 10:42:07.562458	2022-06-13 10:42:07.562458	2021-06-12	2022-04-02	Kienan McCullock	pstgrwzvcxlmei	\N	\N	\N	\N	\N	414	408
636	2022-06-13 10:42:07.564614	2022-06-13 10:42:07.564614	2021-07-10	2021-10-23	Koral Mattingson	dqmchlaznfgpotyjuw	\N	\N	\N	\N	\N	763	716
646	2022-06-13 10:42:07.567119	2022-06-13 10:42:07.567119	2021-10-15	2021-10-24	Ginelle Fine	cxlmhtzwadfyubj	\N	\N	\N	\N	\N	644	487
659	2022-06-13 10:42:07.569802	2022-06-13 10:42:07.569802	2021-06-16	2022-06-05	Fancy Passo	tqivasjemnfzdxoukpch	\N	\N	\N	\N	\N	852	79
665	2022-06-13 10:42:07.58286	2022-06-13 10:42:07.58286	2022-02-27	2021-11-21	Tobie Parr	dfuakmjqgezsn	\N	\N	\N	\N	\N	614	512
674	2022-06-13 10:42:07.586015	2022-06-13 10:42:07.586015	2022-01-28	2022-06-09	Angus Busch	ltesyaxmgqdrcibzkphw	\N	\N	\N	\N	\N	334	915
682	2022-06-13 10:42:07.588246	2022-06-13 10:42:07.588246	2022-03-30	2021-09-21	Hamilton Bassill	ysrdwvbjehac	\N	\N	\N	\N	\N	980	996
696	2022-06-13 10:42:07.590797	2022-06-13 10:42:07.590797	2021-06-12	2021-08-13	Renaud Breeds	wlniqaucktrvgxsj	\N	\N	\N	\N	\N	802	932
10	2022-06-13 10:42:07.304229	2022-06-13 10:42:07.304229	2022-01-26	2022-04-13	Hadlee Parkhouse	inuxacehozmlq	\N	\N	\N	\N	\N	612	441
25	2022-06-13 10:42:07.309952	2022-06-13 10:42:07.309952	2021-08-27	2021-09-11	Rudolph Maleck	hpyltaxoqznrcgjfwkue	\N	\N	\N	\N	\N	100	897
33	2022-06-13 10:42:07.330708	2022-06-13 10:42:07.330708	2021-06-21	2021-12-24	Chastity Aspinall	pmkzwrnoqlhy	\N	\N	\N	\N	\N	765	459
38	2022-06-13 10:42:07.333953	2022-06-13 10:42:07.333953	2022-01-17	2021-08-04	Wildon Chucks	zlhsoxkieaqufvrw	\N	\N	\N	\N	\N	260	142
48	2022-06-13 10:42:07.33755	2022-06-13 10:42:07.33755	2022-01-09	2021-12-23	Trumann McGebenay	ndgejlovruqwxfyis	\N	\N	\N	\N	\N	92	673
870	2022-06-13 10:42:07.650645	2022-06-13 10:42:07.650645	2022-03-03	2021-10-22	Jennilee Dalbey	atrskmlhuycpxeobg	\N	\N	\N	\N	\N	995	962
903	2022-06-13 10:42:07.655309	2022-06-13 10:42:07.655309	2022-05-31	2021-10-22	Barnaby Obispo	nsaioyvwpeu	\N	\N	\N	\N	\N	480	185
912	2022-06-13 10:42:07.657515	2022-06-13 10:42:07.657515	2021-09-14	2021-06-16	Belicia Burrill	acfzlgrehujmxdkqo	\N	\N	\N	\N	\N	909	813
923	2022-06-13 10:42:07.65989	2022-06-13 10:42:07.65989	2021-07-02	2021-10-17	Lamar Merwede	xzlkoicprs	\N	\N	\N	\N	\N	245	900
933	2022-06-13 10:42:07.66202	2022-06-13 10:42:07.66202	2022-05-16	2021-06-30	Myrtice Nan Carrow	hjrgbkuvimdnefwq	\N	\N	\N	\N	\N	445	87
938	2022-06-13 10:42:07.664059	2022-06-13 10:42:07.664059	2021-06-23	2022-03-05	Kippar Pummell	ywenkqljuzgvad	\N	\N	\N	\N	\N	769	420
952	2022-06-13 10:42:07.666737	2022-06-13 10:42:07.666737	2022-03-17	2022-01-10	Fritz Dartnall	lebcyhwqmuvzjgpxdsnt	\N	\N	\N	\N	\N	668	100
963	2022-06-13 10:42:07.669095	2022-06-13 10:42:07.669095	2021-09-15	2021-12-02	Cally Glaves	srwbuvykeonfmpzajldt	\N	\N	\N	\N	\N	529	611
969	2022-06-13 10:42:07.671055	2022-06-13 10:42:07.671055	2021-11-15	2022-01-22	Karney Gulliford	mgxanctslpwi	\N	\N	\N	\N	\N	876	158
980	2022-06-13 10:42:07.673515	2022-06-13 10:42:07.673515	2021-09-30	2021-09-20	Chariot Arondel	flgoupwbktmvezsydi	\N	\N	\N	\N	\N	1000	354
989	2022-06-13 10:42:07.676037	2022-06-13 10:42:07.676037	2022-03-31	2022-02-26	Reba Hearty	nszoyrxdcelwmufgikj	\N	\N	\N	\N	\N	597	871
999	2022-06-13 10:42:07.678392	2022-06-13 10:42:07.678392	2022-01-31	2021-12-13	Cullan Cescotti	txefhcrobkavumpldi	\N	\N	\N	\N	\N	695	697
3	2022-06-13 10:42:07.30442	2022-06-13 10:42:07.30442	2022-01-07	2021-12-12	Haleigh Cheavin	fzlhxjmarqusdyitnokg	\N	\N	\N	\N	\N	593	12
26	2022-06-13 10:42:07.310109	2022-06-13 10:42:07.310109	2021-07-13	2021-11-12	Taddeo Stallybrass	rsvayxkzpneucwf	\N	\N	\N	\N	\N	812	209
35	2022-06-13 10:42:07.330941	2022-06-13 10:42:07.330941	2022-05-29	2022-01-22	Tiffani McSkin	pdsmtqbuoagheywnj	\N	\N	\N	\N	\N	248	50
44	2022-06-13 10:42:07.336653	2022-06-13 10:42:07.336653	2022-01-16	2021-11-07	Agata Gansbuhler	gmkefaxtbysnhdulqij	\N	\N	\N	\N	\N	598	484
57	2022-06-13 10:42:07.34062	2022-06-13 10:42:07.34062	2022-06-03	2022-02-24	Dante Loftie	wuhcbextfrpljzo	\N	\N	\N	\N	\N	33	966
65	2022-06-13 10:42:07.364201	2022-06-13 10:42:07.364201	2021-08-26	2022-06-10	Tildie Biesty	mabjskidwtxyg	\N	\N	\N	\N	\N	259	162
74	2022-06-13 10:42:07.377771	2022-06-13 10:42:07.377771	2021-11-19	2021-09-29	Car Lecointe	shuyjtvromnaxfiz	\N	\N	\N	\N	\N	446	416
89	2022-06-13 10:42:07.382003	2022-06-13 10:42:07.382003	2022-01-17	2021-12-20	Wylma Runnicles	nhcywvrkjfg	\N	\N	\N	\N	\N	881	191
95	2022-06-13 10:42:07.384414	2022-06-13 10:42:07.384414	2022-05-10	2021-12-27	Kippy Navarro	eukmiftzjvsxpnbqac	\N	\N	\N	\N	\N	73	756
102	2022-06-13 10:42:07.386405	2022-06-13 10:42:07.386405	2022-02-08	2021-12-20	Chelsie Donohoe	ptoqxijykshvdlzganu	\N	\N	\N	\N	\N	623	678
112	2022-06-13 10:42:07.388717	2022-06-13 10:42:07.388717	2022-03-11	2021-09-22	Lutero Bridgstock	zpasumqjncxforbvd	\N	\N	\N	\N	\N	30	72
124	2022-06-13 10:42:07.391199	2022-06-13 10:42:07.391199	2021-11-25	2021-08-03	Charo Davydoch	gojrqhcwbx	\N	\N	\N	\N	\N	7	346
135	2022-06-13 10:42:07.393897	2022-06-13 10:42:07.393897	2022-03-15	2022-04-18	Della Byford	myzlptrkwueh	\N	\N	\N	\N	\N	661	244
146	2022-06-13 10:42:07.40838	2022-06-13 10:42:07.40838	2022-04-20	2021-12-25	Elianore Kidwell	wrqxysoahvjtumbcg	\N	\N	\N	\N	\N	142	90
154	2022-06-13 10:42:07.41203	2022-06-13 10:42:07.41203	2021-12-05	2021-09-29	Cyb Pittendreigh	hjmwafsvbtyupqi	\N	\N	\N	\N	\N	395	314
166	2022-06-13 10:42:07.414521	2022-06-13 10:42:07.414521	2021-11-06	2022-01-29	Wyn Combe	gjzpdkcqlyi	\N	\N	\N	\N	\N	987	177
177	2022-06-13 10:42:07.41696	2022-06-13 10:42:07.41696	2021-08-14	2021-06-16	Inness Iacobacci	ajxolnubthw	\N	\N	\N	\N	\N	542	45
184	2022-06-13 10:42:07.419062	2022-06-13 10:42:07.419062	2022-02-14	2021-07-10	Olwen Gilbeart	nlejzfctbxkywopdm	\N	\N	\N	\N	\N	653	276
195	2022-06-13 10:42:07.421485	2022-06-13 10:42:07.421485	2021-10-07	2022-06-10	Marwin Keynes	hagxnzcodfjypk	\N	\N	\N	\N	\N	887	326
202	2022-06-13 10:42:07.423546	2022-06-13 10:42:07.423546	2021-08-21	2021-07-28	Dirk Lotwich	bdrtujpskognfqwy	\N	\N	\N	\N	\N	897	815
216	2022-06-13 10:42:07.426281	2022-06-13 10:42:07.426281	2021-09-29	2022-03-26	Dorothy Ikringill	senxmglafudcpwrk	\N	\N	\N	\N	\N	801	457
221	2022-06-13 10:42:07.428154	2022-06-13 10:42:07.428154	2021-10-05	2022-05-11	Erick Gissop	zaiowmknyc	\N	\N	\N	\N	\N	709	57
231	2022-06-13 10:42:07.430464	2022-06-13 10:42:07.430464	2022-04-24	2021-07-24	Dianne Pringour	jkdlyzcboi	\N	\N	\N	\N	\N	753	572
246	2022-06-13 10:42:07.433259	2022-06-13 10:42:07.433259	2021-07-21	2021-09-03	Donia Giampietro	ytxlzbfoap	\N	\N	\N	\N	\N	906	556
256	2022-06-13 10:42:07.435432	2022-06-13 10:42:07.435432	2021-09-20	2021-07-10	Mirabella Isabell	cupsxjgfaymvt	\N	\N	\N	\N	\N	343	243
266	2022-06-13 10:42:07.437905	2022-06-13 10:42:07.437905	2021-08-21	2022-03-12	Keeley Greystoke	wmdtncijflxakuqszvpe	\N	\N	\N	\N	\N	234	875
272	2022-06-13 10:42:07.439894	2022-06-13 10:42:07.439894	2022-01-28	2022-04-05	Emanuele Derington	bhivxnwruykfzelq	\N	\N	\N	\N	\N	139	887
283	2022-06-13 10:42:07.442416	2022-06-13 10:42:07.442416	2021-08-31	2022-05-10	Emlen Hollyar	puhjvdalotsefxgzcqi	\N	\N	\N	\N	\N	966	639
293	2022-06-13 10:42:07.445081	2022-06-13 10:42:07.445081	2022-04-28	2022-04-13	Alicia Indgs	wgoxquldcsntayhiefrv	\N	\N	\N	\N	\N	648	137
302	2022-06-13 10:42:07.44746	2022-06-13 10:42:07.44746	2021-07-17	2021-11-02	Iolande Scamp	bltuzngskayoew	\N	\N	\N	\N	\N	973	595
312	2022-06-13 10:42:07.44981	2022-06-13 10:42:07.44981	2022-05-01	2021-10-18	Angel Milbourne	mdqkixgwyan	\N	\N	\N	\N	\N	280	757
322	2022-06-13 10:42:07.452241	2022-06-13 10:42:07.452241	2021-09-11	2021-09-11	Bert Boothby	ihfsznprtolujdewb	\N	\N	\N	\N	\N	588	14
332	2022-06-13 10:42:07.454571	2022-06-13 10:42:07.454571	2022-04-26	2022-02-17	Flory Klaiser	byldewogfkvuz	\N	\N	\N	\N	\N	472	914
341	2022-06-13 10:42:07.456767	2022-06-13 10:42:07.456767	2022-04-10	2022-04-15	Terry Gudd	mwypskotalqdnf	\N	\N	\N	\N	\N	96	709
352	2022-06-13 10:42:07.459204	2022-06-13 10:42:07.459204	2022-05-03	2022-05-10	Regan Jankovsky	qoxfibdytkgv	\N	\N	\N	\N	\N	353	579
364	2022-06-13 10:42:07.461784	2022-06-13 10:42:07.461784	2021-08-31	2021-09-26	Russ Pleaden	lxuhdmrtbsfagynoz	\N	\N	\N	\N	\N	726	51
372	2022-06-13 10:42:07.475767	2022-06-13 10:42:07.475767	2022-03-16	2022-03-29	Cosme Boyford	hxjzmpgkciq	\N	\N	\N	\N	\N	194	892
387	2022-06-13 10:42:07.479208	2022-06-13 10:42:07.479208	2022-02-05	2021-10-10	Stesha Gaine	jytdxvpszho	\N	\N	\N	\N	\N	733	231
390	2022-06-13 10:42:07.481132	2022-06-13 10:42:07.481132	2021-10-03	2022-01-26	Chancey Fanthome	wqhotxydlkebi	\N	\N	\N	\N	\N	566	192
401	2022-06-13 10:42:07.483474	2022-06-13 10:42:07.483474	2021-11-25	2021-08-16	Perry Klimov	natrbwgdmhqklxjiuyvs	\N	\N	\N	\N	\N	743	937
416	2022-06-13 10:42:07.486431	2022-06-13 10:42:07.486431	2021-08-26	2021-09-09	Cissy MacShane	vlzsjghwcyaqmebn	\N	\N	\N	\N	\N	726	36
424	2022-06-13 10:42:07.488687	2022-06-13 10:42:07.488687	2022-04-21	2021-11-25	Tracy Heatley	sbytkzafxqh	\N	\N	\N	\N	\N	385	842
432	2022-06-13 10:42:07.490837	2022-06-13 10:42:07.490837	2021-08-27	2022-03-23	Kellen Blundan	pzxvnmitawhsuekj	\N	\N	\N	\N	\N	847	208
444	2022-06-13 10:42:07.494284	2022-06-13 10:42:07.494284	2021-12-07	2021-10-18	Guendolen Okey	uqzywglfireoxd	\N	\N	\N	\N	\N	836	916
457	2022-06-13 10:42:07.518172	2022-06-13 10:42:07.518172	2022-05-13	2022-02-22	Jaymee Croyden	djxehcawtpknzismlqo	\N	\N	\N	\N	\N	366	560
470	2022-06-13 10:42:07.522019	2022-06-13 10:42:07.522019	2022-05-21	2021-07-29	Beryle Hobble	vnqejmzcsgablk	\N	\N	\N	\N	\N	132	72
481	2022-06-13 10:42:07.525074	2022-06-13 10:42:07.525074	2022-06-11	2022-04-22	Anni Magrane	rqziwvpdyukjf	\N	\N	\N	\N	\N	731	373
490	2022-06-13 10:42:07.527329	2022-06-13 10:42:07.527329	2022-05-16	2022-02-04	Warner Sedgefield	nlusexzidk	\N	\N	\N	\N	\N	935	197
499	2022-06-13 10:42:07.529614	2022-06-13 10:42:07.529614	2022-01-25	2022-06-02	Moise Wroath	shqvkbnaegcyiuxltmwf	\N	\N	\N	\N	\N	216	556
510	2022-06-13 10:42:07.532205	2022-06-13 10:42:07.532205	2021-07-16	2021-08-18	Brody Ivantyev	qbsgjyaxfetkziomlcw	\N	\N	\N	\N	\N	678	871
519	2022-06-13 10:42:07.534418	2022-06-13 10:42:07.534418	2022-05-05	2021-10-02	Fannie Merfin	hefvunyikablpoqxmrwc	\N	\N	\N	\N	\N	63	987
529	2022-06-13 10:42:07.536784	2022-06-13 10:42:07.536784	2022-04-29	2022-01-05	Ram Claiden	mdfbxghwapliyetjvqr	\N	\N	\N	\N	\N	534	977
539	2022-06-13 10:42:07.539144	2022-06-13 10:42:07.539144	2021-07-14	2021-08-17	Phip Adelsberg	zvodugjfxrikl	\N	\N	\N	\N	\N	709	326
547	2022-06-13 10:42:07.541492	2022-06-13 10:42:07.541492	2022-01-11	2022-01-27	Addy MacDonell	qucxvahebylrwkg	\N	\N	\N	\N	\N	956	429
557	2022-06-13 10:42:07.543773	2022-06-13 10:42:07.543773	2021-09-13	2022-04-02	Brittne Longhorn	kdbojmvywulazxsrenpt	\N	\N	\N	\N	\N	296	304
565	2022-06-13 10:42:07.547673	2022-06-13 10:42:07.547673	2021-11-13	2022-02-22	Eddy Weeds	ywaemtjzxcsvibukf	\N	\N	\N	\N	\N	409	945
583	2022-06-13 10:42:07.550876	2022-06-13 10:42:07.550876	2022-06-11	2022-06-02	Merle Grund	qiefavsukcltmyzd	\N	\N	\N	\N	\N	596	254
591	2022-06-13 10:42:07.553823	2022-06-13 10:42:07.553823	2021-09-09	2021-10-20	Catie Loxdale	fuqjhyxesvtlirmd	\N	\N	\N	\N	\N	258	865
602	2022-06-13 10:42:07.556347	2022-06-13 10:42:07.556347	2022-04-30	2022-05-09	Prisca Le Guin	bgnstojqxwmzu	\N	\N	\N	\N	\N	447	812
613	2022-06-13 10:42:07.558883	2022-06-13 10:42:07.558883	2021-08-01	2021-11-23	Raina Heaton	bkfosiphdavgjwz	\N	\N	\N	\N	\N	293	108
623	2022-06-13 10:42:07.561171	2022-06-13 10:42:07.561171	2021-07-06	2021-10-28	Rand De Meis	dcxqzfweuhbartnsp	\N	\N	\N	\N	\N	103	701
632	2022-06-13 10:42:07.563452	2022-06-13 10:42:07.563452	2021-07-05	2022-05-18	Julia Bambrick	lfazyjnpvckr	\N	\N	\N	\N	\N	56	735
644	2022-06-13 10:42:07.5663	2022-06-13 10:42:07.5663	2022-06-06	2022-03-20	Erik Scurrah	lyjfuwsvanexq	\N	\N	\N	\N	\N	642	253
652	2022-06-13 10:42:07.568149	2022-06-13 10:42:07.568149	2021-08-28	2022-02-23	Salomone Sterndale	qwyvldhgjofzxasiumb	\N	\N	\N	\N	\N	95	999
664	2022-06-13 10:42:07.582764	2022-06-13 10:42:07.582764	2022-02-09	2021-10-24	Idalia Thacker	sqziajkpdcxmgvhf	\N	\N	\N	\N	\N	234	506
672	2022-06-13 10:42:07.58583	2022-06-13 10:42:07.58583	2022-06-03	2022-04-11	Loydie Mouser	taxzlksvwmde	\N	\N	\N	\N	\N	248	366
680	2022-06-13 10:42:07.588055	2022-06-13 10:42:07.588055	2021-08-28	2022-04-27	Yorke Phelit	wdzyxipafevmqnlusgjh	\N	\N	\N	\N	\N	924	849
690	2022-06-13 10:42:07.590346	2022-06-13 10:42:07.590346	2021-09-22	2021-10-19	Cassandra Doole	oythrjugzfeaikdws	\N	\N	\N	\N	\N	512	393
700	2022-06-13 10:42:07.593153	2022-06-13 10:42:07.593153	2021-07-12	2022-03-29	Drucy Garratt	kzxocgtqnwvhay	\N	\N	\N	\N	\N	408	277
712	2022-06-13 10:42:07.595543	2022-06-13 10:42:07.595543	2022-04-14	2021-11-03	Devy Bulbeck	kwqacyspuhmdtg	\N	\N	\N	\N	\N	313	986
721	2022-06-13 10:42:07.597902	2022-06-13 10:42:07.597902	2022-01-06	2021-06-22	Dorothea Bleiman	artlhefckbxsovzdguw	\N	\N	\N	\N	\N	817	740
730	2022-06-13 10:42:07.600321	2022-06-13 10:42:07.600321	2022-05-11	2021-06-15	Vivi Waplington	mtfdiawcexr	\N	\N	\N	\N	\N	653	903
743	2022-06-13 10:42:07.602914	2022-06-13 10:42:07.602914	2022-06-01	2021-07-07	Dareen Lambdean	fsrqdytzckvjxg	\N	\N	\N	\N	\N	11	166
6	2022-06-13 10:42:07.274215	2022-06-13 10:42:07.274215	2021-11-10	2021-10-18	Hiram Goldsworthy	mavyhwiskbcone	\N	\N	\N	\N	\N	42	271
13	2022-06-13 10:42:07.301839	2022-06-13 10:42:07.301839	2022-03-21	2022-01-04	Gaye Kellick	pubgmxnjfylo	\N	\N	\N	\N	\N	843	173
9	2022-06-13 10:42:07.307008	2022-06-13 10:42:07.307008	2021-10-14	2022-02-15	Sarine Kreber	adsrgzelkcbvtjfuxoh	\N	\N	\N	\N	\N	10	410
22	2022-06-13 10:42:07.308507	2022-06-13 10:42:07.308507	2021-10-28	2022-01-27	Fallon Brodeur	suoitzjlqpdkebwx	\N	\N	\N	\N	\N	329	421
29	2022-06-13 10:42:07.329807	2022-06-13 10:42:07.329807	2022-02-12	2022-02-12	Sheela Peasnone	kvomtzxejgqpwicsduhl	\N	\N	\N	\N	\N	815	503
34	2022-06-13 10:42:07.330836	2022-06-13 10:42:07.330836	2021-06-26	2021-12-08	Arabella Chaudron	kzlisntauymovgwph	\N	\N	\N	\N	\N	835	745
37	2022-06-13 10:42:07.333435	2022-06-13 10:42:07.333435	2021-07-31	2022-03-18	Kellia Manzell	gpjvcnbwkmrtyex	\N	\N	\N	\N	\N	959	248
45	2022-06-13 10:42:07.337324	2022-06-13 10:42:07.337324	2022-04-18	2022-04-26	Nettle Smart	qipcoathfe	\N	\N	\N	\N	\N	644	979
49	2022-06-13 10:42:07.337665	2022-06-13 10:42:07.337665	2022-01-08	2021-07-28	Cyrus Beckley	ghimlxbqswzjuy	\N	\N	\N	\N	\N	336	439
54	2022-06-13 10:42:07.340384	2022-06-13 10:42:07.340384	2021-11-22	2022-04-08	Marne Ackenson	kymnsfbjizprx	\N	\N	\N	\N	\N	252	3
58	2022-06-13 10:42:07.340706	2022-06-13 10:42:07.340706	2022-02-13	2022-04-14	Elna Battelle	lsnhqbaidktwoevp	\N	\N	\N	\N	\N	386	38
66	2022-06-13 10:42:07.364293	2022-06-13 10:42:07.364293	2021-06-17	2022-02-14	Loralie Jemmett	yvpaokmrdxbcfn	\N	\N	\N	\N	\N	639	172
67	2022-06-13 10:42:07.364292	2022-06-13 10:42:07.364292	2022-03-29	2022-03-17	Mickie Crippin	aqmzswjfdhn	\N	\N	\N	\N	\N	758	708
75	2022-06-13 10:42:07.377833	2022-06-13 10:42:07.377833	2022-05-16	2021-11-09	Hyacinth Roots	mivrnpygwoscd	\N	\N	\N	\N	\N	985	321
76	2022-06-13 10:42:07.377988	2022-06-13 10:42:07.377988	2021-06-25	2022-02-28	Bret Dienes	axnlpihsdjz	\N	\N	\N	\N	\N	183	111
84	2022-06-13 10:42:07.381522	2022-06-13 10:42:07.381522	2022-04-03	2021-09-12	Gui Alred	kshnvefopycwxqzrt	\N	\N	\N	\N	\N	333	782
87	2022-06-13 10:42:07.381819	2022-06-13 10:42:07.381819	2021-07-28	2022-05-10	Oby MacTimpany	elmtndcrbiykh	\N	\N	\N	\N	\N	311	753
91	2022-06-13 10:42:07.384134	2022-06-13 10:42:07.384134	2022-04-19	2022-02-18	Kalinda Hollow	xfswknvjyerhmigut	\N	\N	\N	\N	\N	838	357
93	2022-06-13 10:42:07.384302	2022-06-13 10:42:07.384302	2021-09-11	2022-02-02	Galvan Arlow	wpofaxvensykibjhlr	\N	\N	\N	\N	\N	265	49
103	2022-06-13 10:42:07.386478	2022-06-13 10:42:07.386478	2022-04-02	2022-05-16	John Hungerford	mfvrtcnpyalqsewoi	\N	\N	\N	\N	\N	223	551
104	2022-06-13 10:42:07.386572	2022-06-13 10:42:07.386572	2021-07-23	2022-01-20	Bernie Akister	mhaynekwpsldgu	\N	\N	\N	\N	\N	481	598
114	2022-06-13 10:42:07.388894	2022-06-13 10:42:07.388894	2021-12-30	2022-05-16	Putnem Twiddell	huqsrvzjipxdykctwgo	\N	\N	\N	\N	\N	655	680
115	2022-06-13 10:42:07.388944	2022-06-13 10:42:07.388944	2022-01-04	2022-05-26	Kelbee Crinson	pswzlhkbdn	\N	\N	\N	\N	\N	391	165
123	2022-06-13 10:42:07.391151	2022-06-13 10:42:07.391151	2022-02-10	2021-10-18	Lewiss Clymo	rqzuboasxtcgyijhpvkf	\N	\N	\N	\N	\N	52	694
125	2022-06-13 10:42:07.391314	2022-06-13 10:42:07.391314	2022-05-15	2022-03-22	Ira Raggitt	tyiznohfcruges	\N	\N	\N	\N	\N	775	129
134	2022-06-13 10:42:07.393912	2022-06-13 10:42:07.393912	2022-03-08	2021-06-16	Wayland Assiter	odxecbsftlkzuyqhmr	\N	\N	\N	\N	\N	827	224
137	2022-06-13 10:42:07.39408	2022-06-13 10:42:07.39408	2021-07-05	2021-12-23	Birgitta Flay	nztifcravg	\N	\N	\N	\N	\N	803	488
143	2022-06-13 10:42:07.408007	2022-06-13 10:42:07.408007	2021-08-08	2021-09-07	Saraann Meeny	iaqhlwvtdef	\N	\N	\N	\N	\N	371	602
149	2022-06-13 10:42:07.408712	2022-06-13 10:42:07.408712	2022-06-04	2021-11-21	Zarah Hanselman	ickphdtguwsjyle	\N	\N	\N	\N	\N	924	735
151	2022-06-13 10:42:07.411775	2022-06-13 10:42:07.411775	2022-04-05	2021-12-12	Janeen Lindenberg	cothgbemrfpvwizujn	\N	\N	\N	\N	\N	237	744
156	2022-06-13 10:42:07.412241	2022-06-13 10:42:07.412241	2022-01-12	2021-06-18	Emile Beneze	refhnczdwiumbvqjxolt	\N	\N	\N	\N	\N	742	352
161	2022-06-13 10:42:07.414169	2022-06-13 10:42:07.414169	2022-03-16	2022-05-20	Bonnee Pochin	syklcpqntgviwha	\N	\N	\N	\N	\N	314	442
162	2022-06-13 10:42:07.414253	2022-06-13 10:42:07.414253	2022-06-11	2021-12-17	Claude Coxon	gqjzxinhtokslwacvmy	\N	\N	\N	\N	\N	909	552
171	2022-06-13 10:42:07.41652	2022-06-13 10:42:07.41652	2022-02-26	2021-09-19	Eugene Cathcart	mxszajqftuhlovinepy	\N	\N	\N	\N	\N	630	414
175	2022-06-13 10:42:07.416833	2022-06-13 10:42:07.416833	2021-08-26	2022-01-12	Pen Hartigan	nlohzdcxprwijymeavb	\N	\N	\N	\N	\N	948	179
185	2022-06-13 10:42:07.419126	2022-06-13 10:42:07.419126	2022-04-04	2022-01-16	Marcelline Le Barre	ebszlwqfhvyxg	\N	\N	\N	\N	\N	830	320
187	2022-06-13 10:42:07.41931	2022-06-13 10:42:07.41931	2022-05-16	2021-06-25	Forbes Angood	gukeimasljcw	\N	\N	\N	\N	\N	412	978
196	2022-06-13 10:42:07.421547	2022-06-13 10:42:07.421547	2021-08-14	2021-07-21	Alethea Allbrook	zantcrjfbsipuekldwv	\N	\N	\N	\N	\N	215	795
197	2022-06-13 10:42:07.421593	2022-06-13 10:42:07.421593	2022-04-13	2022-03-20	Brook Benfield	sbvayltpuen	\N	\N	\N	\N	\N	122	827
201	2022-06-13 10:42:07.423456	2022-06-13 10:42:07.423456	2021-10-13	2021-09-06	Dermot MacAlees	jztmaliwyx	\N	\N	\N	\N	\N	6	802
204	2022-06-13 10:42:07.423716	2022-06-13 10:42:07.423716	2021-11-25	2021-08-01	Cecelia Heinsen	ewxhudfvqykrsijlz	\N	\N	\N	\N	\N	77	337
211	2022-06-13 10:42:07.425853	2022-06-13 10:42:07.425853	2021-11-07	2021-07-28	Wynny Greenman	wmhxjtzsfu	\N	\N	\N	\N	\N	379	68
214	2022-06-13 10:42:07.426079	2022-06-13 10:42:07.426079	2021-09-26	2021-07-22	Palmer Blowne	lhdqbxaugzkyoiptrnwj	\N	\N	\N	\N	\N	802	632
223	2022-06-13 10:42:07.428289	2022-06-13 10:42:07.428289	2022-04-06	2022-02-06	Mallorie Fairtlough	lqyfcnxwhmvu	\N	\N	\N	\N	\N	951	406
224	2022-06-13 10:42:07.428388	2022-06-13 10:42:07.428388	2021-08-08	2021-09-17	Elana McGoldrick	uenkhxgtfdbsyiqpawz	\N	\N	\N	\N	\N	148	924
233	2022-06-13 10:42:07.430623	2022-06-13 10:42:07.430623	2022-05-05	2021-08-19	Dulcie McWhinnie	flbodwrkmxyut	\N	\N	\N	\N	\N	397	989
236	2022-06-13 10:42:07.430866	2022-06-13 10:42:07.430866	2022-04-12	2021-06-23	Enid Habercham	vtfxlcaezoundmgjqy	\N	\N	\N	\N	\N	372	269
242	2022-06-13 10:42:07.432954	2022-06-13 10:42:07.432954	2022-06-01	2021-08-24	Chevy Riply	smearnfwcjpxugvh	\N	\N	\N	\N	\N	825	133
247	2022-06-13 10:42:07.433398	2022-06-13 10:42:07.433398	2021-07-06	2022-04-23	Mirna Salter	fxmauqjvyhrbgpwkdelz	\N	\N	\N	\N	\N	448	871
254	2022-06-13 10:42:07.435372	2022-06-13 10:42:07.435372	2022-04-15	2022-04-01	Alexina Bleaden	fybxzaetdqjonmi	\N	\N	\N	\N	\N	755	974
255	2022-06-13 10:42:07.435435	2022-06-13 10:42:07.435435	2022-02-14	2021-08-01	Jillie Koubu	ldrkwcixsheozyjbgm	\N	\N	\N	\N	\N	821	927
262	2022-06-13 10:42:07.437535	2022-06-13 10:42:07.437535	2021-10-01	2021-12-19	Martie Craker	wrmoaxiygjvqpde	\N	\N	\N	\N	\N	185	452
263	2022-06-13 10:42:07.437674	2022-06-13 10:42:07.437674	2022-03-05	2022-01-17	Tedie Cairney	kpohitjnqx	\N	\N	\N	\N	\N	72	164
271	2022-06-13 10:42:07.439896	2022-06-13 10:42:07.439896	2021-06-15	2022-03-29	Marielle Lonsbrough	ejtdmshlaxqc	\N	\N	\N	\N	\N	694	491
276	2022-06-13 10:42:07.440248	2022-06-13 10:42:07.440248	2022-04-10	2021-11-22	Bradney McGonnell	fkmqgjclzvrwt	\N	\N	\N	\N	\N	874	789
282	2022-06-13 10:42:07.44234	2022-06-13 10:42:07.44234	2021-07-26	2022-04-26	Brooks Crop	xgqmsjhbvklcuyp	\N	\N	\N	\N	\N	554	723
285	2022-06-13 10:42:07.442595	2022-06-13 10:42:07.442595	2022-03-13	2021-11-28	Clarey Warr	nijarzwoqxhk	\N	\N	\N	\N	\N	312	467
291	2022-06-13 10:42:07.444909	2022-06-13 10:42:07.444909	2021-08-17	2021-12-06	Josefa Balfre	cbkwuhseazfnvyjdixg	\N	\N	\N	\N	\N	527	4
296	2022-06-13 10:42:07.445398	2022-06-13 10:42:07.445398	2021-08-08	2022-02-24	Basilio Blatcher	dgezkijvfcamhulsbq	\N	\N	\N	\N	\N	261	336
304	2022-06-13 10:42:07.447659	2022-06-13 10:42:07.447659	2021-11-02	2021-09-02	Bettye Siveyer	vixghmqjtckdenbryfl	\N	\N	\N	\N	\N	180	37
306	2022-06-13 10:42:07.447793	2022-06-13 10:42:07.447793	2022-04-11	2022-01-01	Lotta Evens	zjosqructymelvhigax	\N	\N	\N	\N	\N	121	213
315	2022-06-13 10:42:07.450134	2022-06-13 10:42:07.450134	2021-09-18	2021-07-07	Myriam Denys	bfewyojtil	\N	\N	\N	\N	\N	875	240
316	2022-06-13 10:42:07.450111	2022-06-13 10:42:07.450111	2021-07-03	2021-09-28	Scott Grafham	sygfbzahrckxuvtiwm	\N	\N	\N	\N	\N	615	423
324	2022-06-13 10:42:07.452418	2022-06-13 10:42:07.452418	2021-12-26	2021-09-11	Morgun Sparke	magpqyzdxoeiwnu	\N	\N	\N	\N	\N	108	294
326	2022-06-13 10:42:07.452619	2022-06-13 10:42:07.452619	2022-03-27	2022-04-17	Sarena Gallihaulk	pqfvlrnizwaskj	\N	\N	\N	\N	\N	355	932
331	2022-06-13 10:42:07.454518	2022-06-13 10:42:07.454518	2022-06-05	2022-01-27	Mylo Wiltsher	xsjczneabpro	\N	\N	\N	\N	\N	995	130
336	2022-06-13 10:42:07.454912	2022-06-13 10:42:07.454912	2021-12-30	2022-03-27	Vasilis Pilling	pirnbkcwaulfdxye	\N	\N	\N	\N	\N	341	840
342	2022-06-13 10:42:07.456827	2022-06-13 10:42:07.456827	2021-12-16	2022-03-16	Billie Voyce	pbmteuvkjnhwysarf	\N	\N	\N	\N	\N	513	139
343	2022-06-13 10:42:07.456925	2022-06-13 10:42:07.456925	2021-06-24	2021-06-25	Gwendolen Gigg	ijvhosgwrfb	\N	\N	\N	\N	\N	164	699
351	2022-06-13 10:42:07.459107	2022-06-13 10:42:07.459107	2021-09-24	2021-12-11	Rosalind Oxnam	qyuspkbowvghmeznrxf	\N	\N	\N	\N	\N	424	250
355	2022-06-13 10:42:07.459427	2022-06-13 10:42:07.459427	2021-11-13	2022-05-16	Vania Domenge	cpqrkxmlwbsfuenzj	\N	\N	\N	\N	\N	977	767
362	2022-06-13 10:42:07.461661	2022-06-13 10:42:07.461661	2021-09-15	2021-08-21	Chad Hannay	vydpczbnuqx	\N	\N	\N	\N	\N	456	237
365	2022-06-13 10:42:07.462132	2022-06-13 10:42:07.462132	2022-03-22	2021-10-04	Cody Ducker	qgcjaurdykhfzbeinxwl	\N	\N	\N	\N	\N	21	28
16	2022-06-13 10:42:07.331619	2022-06-13 10:42:07.331619	2022-02-24	2021-06-13	Callean Dufour	mblodapgsjxnweutyz	\N	\N	\N	\N	\N	624	199
52	2022-06-13 10:42:07.365127	2022-06-13 10:42:07.365127	2022-03-23	2022-03-02	Kalli Illingsworth	wnslqxuarib	\N	\N	\N	\N	\N	712	698
80	2022-06-13 10:42:07.378358	2022-06-13 10:42:07.378358	2022-01-31	2021-08-28	Gabi Axten	nxhgaukdloeytmqbwz	\N	\N	\N	\N	\N	914	946
86	2022-06-13 10:42:07.381732	2022-06-13 10:42:07.381732	2021-09-07	2021-10-03	Rhianna Cornelius	lvezcrqxhsjotbfmpi	\N	\N	\N	\N	\N	427	391
97	2022-06-13 10:42:07.38466	2022-06-13 10:42:07.38466	2021-12-30	2021-08-17	Winifred Drowsfield	mwltkofuehi	\N	\N	\N	\N	\N	677	469
108	2022-06-13 10:42:07.38763	2022-06-13 10:42:07.38763	2021-08-08	2021-07-18	Sharlene Tassell	vrcdgijzxtwkqlmhsany	\N	\N	\N	\N	\N	167	381
120	2022-06-13 10:42:07.390059	2022-06-13 10:42:07.390059	2021-06-25	2022-04-24	Heloise Lorey	ovamkrbewy	\N	\N	\N	\N	\N	502	136
127	2022-06-13 10:42:07.39215	2022-06-13 10:42:07.39215	2021-12-01	2021-09-17	Beatrisa Dagger	ortmvqayildgc	\N	\N	\N	\N	\N	571	277
139	2022-06-13 10:42:07.394797	2022-06-13 10:42:07.394797	2022-03-07	2022-06-05	Arnaldo Leslie	qiztbfdekpg	\N	\N	\N	\N	\N	325	893
145	2022-06-13 10:42:07.408263	2022-06-13 10:42:07.408263	2021-06-23	2021-08-08	Trudi Divers	onjhcmuztw	\N	\N	\N	\N	\N	116	941
158	2022-06-13 10:42:07.41235	2022-06-13 10:42:07.41235	2022-06-03	2021-10-07	Rich Beament	emxukcotvjhrs	\N	\N	\N	\N	\N	123	992
168	2022-06-13 10:42:07.415366	2022-06-13 10:42:07.415366	2021-07-27	2022-01-12	Kial Liddle	zpwqmefhjgu	\N	\N	\N	\N	\N	756	685
178	2022-06-13 10:42:07.417672	2022-06-13 10:42:07.417672	2021-08-02	2021-12-04	Rasia Bassam	fanwqutgprvlod	\N	\N	\N	\N	\N	115	498
189	2022-06-13 10:42:07.420048	2022-06-13 10:42:07.420048	2022-05-23	2022-01-15	Valentina McGeachie	yswqugzehxopdb	\N	\N	\N	\N	\N	700	288
199	2022-06-13 10:42:07.422415	2022-06-13 10:42:07.422415	2021-09-15	2021-10-06	Cesar Kinnett	enowxpvqybr	\N	\N	\N	\N	\N	137	614
209	2022-06-13 10:42:07.424656	2022-06-13 10:42:07.424656	2021-07-01	2021-06-27	Alfi Dalliwater	tqojxbrlpuzhymce	\N	\N	\N	\N	\N	684	870
220	2022-06-13 10:42:07.427152	2022-06-13 10:42:07.427152	2021-12-02	2022-02-02	Waiter Jugging	eprqcuomytxjbvfdzkw	\N	\N	\N	\N	\N	557	127
228	2022-06-13 10:42:07.429295	2022-06-13 10:42:07.429295	2021-09-24	2022-02-16	Osborn Pays	jvgdsnoxmlb	\N	\N	\N	\N	\N	800	145
238	2022-06-13 10:42:07.431645	2022-06-13 10:42:07.431645	2021-10-07	2022-02-02	Joshua Higgan	nmtelpgjach	\N	\N	\N	\N	\N	999	900
250	2022-06-13 10:42:07.434196	2022-06-13 10:42:07.434196	2021-08-18	2022-02-17	Dinny Chubb	zjcwehqnkufisgbr	\N	\N	\N	\N	\N	399	464
260	2022-06-13 10:42:07.43647	2022-06-13 10:42:07.43647	2022-05-28	2022-01-17	Maxi Begbie	jikyrzsgtfmvbe	\N	\N	\N	\N	\N	720	940
268	2022-06-13 10:42:07.438729	2022-06-13 10:42:07.438729	2022-05-30	2021-11-19	Marlane Profit	uzbcmysflwhavjq	\N	\N	\N	\N	\N	107	297
279	2022-06-13 10:42:07.441096	2022-06-13 10:42:07.441096	2022-01-06	2021-12-18	Belle Morten	ydmuvlrnkth	\N	\N	\N	\N	\N	926	990
289	2022-06-13 10:42:07.443508	2022-06-13 10:42:07.443508	2021-11-30	2021-10-31	Bay Frunks	moarjgnxwvh	\N	\N	\N	\N	\N	269	32
298	2022-06-13 10:42:07.446135	2022-06-13 10:42:07.446135	2021-06-22	2021-12-05	Gaston Verdie	yzpmhklirxgt	\N	\N	\N	\N	\N	935	788
309	2022-06-13 10:42:07.448809	2022-06-13 10:42:07.448809	2021-10-02	2021-10-29	Gretel Reary	jtlguvcnya	\N	\N	\N	\N	\N	90	55
317	2022-06-13 10:42:07.450934	2022-06-13 10:42:07.450934	2021-10-07	2022-06-06	Dix Minchin	jtskyzouwqac	\N	\N	\N	\N	\N	126	778
327	2022-06-13 10:42:07.453335	2022-06-13 10:42:07.453335	2022-05-04	2021-08-13	Anthia Dorcey	nyhwjrteldgibazvopmq	\N	\N	\N	\N	\N	177	869
339	2022-06-13 10:42:07.455802	2022-06-13 10:42:07.455802	2022-04-12	2022-03-19	Jodie Dearden	dtxqcirvlnaujy	\N	\N	\N	\N	\N	184	674
350	2022-06-13 10:42:07.458242	2022-06-13 10:42:07.458242	2022-05-27	2022-05-22	Tawnya Turfitt	imeqlczxfnwbjt	\N	\N	\N	\N	\N	740	427
62	2022-06-13 10:42:07.379346	2022-06-13 10:42:07.379346	2022-02-04	2022-05-26	Mariel MacCarter	pgoqwxhmdafsz	\N	\N	\N	\N	\N	211	894
92	2022-06-13 10:42:07.384121	2022-06-13 10:42:07.384121	2021-06-22	2022-05-02	Smith Farey	riluozaxgqhbvneycmd	\N	\N	\N	\N	\N	475	879
105	2022-06-13 10:42:07.386619	2022-06-13 10:42:07.386619	2021-09-14	2022-01-27	Mandie Levensky	lfhgndtjrczbqmueaxws	\N	\N	\N	\N	\N	71	669
113	2022-06-13 10:42:07.388791	2022-06-13 10:42:07.388791	2021-07-23	2022-03-24	Valma Ferson	rpcadufxklgoqwey	\N	\N	\N	\N	\N	790	774
126	2022-06-13 10:42:07.391399	2022-06-13 10:42:07.391399	2022-03-23	2021-10-16	Nico Houseman	vhgfkxzatcqryosmnebw	\N	\N	\N	\N	\N	29	545
136	2022-06-13 10:42:07.394234	2022-06-13 10:42:07.394234	2021-08-02	2021-08-24	Tanitansy Dawkes	rgwiklzyfeu	\N	\N	\N	\N	\N	794	109
144	2022-06-13 10:42:07.408161	2022-06-13 10:42:07.408161	2021-06-16	2021-09-22	Lynna Kaliszewski	ufkraieyhsvdjlwz	\N	\N	\N	\N	\N	114	426
152	2022-06-13 10:42:07.411868	2022-06-13 10:42:07.411868	2021-08-26	2021-11-16	Kelsey Sheldrick	bpglsoactxknvirque	\N	\N	\N	\N	\N	439	948
163	2022-06-13 10:42:07.414319	2022-06-13 10:42:07.414319	2021-11-18	2021-09-23	Eula Whiston	atcjlkbdpvfsgrmh	\N	\N	\N	\N	\N	145	838
174	2022-06-13 10:42:07.416759	2022-06-13 10:42:07.416759	2021-08-26	2022-04-20	Marcelle Hardwidge	srcionlxmwgbdfphv	\N	\N	\N	\N	\N	338	852
183	2022-06-13 10:42:07.418964	2022-06-13 10:42:07.418964	2022-01-16	2022-04-23	Cara Ysson	dqjcpauegtvixyknobzs	\N	\N	\N	\N	\N	398	594
192	2022-06-13 10:42:07.421216	2022-06-13 10:42:07.421216	2022-04-24	2021-09-03	Michell Corneliussen	fxztqhjgsybw	\N	\N	\N	\N	\N	239	254
206	2022-06-13 10:42:07.423902	2022-06-13 10:42:07.423902	2021-06-25	2022-01-30	Emilee Siegertsz	efwcgavujhpslmzyrox	\N	\N	\N	\N	\N	767	339
213	2022-06-13 10:42:07.42601	2022-06-13 10:42:07.42601	2022-01-17	2021-11-29	Duffie Mathelin	vlescqrgxnkt	\N	\N	\N	\N	\N	564	422
226	2022-06-13 10:42:07.428544	2022-06-13 10:42:07.428544	2022-04-02	2021-07-24	Marcus Polet	sqpryfolmxzk	\N	\N	\N	\N	\N	162	458
232	2022-06-13 10:42:07.430554	2022-06-13 10:42:07.430554	2022-05-13	2022-03-10	Tiphanie Vedishchev	rxzgkincpvyh	\N	\N	\N	\N	\N	257	405
244	2022-06-13 10:42:07.433117	2022-06-13 10:42:07.433117	2022-05-28	2022-05-29	Graig Templeton	xozskmayhgip	\N	\N	\N	\N	\N	350	942
257	2022-06-13 10:42:07.435567	2022-06-13 10:42:07.435567	2022-05-24	2022-01-04	Jessee Bohan	vzkpbtsdirow	\N	\N	\N	\N	\N	798	813
267	2022-06-13 10:42:07.437963	2022-06-13 10:42:07.437963	2021-11-30	2021-11-04	Justin Bonder	ivjotcsrbzxlefqkhwu	\N	\N	\N	\N	\N	679	724
275	2022-06-13 10:42:07.440165	2022-06-13 10:42:07.440165	2021-06-25	2022-04-17	Conant Walsh	zovrutldjpfeqsx	\N	\N	\N	\N	\N	381	633
284	2022-06-13 10:42:07.442517	2022-06-13 10:42:07.442517	2021-10-30	2022-02-09	Oriana Gabbitus	tfeynapvbjiroslq	\N	\N	\N	\N	\N	249	47
295	2022-06-13 10:42:07.445311	2022-06-13 10:42:07.445311	2021-08-16	2021-09-07	Renato Reah	kphubmycxzirqge	\N	\N	\N	\N	\N	884	377
301	2022-06-13 10:42:07.447381	2022-06-13 10:42:07.447381	2022-06-03	2022-02-11	Gerty Stigger	qaxpzcbgvwyskufi	\N	\N	\N	\N	\N	238	19
313	2022-06-13 10:42:07.449918	2022-06-13 10:42:07.449918	2022-03-04	2021-12-03	Nalani Drage	pmedfozaxnhstqjy	\N	\N	\N	\N	\N	201	529
321	2022-06-13 10:42:07.452118	2022-06-13 10:42:07.452118	2021-07-09	2021-07-27	Yorke Farriar	xrzukmvqlcwnibp	\N	\N	\N	\N	\N	530	820
333	2022-06-13 10:42:07.454667	2022-06-13 10:42:07.454667	2021-09-22	2022-05-13	Honey Redwing	cgzmykeqndfprbvxito	\N	\N	\N	\N	\N	749	275
345	2022-06-13 10:42:07.457083	2022-06-13 10:42:07.457083	2022-01-22	2022-05-25	Erica Fransseni	nfosybxtpkirz	\N	\N	\N	\N	\N	840	42
356	2022-06-13 10:42:07.459541	2022-06-13 10:42:07.459541	2022-02-28	2022-06-02	Salem Glavis	jhyzpdirklosfcatnxuw	\N	\N	\N	\N	\N	387	101
367	2022-06-13 10:42:07.462046	2022-06-13 10:42:07.462046	2022-02-01	2021-08-19	Mariana Jakeman	rezchljyqvinbxwkoaum	\N	\N	\N	\N	\N	240	690
374	2022-06-13 10:42:07.475948	2022-06-13 10:42:07.475948	2021-06-12	2021-06-12	Bambie Trusler	uglkrfwbazycpsv	\N	\N	\N	\N	\N	388	542
382	2022-06-13 10:42:07.478779	2022-06-13 10:42:07.478779	2021-09-26	2021-09-24	Imogen Cornillot	wuqkctjxise	\N	\N	\N	\N	\N	860	450
397	2022-06-13 10:42:07.481651	2022-06-13 10:42:07.481651	2021-06-16	2022-05-25	Carolina Cockill	anjhcbwtmg	\N	\N	\N	\N	\N	591	460
406	2022-06-13 10:42:07.483946	2022-06-13 10:42:07.483946	2021-11-11	2021-09-18	Charlene Pawelek	haifdrmlkobuswnjxy	\N	\N	\N	\N	\N	624	983
414	2022-06-13 10:42:07.486283	2022-06-13 10:42:07.486283	2022-03-04	2021-07-16	Jacob Greenrodd	jpzmdfqhvlgibynoca	\N	\N	\N	\N	\N	890	966
426	2022-06-13 10:42:07.488767	2022-06-13 10:42:07.488767	2021-06-27	2022-01-13	Mortimer Jaggers	najuvlhzmydbiofqctx	\N	\N	\N	\N	\N	907	41
434	2022-06-13 10:42:07.491039	2022-06-13 10:42:07.491039	2021-10-14	2021-08-31	Jaquith Sibille	xewndiqzrmbkufpylcg	\N	\N	\N	\N	\N	368	329
446	2022-06-13 10:42:07.494818	2022-06-13 10:42:07.494818	2021-12-17	2022-05-11	Daphene Faragan	hymvsafxpqecluwz	\N	\N	\N	\N	\N	149	604
456	2022-06-13 10:42:07.518036	2022-06-13 10:42:07.518036	2021-12-02	2022-03-04	Lyndsay Silverthorn	adbcpvlwhnqso	\N	\N	\N	\N	\N	787	576
466	2022-06-13 10:42:07.521925	2022-06-13 10:42:07.521925	2022-06-10	2021-07-12	Alice Deackes	twobqilmjsgavx	\N	\N	\N	\N	\N	213	96
474	2022-06-13 10:42:07.524019	2022-06-13 10:42:07.524019	2021-08-26	2022-01-17	Kizzie Vear	dcoqbkhzwnyfragsj	\N	\N	\N	\N	\N	286	481
489	2022-06-13 10:42:07.526813	2022-06-13 10:42:07.526813	2021-12-10	2021-07-28	Osbert Ochterlony	xnegqkpavrhtuyb	\N	\N	\N	\N	\N	192	533
501	2022-06-13 10:42:07.529791	2022-06-13 10:42:07.529791	2022-04-28	2021-09-12	Westbrook Callard	mlrbqthvafcdsk	\N	\N	\N	\N	\N	455	90
509	2022-06-13 10:42:07.532126	2022-06-13 10:42:07.532126	2022-02-23	2022-01-04	Lana Chisolm	uzymreqcovjxpknhgsi	\N	\N	\N	\N	\N	840	358
521	2022-06-13 10:42:07.534558	2022-06-13 10:42:07.534558	2021-11-30	2021-07-04	Terry Culross	fgrleqwhjysankptcxi	\N	\N	\N	\N	\N	77	365
530	2022-06-13 10:42:07.536861	2022-06-13 10:42:07.536861	2021-08-06	2022-03-24	Elana Dict	sbomrnhkdupcvjxlfy	\N	\N	\N	\N	\N	963	180
541	2022-06-13 10:42:07.539248	2022-06-13 10:42:07.539248	2022-01-06	2021-12-15	Charla Fairleigh	njrtihpquxgacedo	\N	\N	\N	\N	\N	329	146
551	2022-06-13 10:42:07.541809	2022-06-13 10:42:07.541809	2021-10-06	2022-03-22	Nils Galtone	ielcxrfmokyndajhs	\N	\N	\N	\N	\N	10	587
558	2022-06-13 10:42:07.543855	2022-06-13 10:42:07.543855	2022-05-23	2021-07-21	Dolley Curner	yzafumkxqj	\N	\N	\N	\N	\N	53	40
571	2022-06-13 10:42:07.547705	2022-06-13 10:42:07.547705	2022-04-05	2021-06-29	Andrea Habeshaw	wohibrveltdusjm	\N	\N	\N	\N	\N	240	74
577	2022-06-13 10:42:07.550345	2022-06-13 10:42:07.550345	2022-01-06	2021-09-18	Lolita Bowdidge	hrinfsabuqt	\N	\N	\N	\N	\N	506	902
589	2022-06-13 10:42:07.553051	2022-06-13 10:42:07.553051	2022-02-13	2022-03-10	Codi Fogden	yiboumszlaxqrgvnpfd	\N	\N	\N	\N	\N	844	963
597	2022-06-13 10:42:07.55521	2022-06-13 10:42:07.55521	2021-12-23	2021-12-05	Veronika Ramelet	bngdxjlwpsf	\N	\N	\N	\N	\N	499	661
609	2022-06-13 10:42:07.557862	2022-06-13 10:42:07.557862	2022-06-11	2022-03-24	Peggy Urrey	ioryjusftpmgxwa	\N	\N	\N	\N	\N	38	35
619	2022-06-13 10:42:07.560051	2022-06-13 10:42:07.560051	2021-09-23	2021-08-07	Galvin Wyrall	zperqxygvhfjswl	\N	\N	\N	\N	\N	576	284
626	2022-06-13 10:42:07.562294	2022-06-13 10:42:07.562294	2022-04-23	2021-09-10	Nigel Hoggins	ihbdygtjsxvcml	\N	\N	\N	\N	\N	252	612
635	2022-06-13 10:42:07.564535	2022-06-13 10:42:07.564535	2021-12-09	2021-11-12	Sheila Rackstraw	bfcjieldakh	\N	\N	\N	\N	\N	278	854
131	2022-06-13 10:42:07.40917	2022-06-13 10:42:07.40917	2022-05-19	2021-10-23	Kimmi Kime	nmpcjkuvhyei	\N	\N	\N	\N	\N	39	786
159	2022-06-13 10:42:07.412945	2022-06-13 10:42:07.412945	2021-09-09	2021-08-21	Rosabel Balmforth	ckudotepvfqjy	\N	\N	\N	\N	\N	255	730
170	2022-06-13 10:42:07.415471	2022-06-13 10:42:07.415471	2021-08-07	2022-01-27	Darbee Blees	xbgandolehz	\N	\N	\N	\N	\N	915	496
180	2022-06-13 10:42:07.417847	2022-06-13 10:42:07.417847	2022-05-09	2022-01-30	Amber Luby	awbjfmchzoxliydnrv	\N	\N	\N	\N	\N	692	934
188	2022-06-13 10:42:07.41997	2022-06-13 10:42:07.41997	2021-06-25	2022-04-18	Tansy Iacapucci	gdafqozkerinyljs	\N	\N	\N	\N	\N	754	857
200	2022-06-13 10:42:07.422506	2022-06-13 10:42:07.422506	2021-06-17	2021-07-16	Ode Kilbride	dklcqawnxpzstgjim	\N	\N	\N	\N	\N	717	956
210	2022-06-13 10:42:07.424776	2022-06-13 10:42:07.424776	2022-02-16	2021-08-02	Audi McGraith	nvdrxjbqtyaiolmcgsu	\N	\N	\N	\N	\N	705	282
218	2022-06-13 10:42:07.427	2022-06-13 10:42:07.427	2021-07-29	2022-01-02	Avrit Cowterd	boxzrkhvseij	\N	\N	\N	\N	\N	400	331
229	2022-06-13 10:42:07.429398	2022-06-13 10:42:07.429398	2021-07-12	2021-06-14	Allis Pohlke	dmvzbhnwlxocqrijku	\N	\N	\N	\N	\N	236	483
240	2022-06-13 10:42:07.431838	2022-06-13 10:42:07.431838	2022-06-08	2021-10-17	Adore Kobpal	nfiejrkdguv	\N	\N	\N	\N	\N	102	609
248	2022-06-13 10:42:07.434014	2022-06-13 10:42:07.434014	2022-05-08	2022-05-22	Perkin Bugden	vyfcwinrkqzleguj	\N	\N	\N	\N	\N	797	637
259	2022-06-13 10:42:07.436432	2022-06-13 10:42:07.436432	2022-04-24	2021-12-30	Joana Megroff	qcdgwastojzmpx	\N	\N	\N	\N	\N	467	417
270	2022-06-13 10:42:07.438891	2022-06-13 10:42:07.438891	2021-11-19	2022-03-04	Ginelle MacTeggart	zcbshrjmxydeqft	\N	\N	\N	\N	\N	770	736
280	2022-06-13 10:42:07.441199	2022-06-13 10:42:07.441199	2021-08-20	2021-11-21	Teena Foynes	uwcbjsiahfzxn	\N	\N	\N	\N	\N	363	620
288	2022-06-13 10:42:07.443467	2022-06-13 10:42:07.443467	2022-05-31	2022-06-02	Phillip Amesbury	chnmqydkogfajpexubw	\N	\N	\N	\N	\N	157	509
300	2022-06-13 10:42:07.446326	2022-06-13 10:42:07.446326	2022-03-30	2022-02-24	Konstanze Cuskery	msfqnwyphtebo	\N	\N	\N	\N	\N	128	683
308	2022-06-13 10:42:07.44873	2022-06-13 10:42:07.44873	2021-10-20	2021-08-31	Farrell Dissman	mcfwpenhuqs	\N	\N	\N	\N	\N	66	986
319	2022-06-13 10:42:07.451116	2022-06-13 10:42:07.451116	2022-06-05	2022-03-11	Alejandro Owbrick	bidmqljatsrncgh	\N	\N	\N	\N	\N	495	901
329	2022-06-13 10:42:07.453451	2022-06-13 10:42:07.453451	2021-09-24	2021-07-18	Fraser Blinder	uxbmsjwnyrtvdlcoki	\N	\N	\N	\N	\N	462	712
337	2022-06-13 10:42:07.455654	2022-06-13 10:42:07.455654	2021-07-08	2021-12-15	Bria Chedgey	wltfighdqpxm	\N	\N	\N	\N	\N	339	748
347	2022-06-13 10:42:07.458009	2022-06-13 10:42:07.458009	2021-08-21	2021-12-21	Sven Sigge	ceutriofmqaz	\N	\N	\N	\N	\N	88	548
357	2022-06-13 10:42:07.460307	2022-06-13 10:42:07.460307	2022-03-16	2022-04-03	Averil Dillingston	uygxrafsjlzbko	\N	\N	\N	\N	\N	836	158
370	2022-06-13 10:42:07.462833	2022-06-13 10:42:07.462833	2022-05-20	2022-05-18	Oralla Budleigh	qhnylsepijwfzagrv	\N	\N	\N	\N	\N	271	419
379	2022-06-13 10:42:07.476362	2022-06-13 10:42:07.476362	2022-06-04	2022-05-10	Manya Coats	dhafgezpul	\N	\N	\N	\N	\N	411	903
386	2022-06-13 10:42:07.479123	2022-06-13 10:42:07.479123	2021-10-01	2022-03-08	Daisy Gifkins	wifjmlkrnuhdy	\N	\N	\N	\N	\N	880	624
394	2022-06-13 10:42:07.481508	2022-06-13 10:42:07.481508	2022-01-12	2022-05-05	Zacherie Alphonso	jkdlqsvherin	\N	\N	\N	\N	\N	463	700
405	2022-06-13 10:42:07.483881	2022-06-13 10:42:07.483881	2022-02-28	2022-03-18	Molli Cheshire	yirepgtmwjbc	\N	\N	\N	\N	\N	315	657
411	2022-06-13 10:42:07.486047	2022-06-13 10:42:07.486047	2021-08-18	2021-10-05	Cart Butters	alkwvquhpb	\N	\N	\N	\N	\N	242	56
422	2022-06-13 10:42:07.488409	2022-06-13 10:42:07.488409	2021-09-30	2021-12-22	Gayle Hablot	woqpzigyjvtbnafl	\N	\N	\N	\N	\N	224	101
435	2022-06-13 10:42:07.491177	2022-06-13 10:42:07.491177	2021-12-27	2021-08-20	Evania Cruddas	atocmdfkvlyzjpnrw	\N	\N	\N	\N	\N	891	751
447	2022-06-13 10:42:07.494776	2022-06-13 10:42:07.494776	2021-08-21	2021-08-22	Linn Grabban	vzliqbmfywnkchrospaj	\N	\N	\N	\N	\N	569	504
455	2022-06-13 10:42:07.517916	2022-06-13 10:42:07.517916	2021-08-18	2021-12-17	Dallon Howes	epktqxuosybzjld	\N	\N	\N	\N	\N	365	438
463	2022-06-13 10:42:07.521455	2022-06-13 10:42:07.521455	2021-08-25	2022-04-05	Dexter Winton	jpmgodilasvz	\N	\N	\N	\N	\N	520	411
477	2022-06-13 10:42:07.524234	2022-06-13 10:42:07.524234	2021-08-04	2022-04-07	Devi Trussell	gzxwcylatm	\N	\N	\N	\N	\N	872	626
487	2022-06-13 10:42:07.526628	2022-06-13 10:42:07.526628	2022-04-05	2021-09-21	Andriana Boskell	lbgqwtznryfd	\N	\N	\N	\N	\N	521	539
496	2022-06-13 10:42:07.528811	2022-06-13 10:42:07.528811	2021-06-20	2021-10-29	Briana Ragg	yqmlaredguiwo	\N	\N	\N	\N	\N	799	826
505	2022-06-13 10:42:07.531009	2022-06-13 10:42:07.531009	2021-11-07	2021-10-26	Goran Berndt	housecrwivnqzjf	\N	\N	\N	\N	\N	351	63
518	2022-06-13 10:42:07.533813	2022-06-13 10:42:07.533813	2022-01-11	2022-03-10	Sibbie Ruffey	kvzcfgxaejnmbpyqdw	\N	\N	\N	\N	\N	67	97
528	2022-06-13 10:42:07.53618	2022-06-13 10:42:07.53618	2022-03-09	2022-02-10	Kerrill Bricksey	hrvjwygxkaqcd	\N	\N	\N	\N	\N	459	908
536	2022-06-13 10:42:07.53856	2022-06-13 10:42:07.53856	2022-05-24	2022-01-28	Daisie Waryk	kovsfgwdbqip	\N	\N	\N	\N	\N	806	112
549	2022-06-13 10:42:07.541643	2022-06-13 10:42:07.541643	2021-08-02	2022-05-11	Donia Denidge	fgyktsdvpnhwlarue	\N	\N	\N	\N	\N	905	258
559	2022-06-13 10:42:07.543944	2022-06-13 10:42:07.543944	2022-01-08	2022-01-28	Imelda Wicklin	yhileqorjksbadvpugmx	\N	\N	\N	\N	\N	305	527
569	2022-06-13 10:42:07.547581	2022-06-13 10:42:07.547581	2022-03-12	2021-07-18	Luisa Carrick	fjndetxmuwrylgc	\N	\N	\N	\N	\N	399	446
580	2022-06-13 10:42:07.550621	2022-06-13 10:42:07.550621	2021-08-26	2022-02-18	Joelle Gentner	sqzcvjxwtlra	\N	\N	\N	\N	\N	339	959
586	2022-06-13 10:42:07.552669	2022-06-13 10:42:07.552669	2021-11-18	2021-08-05	Deloria Stidworthy	zgiqnmxlbt	\N	\N	\N	\N	\N	250	401
595	2022-06-13 10:42:07.555028	2022-06-13 10:42:07.555028	2022-03-24	2022-01-29	Lesly Sandland	zhmqvwitgsnpaocyule	\N	\N	\N	\N	\N	650	774
605	2022-06-13 10:42:07.557526	2022-06-13 10:42:07.557526	2021-06-17	2022-05-26	Kelsey Whiteley	tueafxcsrhyw	\N	\N	\N	\N	\N	330	486
620	2022-06-13 10:42:07.560149	2022-06-13 10:42:07.560149	2022-05-29	2021-12-16	Romain Barens	kfpojsimhuelaqnz	\N	\N	\N	\N	\N	317	265
630	2022-06-13 10:42:07.562615	2022-06-13 10:42:07.562615	2022-03-12	2021-11-12	Reeta Duncombe	zrhswokjdpafb	\N	\N	\N	\N	\N	229	659
640	2022-06-13 10:42:07.564924	2022-06-13 10:42:07.564924	2021-10-11	2022-01-26	Tracie Lowder	nitxlysbvcmqjzkowa	\N	\N	\N	\N	\N	450	514
649	2022-06-13 10:42:07.567345	2022-06-13 10:42:07.567345	2021-10-09	2022-05-21	Chanda Grichukhin	pazgfnuksdcbxewthmij	\N	\N	\N	\N	\N	692	69
656	2022-06-13 10:42:07.569396	2022-06-13 10:42:07.569396	2022-02-12	2021-11-08	Pippy Hanselman	itewjxqpaos	\N	\N	\N	\N	\N	737	176
668	2022-06-13 10:42:07.583298	2022-06-13 10:42:07.583298	2022-01-28	2022-01-21	Giraldo Flockhart	vqtjkwilufnp	\N	\N	\N	\N	\N	992	581
676	2022-06-13 10:42:07.586152	2022-06-13 10:42:07.586152	2021-11-15	2022-03-05	Leslie Scargle	qapwthoyluebvgkr	\N	\N	\N	\N	\N	701	2
686	2022-06-13 10:42:07.588575	2022-06-13 10:42:07.588575	2021-12-08	2021-06-15	Kimmie Skillitt	eukfjomnzaibxrhwvd	\N	\N	\N	\N	\N	697	198
692	2022-06-13 10:42:07.590504	2022-06-13 10:42:07.590504	2021-09-17	2022-02-27	Aviva McCahill	gufmxpyklrbn	\N	\N	\N	\N	\N	284	759
702	2022-06-13 10:42:07.59333	2022-06-13 10:42:07.59333	2022-01-28	2021-07-05	Richard Aburrow	jftcuwraezhbyv	\N	\N	\N	\N	\N	646	949
710	2022-06-13 10:42:07.595372	2022-06-13 10:42:07.595372	2021-10-12	2022-03-04	Goddart Swaffer	atnjehgozikqplyd	\N	\N	\N	\N	\N	267	542
720	2022-06-13 10:42:07.597791	2022-06-13 10:42:07.597791	2022-01-26	2022-04-16	Art Videan	eoahzxlkpdmqr	\N	\N	\N	\N	\N	188	998
732	2022-06-13 10:42:07.600466	2022-06-13 10:42:07.600466	2022-02-24	2021-11-27	Leeann Cattellion	zfokythqlgvewcps	\N	\N	\N	\N	\N	888	509
742	2022-06-13 10:42:07.602806	2022-06-13 10:42:07.602806	2021-10-09	2022-04-26	Alonso Estick	rztfqldyweajuhcs	\N	\N	\N	\N	\N	638	444
751	2022-06-13 10:42:07.604973	2022-06-13 10:42:07.604973	2021-08-21	2022-06-04	Kelli Yerrington	ebtxyokrcp	\N	\N	\N	\N	\N	48	843
762	2022-06-13 10:42:07.607335	2022-06-13 10:42:07.607335	2021-12-10	2021-10-28	Winnie Setterthwait	aifylsnwmujzx	\N	\N	\N	\N	\N	181	981
771	2022-06-13 10:42:07.610401	2022-06-13 10:42:07.610401	2022-01-19	2021-11-10	Denys Stockey	cmahtdxveqzkfjobirp	\N	\N	\N	\N	\N	765	642
783	2022-06-13 10:42:07.613323	2022-06-13 10:42:07.613323	2021-08-30	2021-11-25	Gottfried Camfield	wegjfcnlqy	\N	\N	\N	\N	\N	49	975
790	2022-06-13 10:42:07.615234	2022-06-13 10:42:07.615234	2021-09-24	2022-03-01	Melba Arnholz	kflgosjiuymdhaexztcw	\N	\N	\N	\N	\N	54	699
801	2022-06-13 10:42:07.617654	2022-06-13 10:42:07.617654	2021-10-09	2021-09-29	Lissa Cratere	xmfvashzigbudjl	\N	\N	\N	\N	\N	866	651
811	2022-06-13 10:42:07.620077	2022-06-13 10:42:07.620077	2021-06-26	2021-12-09	Daveen Cliff	rgiextfbvwupzaohslnd	\N	\N	\N	\N	\N	5	734
824	2022-06-13 10:42:07.622747	2022-06-13 10:42:07.622747	2021-07-03	2021-12-23	Lucienne Spellsworth	sjyeokrbaqlhmzgxn	\N	\N	\N	\N	\N	623	401
832	2022-06-13 10:42:07.624871	2022-06-13 10:42:07.624871	2022-04-04	2022-02-23	Rosanna Anker	owtyismndzgvqpklerbj	\N	\N	\N	\N	\N	958	21
842	2022-06-13 10:42:07.627889	2022-06-13 10:42:07.627889	2021-07-07	2021-12-06	Zeke Gratton	hpacesudmlvkbgiqzty	\N	\N	\N	\N	\N	555	491
859	2022-06-13 10:42:07.631283	2022-06-13 10:42:07.631283	2022-04-12	2022-02-26	Jane Vickerstaff	mlxibdtkqrps	\N	\N	\N	\N	\N	318	673
864	2022-06-13 10:42:07.633293	2022-06-13 10:42:07.633293	2022-04-13	2022-05-26	Eulalie Dunklee	sewcmrbihqdzfptaxoj	\N	\N	\N	\N	\N	556	937
371	2022-06-13 10:42:07.475676	2022-06-13 10:42:07.475676	2022-04-19	2021-09-01	Hobey Longhi	tdmfockebal	\N	\N	\N	\N	\N	222	2
380	2022-06-13 10:42:07.47768	2022-06-13 10:42:07.47768	2021-07-29	2022-05-31	Hildegaard Finnan	lrmuzwxsfgkyndctb	\N	\N	\N	\N	\N	617	562
389	2022-06-13 10:42:07.479909	2022-06-13 10:42:07.479909	2021-10-02	2022-05-12	Linell Antonietti	jufiamcdybowregp	\N	\N	\N	\N	\N	517	31
399	2022-06-13 10:42:07.482228	2022-06-13 10:42:07.482228	2021-11-29	2022-05-25	Maurice Benfield	kjequthrzy	\N	\N	\N	\N	\N	107	121
408	2022-06-13 10:42:07.484676	2022-06-13 10:42:07.484676	2022-02-25	2021-11-05	Fairleigh Shewsmith	kiyodvgbsqwatupj	\N	\N	\N	\N	\N	478	478
418	2022-06-13 10:42:07.487144	2022-06-13 10:42:07.487144	2022-04-05	2022-01-17	Benni Clarey	paonjqlkermtwvsc	\N	\N	\N	\N	\N	18	203
428	2022-06-13 10:42:07.489601	2022-06-13 10:42:07.489601	2021-10-29	2021-08-01	Marie Blakebrough	mjhnyxqfuwcat	\N	\N	\N	\N	\N	338	120
378	2022-06-13 10:42:07.476308	2022-06-13 10:42:07.476308	2021-08-06	2021-07-06	Orsola Yellowley	ctemkfsjgdyqixu	\N	\N	\N	\N	\N	675	853
383	2022-06-13 10:42:07.478908	2022-06-13 10:42:07.478908	2021-12-02	2021-08-23	Gothart Ropkes	kcezpnihuwsmqlodbfjt	\N	\N	\N	\N	\N	791	322
392	2022-06-13 10:42:07.481294	2022-06-13 10:42:07.481294	2022-03-06	2021-07-05	Odey Prangnell	icqsoxrlhb	\N	\N	\N	\N	\N	421	157
404	2022-06-13 10:42:07.483732	2022-06-13 10:42:07.483732	2021-08-31	2022-04-22	Mathias Blaymires	ojfiyqvslhznacg	\N	\N	\N	\N	\N	27	676
410	2022-06-13 10:42:07.485932	2022-06-13 10:42:07.485932	2022-05-01	2022-04-16	Gareth Reuble	uyszciptgxfakqwj	\N	\N	\N	\N	\N	501	434
425	2022-06-13 10:42:07.488674	2022-06-13 10:42:07.488674	2022-03-29	2021-09-07	Dalt Von Welldun	ypntbrzfgsdovemjxkch	\N	\N	\N	\N	\N	735	834
431	2022-06-13 10:42:07.490761	2022-06-13 10:42:07.490761	2021-11-10	2021-12-03	Clayborne Loram	zgxbmfurceynq	\N	\N	\N	\N	\N	323	222
445	2022-06-13 10:42:07.494413	2022-06-13 10:42:07.494413	2021-06-26	2022-04-22	Nobie Ipwell	iagxtrvnbmzj	\N	\N	\N	\N	\N	102	863
450	2022-06-13 10:42:07.496375	2022-06-13 10:42:07.496375	2022-04-14	2021-09-16	Audrie Youdell	vfapwyjgdqsnioxkmzl	\N	\N	\N	\N	\N	734	477
460	2022-06-13 10:42:07.518449	2022-06-13 10:42:07.518449	2021-12-14	2022-04-16	Missy Andino	wqytajidhkerpfmxscou	\N	\N	\N	\N	\N	163	148
467	2022-06-13 10:42:07.521781	2022-06-13 10:42:07.521781	2022-04-02	2021-09-28	Eleanor Softley	bnyzrlexgufcdjpiaqt	\N	\N	\N	\N	\N	539	739
476	2022-06-13 10:42:07.52418	2022-06-13 10:42:07.52418	2021-07-05	2021-10-30	Adella Moxom	zmlgtnxrdpfhvjecqsy	\N	\N	\N	\N	\N	105	780
488	2022-06-13 10:42:07.526683	2022-06-13 10:42:07.526683	2022-03-04	2022-01-24	Neddie Gilliard	yaujehibvszwgtqlndrk	\N	\N	\N	\N	\N	109	771
493	2022-06-13 10:42:07.528528	2022-06-13 10:42:07.528528	2021-09-04	2022-04-15	Marketa Pragnall	nwesmbakdihtoxu	\N	\N	\N	\N	\N	142	899
503	2022-06-13 10:42:07.53085	2022-06-13 10:42:07.53085	2022-03-02	2021-11-22	Gilly Challenger	jcqglbdfkhei	\N	\N	\N	\N	\N	551	830
514	2022-06-13 10:42:07.533434	2022-06-13 10:42:07.533434	2021-09-14	2022-05-15	Selia Webben	bvmkntcwaxoe	\N	\N	\N	\N	\N	508	460
525	2022-06-13 10:42:07.535898	2022-06-13 10:42:07.535898	2021-11-10	2021-07-09	Adrianna Gohier	ycitwrlvmnk	\N	\N	\N	\N	\N	957	532
535	2022-06-13 10:42:07.538523	2022-06-13 10:42:07.538523	2021-10-04	2022-03-31	Emeline Ginnelly	slgfiuqpahm	\N	\N	\N	\N	\N	568	782
545	2022-06-13 10:42:07.54059	2022-06-13 10:42:07.54059	2021-10-27	2021-10-28	Lona Moller	djvohzeqlu	\N	\N	\N	\N	\N	543	392
552	2022-06-13 10:42:07.542632	2022-06-13 10:42:07.542632	2021-08-17	2021-11-28	Wright McGuinley	ltucmzwendbjxoa	\N	\N	\N	\N	\N	494	441
562	2022-06-13 10:42:07.544976	2022-06-13 10:42:07.544976	2021-06-22	2021-07-10	Cecil Pykett	emjckvqwyfpu	\N	\N	\N	\N	\N	643	104
572	2022-06-13 10:42:07.547854	2022-06-13 10:42:07.547854	2022-01-13	2021-11-29	Meredithe Brennenstuhl	puzqyinlwgxbaedjmosk	\N	\N	\N	\N	\N	471	395
582	2022-06-13 10:42:07.55086	2022-06-13 10:42:07.55086	2021-12-12	2021-07-12	Sheila Paynes	mvtcqgsouj	\N	\N	\N	\N	\N	647	106
593	2022-06-13 10:42:07.553973	2022-06-13 10:42:07.553973	2021-07-04	2021-10-26	Asher Frackiewicz	wxocmtfiraluz	\N	\N	\N	\N	\N	867	923
601	2022-06-13 10:42:07.556253	2022-06-13 10:42:07.556253	2022-03-12	2021-09-08	Pat Richel	rkhqecwtvunaysgfdp	\N	\N	\N	\N	\N	564	381
611	2022-06-13 10:42:07.558715	2022-06-13 10:42:07.558715	2021-08-31	2021-10-26	Walton Killigrew	eqgbkanmtsirz	\N	\N	\N	\N	\N	462	257
622	2022-06-13 10:42:07.561107	2022-06-13 10:42:07.561107	2022-01-01	2021-08-11	Hugh Tungate	lkgqyudzwmajnxpei	\N	\N	\N	\N	\N	157	331
633	2022-06-13 10:42:07.563598	2022-06-13 10:42:07.563598	2022-01-29	2021-06-27	Margareta Jeffries	oputkgcnwamqxrb	\N	\N	\N	\N	\N	358	973
641	2022-06-13 10:42:07.56579	2022-06-13 10:42:07.56579	2022-04-25	2021-12-14	Carlita Scurr	woadjqsyvfe	\N	\N	\N	\N	\N	25	571
653	2022-06-13 10:42:07.568226	2022-06-13 10:42:07.568226	2021-12-06	2022-03-21	Lonnie Brockington	myieqzrcpalhdnbg	\N	\N	\N	\N	\N	361	187
662	2022-06-13 10:42:07.582594	2022-06-13 10:42:07.582594	2022-04-23	2022-03-06	Kort McTear	iudsqapfztchn	\N	\N	\N	\N	\N	139	582
678	2022-06-13 10:42:07.586345	2022-06-13 10:42:07.586345	2022-02-12	2022-04-18	Corbet Estevez	dwcxlsnjyqbkmit	\N	\N	\N	\N	\N	854	840
688	2022-06-13 10:42:07.588783	2022-06-13 10:42:07.588783	2022-05-04	2021-08-06	Aeriell Arran	jcavmfhpyib	\N	\N	\N	\N	\N	629	245
699	2022-06-13 10:42:07.591745	2022-06-13 10:42:07.591745	2022-01-15	2021-12-09	Gloriana Hugo	izupqcnbykrhx	\N	\N	\N	\N	\N	261	788
708	2022-06-13 10:42:07.594312	2022-06-13 10:42:07.594312	2021-09-06	2022-04-07	Ursulina Polkinghorne	ylzmewbrtivuha	\N	\N	\N	\N	\N	814	946
718	2022-06-13 10:42:07.596707	2022-06-13 10:42:07.596707	2022-04-27	2022-03-06	Cal Primmer	myhkejdriafqu	\N	\N	\N	\N	\N	849	273
727	2022-06-13 10:42:07.599118	2022-06-13 10:42:07.599118	2021-06-26	2021-08-18	Florrie Tale	cohfqivbswtamgudypxn	\N	\N	\N	\N	\N	739	229
738	2022-06-13 10:42:07.601507	2022-06-13 10:42:07.601507	2021-07-05	2021-10-03	Adeline Korneichik	cezsofqaiuvhln	\N	\N	\N	\N	\N	898	232
747	2022-06-13 10:42:07.603774	2022-06-13 10:42:07.603774	2021-07-11	2022-01-22	Clary Galliford	liunvbwgocfzmkd	\N	\N	\N	\N	\N	101	312
756	2022-06-13 10:42:07.606216	2022-06-13 10:42:07.606216	2022-02-15	2021-12-31	Georgianna Drinkel	exicuymkgoslh	\N	\N	\N	\N	\N	493	920
768	2022-06-13 10:42:07.608677	2022-06-13 10:42:07.608677	2021-06-12	2021-08-12	Gregory Normant	bagojlqkutpvm	\N	\N	\N	\N	\N	33	970
779	2022-06-13 10:42:07.611913	2022-06-13 10:42:07.611913	2021-09-05	2022-04-04	Molli Binyon	tfmkocvpjalgnsy	\N	\N	\N	\N	\N	989	205
787	2022-06-13 10:42:07.614209	2022-06-13 10:42:07.614209	2022-03-15	2021-11-22	Livvie Kohlerman	zjfvnqaximgl	\N	\N	\N	\N	\N	973	433
799	2022-06-13 10:42:07.616704	2022-06-13 10:42:07.616704	2022-04-04	2022-05-21	Herold Wardhaugh	tuaedxmlphiygkwsjc	\N	\N	\N	\N	\N	281	50
808	2022-06-13 10:42:07.618999	2022-06-13 10:42:07.618999	2021-12-08	2022-03-07	Silvanus Farrow	ftjzpqymlgersd	\N	\N	\N	\N	\N	717	418
819	2022-06-13 10:42:07.62156	2022-06-13 10:42:07.62156	2021-09-28	2022-04-11	Felicity Lagde	tqkunzsdhxegljyifco	\N	\N	\N	\N	\N	688	929
827	2022-06-13 10:42:07.62361	2022-06-13 10:42:07.62361	2021-07-15	2021-09-24	Kissee Grist	aydejgrvcbfhiwlq	\N	\N	\N	\N	\N	171	82
838	2022-06-13 10:42:07.626074	2022-06-13 10:42:07.626074	2021-10-25	2021-08-09	Victoria Stelljes	ijvflkrbahdcosntqxzw	\N	\N	\N	\N	\N	403	89
846	2022-06-13 10:42:07.628528	2022-06-13 10:42:07.628528	2021-08-11	2021-09-21	Bell Gammon	caktwflxpbqyhdj	\N	\N	\N	\N	\N	694	482
854	2022-06-13 10:42:07.630906	2022-06-13 10:42:07.630906	2022-03-07	2021-10-16	Lois Alyonov	qmvkzuprgsfw	\N	\N	\N	\N	\N	721	247
867	2022-06-13 10:42:07.634406	2022-06-13 10:42:07.634406	2022-04-30	2022-03-14	Lesya Cancutt	pbnavgktdroxmyqc	\N	\N	\N	\N	\N	762	793
877	2022-06-13 10:42:07.636735	2022-06-13 10:42:07.636735	2021-08-13	2021-09-15	Paige Zini	rnklapyjxsqibguvc	\N	\N	\N	\N	\N	938	674
887	2022-06-13 10:42:07.650176	2022-06-13 10:42:07.650176	2021-10-23	2021-09-16	Jackquelin Veldman	xcoilaezgn	\N	\N	\N	\N	\N	45	796
894	2022-06-13 10:42:07.65311	2022-06-13 10:42:07.65311	2022-02-20	2021-10-25	Sholom Drew	vrkimuglqy	\N	\N	\N	\N	\N	287	844
906	2022-06-13 10:42:07.656182	2022-06-13 10:42:07.656182	2021-11-23	2021-09-16	Felic Tansill	nqleojumzkrgcb	\N	\N	\N	\N	\N	766	149
917	2022-06-13 10:42:07.65852	2022-06-13 10:42:07.65852	2021-08-30	2022-03-24	Annice Stenson	tkulpsrhfazwidqce	\N	\N	\N	\N	\N	760	40
927	2022-06-13 10:42:07.660781	2022-06-13 10:42:07.660781	2021-08-05	2022-03-17	Murial Dorney	fiumrecnzqtgkjywsv	\N	\N	\N	\N	\N	616	119
935	2022-06-13 10:42:07.662904	2022-06-13 10:42:07.662904	2021-07-15	2021-12-21	Opaline Bradfield	dqszfjtaeonwu	\N	\N	\N	\N	\N	219	680
947	2022-06-13 10:42:07.665315	2022-06-13 10:42:07.665315	2022-03-21	2022-03-21	Janaya Adamski	azyqhlnetxowpivdkgb	\N	\N	\N	\N	\N	540	431
956	2022-06-13 10:42:07.667652	2022-06-13 10:42:07.667652	2021-09-19	2021-10-25	Mateo Bellefant	fygzvbkoenarqm	\N	\N	\N	\N	\N	806	582
966	2022-06-13 10:42:07.669921	2022-06-13 10:42:07.669921	2022-04-18	2022-01-28	Anderea Hegarty	xsrlvcpqugktjzimbw	\N	\N	\N	\N	\N	278	533
976	2022-06-13 10:42:07.672405	2022-06-13 10:42:07.672405	2021-09-23	2021-11-01	Jonie Ambrosoli	lwrjvdazmykb	\N	\N	\N	\N	\N	925	351
982	2022-06-13 10:42:07.674951	2022-06-13 10:42:07.674951	2022-01-24	2021-12-13	Krishna Akerman	uftpmbrskwjdv	\N	\N	\N	\N	\N	317	222
995	2022-06-13 10:42:07.67745	2022-06-13 10:42:07.67745	2022-02-14	2022-05-22	Angelika Tremethack	iuamwrlznjqbvcy	\N	\N	\N	\N	\N	647	902
361	2022-06-13 10:42:07.477002	2022-06-13 10:42:07.477002	2021-11-19	2021-07-27	Bryn Eltringham	ynifvuobrldtgmhjqc	\N	\N	\N	\N	\N	36	102
398	2022-06-13 10:42:07.48176	2022-06-13 10:42:07.48176	2021-10-28	2022-02-13	Carlen Schult	xrfevwyaighbsodtcpl	\N	\N	\N	\N	\N	372	691
409	2022-06-13 10:42:07.484773	2022-06-13 10:42:07.484773	2022-05-30	2022-05-05	Fiona Heater	xwranmeyikofzq	\N	\N	\N	\N	\N	235	471
419	2022-06-13 10:42:07.487261	2022-06-13 10:42:07.487261	2021-10-06	2022-05-08	Cyrus Trenfield	jimptalygzroekcb	\N	\N	\N	\N	\N	230	204
427	2022-06-13 10:42:07.489531	2022-06-13 10:42:07.489531	2022-02-10	2022-03-31	Lyle Bingle	sivrwelufjpqcoz	\N	\N	\N	\N	\N	419	838
437	2022-06-13 10:42:07.492688	2022-06-13 10:42:07.492688	2022-03-26	2022-03-16	Bessy Longina	peymjhodqwsnrbazvig	\N	\N	\N	\N	\N	627	507
448	2022-06-13 10:42:07.495118	2022-06-13 10:42:07.495118	2021-10-16	2022-04-19	Ora Soane	aurmbtvynsc	\N	\N	\N	\N	\N	451	846
458	2022-06-13 10:42:07.518273	2022-06-13 10:42:07.518273	2022-01-27	2022-02-03	Gun Starr	jdfwvsknguhlotyec	\N	\N	\N	\N	\N	158	149
464	2022-06-13 10:42:07.521579	2022-06-13 10:42:07.521579	2021-12-10	2021-09-08	Patrizia Sprakes	bfrypklimhgz	\N	\N	\N	\N	\N	289	58
475	2022-06-13 10:42:07.524043	2022-06-13 10:42:07.524043	2021-06-25	2022-04-05	Daffy Ormonde	okqfjrialpsdnwexguv	\N	\N	\N	\N	\N	699	674
486	2022-06-13 10:42:07.526557	2022-06-13 10:42:07.526557	2021-06-23	2021-08-21	Roz Leftbridge	yhifxdcenrawzjlbgp	\N	\N	\N	\N	\N	52	748
494	2022-06-13 10:42:07.528603	2022-06-13 10:42:07.528603	2022-01-16	2022-03-09	Claus Bodega	nxrlmogifchsptqbzwye	\N	\N	\N	\N	\N	552	348
507	2022-06-13 10:42:07.531149	2022-06-13 10:42:07.531149	2022-02-19	2022-03-11	Beverlie Stanyard	ysgpvlrdohuwfnjeiqt	\N	\N	\N	\N	\N	325	124
513	2022-06-13 10:42:07.533378	2022-06-13 10:42:07.533378	2021-07-30	2022-04-13	Garik Fryd	ubaxrfkpyqzgitwmhosv	\N	\N	\N	\N	\N	168	503
522	2022-06-13 10:42:07.535633	2022-06-13 10:42:07.535633	2022-06-11	2021-10-10	Dierdre Blench	nzytxrbfsvwk	\N	\N	\N	\N	\N	196	798
538	2022-06-13 10:42:07.538546	2022-06-13 10:42:07.538546	2022-04-12	2021-08-21	Brita Rottcher	ryeigwjqsvkn	\N	\N	\N	\N	\N	863	820
543	2022-06-13 10:42:07.540421	2022-06-13 10:42:07.540421	2021-07-04	2021-12-14	Philis Talton	dchngsmoyjflpevui	\N	\N	\N	\N	\N	634	16
553	2022-06-13 10:42:07.543097	2022-06-13 10:42:07.543097	2022-05-15	2022-06-05	Enos Attryde	mvdgetxsyb	\N	\N	\N	\N	\N	463	835
563	2022-06-13 10:42:07.545054	2022-06-13 10:42:07.545054	2022-03-31	2021-08-12	Aurthur Drewry	rntmqwgepzifay	\N	\N	\N	\N	\N	448	876
573	2022-06-13 10:42:07.547948	2022-06-13 10:42:07.547948	2021-12-01	2022-04-22	Booth Beedie	trepoiqufkl	\N	\N	\N	\N	\N	929	855
578	2022-06-13 10:42:07.550471	2022-06-13 10:42:07.550471	2022-02-26	2022-02-13	Bobina McMorland	ycozjfsbewudkma	\N	\N	\N	\N	\N	341	359
590	2022-06-13 10:42:07.553041	2022-06-13 10:42:07.553041	2022-03-29	2021-07-04	Linnea Caveill	xzhqwpafglnidjmt	\N	\N	\N	\N	\N	502	599
600	2022-06-13 10:42:07.555479	2022-06-13 10:42:07.555479	2022-03-01	2022-01-12	Benjie Jelley	psxbdalckfjzqhomgtr	\N	\N	\N	\N	\N	35	764
610	2022-06-13 10:42:07.557847	2022-06-13 10:42:07.557847	2022-02-07	2022-03-14	Linoel Pulham	xyzwuavhgrdpbo	\N	\N	\N	\N	\N	377	756
616	2022-06-13 10:42:07.559813	2022-06-13 10:42:07.559813	2021-08-17	2021-12-03	Ronny Doppler	hfoxqtlrsgzmdcank	\N	\N	\N	\N	\N	183	403
625	2022-06-13 10:42:07.562183	2022-06-13 10:42:07.562183	2022-03-20	2021-12-22	Yuma Derry	igpyxwzcejuvdsm	\N	\N	\N	\N	\N	167	827
637	2022-06-13 10:42:07.564676	2022-06-13 10:42:07.564676	2022-04-05	2021-10-26	Baily Sterte	fatvwypbro	\N	\N	\N	\N	\N	80	654
650	2022-06-13 10:42:07.567457	2022-06-13 10:42:07.567457	2021-08-04	2022-02-15	Elsworth Darkin	urflqnepozidw	\N	\N	\N	\N	\N	780	409
660	2022-06-13 10:42:07.569793	2022-06-13 10:42:07.569793	2022-05-23	2022-01-08	Buffy Cawkwell	fbetsxkyolqvijzpnh	\N	\N	\N	\N	\N	630	823
669	2022-06-13 10:42:07.583414	2022-06-13 10:42:07.583414	2022-05-17	2022-05-04	Maureen Izak	kmqehslpzgnuraxcdbo	\N	\N	\N	\N	\N	72	377
677	2022-06-13 10:42:07.586268	2022-06-13 10:42:07.586268	2021-07-18	2021-09-12	Ailey Jakeway	enkilzjtmqvrogawudh	\N	\N	\N	\N	\N	994	26
685	2022-06-13 10:42:07.588518	2022-06-13 10:42:07.588518	2022-05-18	2022-02-09	Lance Keavy	zumndxvfiotrqscg	\N	\N	\N	\N	\N	594	144
691	2022-06-13 10:42:07.590421	2022-06-13 10:42:07.590421	2021-09-19	2021-08-02	Robert Gyorffy	tclnfdiojyb	\N	\N	\N	\N	\N	119	766
706	2022-06-13 10:42:07.593656	2022-06-13 10:42:07.593656	2022-01-30	2021-10-02	Delia Keyme	tuobqpzkalmdeijrfxn	\N	\N	\N	\N	\N	29	930
713	2022-06-13 10:42:07.595618	2022-06-13 10:42:07.595618	2021-10-16	2022-04-27	Kellsie Kerrane	rpadqfczvtngjmeubi	\N	\N	\N	\N	\N	46	415
724	2022-06-13 10:42:07.598166	2022-06-13 10:42:07.598166	2021-12-16	2021-07-07	Hadria Camber	owmdzjknehrl	\N	\N	\N	\N	\N	457	953
736	2022-06-13 10:42:07.600748	2022-06-13 10:42:07.600748	2022-02-23	2022-02-18	Petra Neve	zhgksmeywoijqndvtup	\N	\N	\N	\N	\N	570	9
741	2022-06-13 10:42:07.6027	2022-06-13 10:42:07.6027	2021-12-27	2022-01-22	Milo Wooder	amvohbjcpywkduxz	\N	\N	\N	\N	\N	733	611
752	2022-06-13 10:42:07.605111	2022-06-13 10:42:07.605111	2021-12-06	2022-03-25	Di Lowrie	dmbcoaxgwtvsje	\N	\N	\N	\N	\N	295	390
760	2022-06-13 10:42:07.607219	2022-06-13 10:42:07.607219	2022-05-01	2021-07-31	Xylina Glasscott	dqglmtfkywao	\N	\N	\N	\N	\N	984	565
770	2022-06-13 10:42:07.610349	2022-06-13 10:42:07.610349	2021-09-15	2021-09-12	Justina Batie	waqcgkyuixe	\N	\N	\N	\N	\N	60	906
784	2022-06-13 10:42:07.613423	2022-06-13 10:42:07.613423	2021-12-27	2021-07-20	Mahmoud Bostock	cdqwjmitoflurh	\N	\N	\N	\N	\N	869	715
791	2022-06-13 10:42:07.615335	2022-06-13 10:42:07.615335	2021-08-10	2021-10-22	Hurleigh Simounet	znepuvasrtcwldoby	\N	\N	\N	\N	\N	496	85
802	2022-06-13 10:42:07.617736	2022-06-13 10:42:07.617736	2022-02-22	2021-09-10	Parsifal Iacobassi	tskmiqjpgxveludwyfbo	\N	\N	\N	\N	\N	912	409
814	2022-06-13 10:42:07.620327	2022-06-13 10:42:07.620327	2022-04-27	2021-09-19	Toma Dove	rphfejouzbwygkmv	\N	\N	\N	\N	\N	181	183
820	2022-06-13 10:42:07.622393	2022-06-13 10:42:07.622393	2021-06-13	2021-11-23	Maitilde Rittelmeyer	jsohutdfackglxq	\N	\N	\N	\N	\N	787	215
833	2022-06-13 10:42:07.62496	2022-06-13 10:42:07.62496	2021-08-13	2021-08-04	Tabb Whatham	lrfhtvqcuwxi	\N	\N	\N	\N	\N	818	557
844	2022-06-13 10:42:07.62796	2022-06-13 10:42:07.62796	2021-09-23	2021-10-06	Myles Acres	azikwdbstoxulen	\N	\N	\N	\N	\N	485	189
852	2022-06-13 10:42:07.630745	2022-06-13 10:42:07.630745	2022-02-23	2022-04-25	Michael Gittus	cpdtvjblfqe	\N	\N	\N	\N	\N	526	631
869	2022-06-13 10:42:07.634541	2022-06-13 10:42:07.634541	2021-08-30	2022-02-18	Esther Klimowicz	gpsxwcuyjiarb	\N	\N	\N	\N	\N	758	683
878	2022-06-13 10:42:07.636859	2022-06-13 10:42:07.636859	2021-09-21	2021-11-29	Giffie Spratling	sqgkafdmycihonrpbuw	\N	\N	\N	\N	\N	628	558
885	2022-06-13 10:42:07.649868	2022-06-13 10:42:07.649868	2021-08-12	2021-08-15	Mufinella Shillabeare	vqjaebspftnu	\N	\N	\N	\N	\N	582	76
892	2022-06-13 10:42:07.65295	2022-06-13 10:42:07.65295	2021-07-27	2022-03-05	Ring Chazelas	uwicrqnptgbdh	\N	\N	\N	\N	\N	371	281
900	2022-06-13 10:42:07.655073	2022-06-13 10:42:07.655073	2022-03-09	2022-04-01	Beaufort Atcock	tzbovmwihscf	\N	\N	\N	\N	\N	943	578
908	2022-06-13 10:42:07.657205	2022-06-13 10:42:07.657205	2021-06-30	2022-02-06	Roshelle Arr	bxflmntwheiyupkqj	\N	\N	\N	\N	\N	548	151
918	2022-06-13 10:42:07.65949	2022-06-13 10:42:07.65949	2022-05-31	2022-04-26	Gizela Saltman	ezgqadctfj	\N	\N	\N	\N	\N	916	550
930	2022-06-13 10:42:07.661845	2022-06-13 10:42:07.661845	2021-07-19	2021-07-29	Marigold Waber	qsxfuzkngilpcwjhe	\N	\N	\N	\N	\N	700	340
943	2022-06-13 10:42:07.664421	2022-06-13 10:42:07.664421	2022-03-17	2022-02-17	Karyl Rossiter	nhebzliuvsofaytdjrpx	\N	\N	\N	\N	\N	200	568
953	2022-06-13 10:42:07.666761	2022-06-13 10:42:07.666761	2021-10-22	2021-09-23	Silvan Elvin	gsfawyicntlbodjuxrqz	\N	\N	\N	\N	\N	527	288
961	2022-06-13 10:42:07.668959	2022-06-13 10:42:07.668959	2022-05-03	2022-04-22	Glenn Bencher	xousvzfmpti	\N	\N	\N	\N	\N	212	661
970	2022-06-13 10:42:07.671107	2022-06-13 10:42:07.671107	2022-02-14	2022-02-17	Dari Lockhart	lmrfzgxbjhdky	\N	\N	\N	\N	\N	913	873
979	2022-06-13 10:42:07.673445	2022-06-13 10:42:07.673445	2022-04-05	2021-10-06	Langsdon Dunphy	csvhrqxmjadyu	\N	\N	\N	\N	\N	456	328
988	2022-06-13 10:42:07.675983	2022-06-13 10:42:07.675983	2021-08-27	2021-12-30	Lynsey Leavold	qdbkhmrzonji	\N	\N	\N	\N	\N	756	182
1000	2022-06-13 10:42:07.678433	2022-06-13 10:42:07.678433	2022-02-03	2022-05-21	Donna Stolte	fjerxzwica	\N	\N	\N	\N	\N	820	847
440	2022-06-13 10:42:07.519308	2022-06-13 10:42:07.519308	2022-06-08	2022-01-23	Millicent Varndall	fcxudqymakwnrhgovs	\N	\N	\N	\N	\N	406	822
478	2022-06-13 10:42:07.524308	2022-06-13 10:42:07.524308	2021-12-31	2022-04-25	Bogart Warfield	jtzmuihdpoalskc	\N	\N	\N	\N	\N	977	617
485	2022-06-13 10:42:07.526428	2022-06-13 10:42:07.526428	2021-12-09	2021-12-31	Loretta Blethin	baixnqpolhcjytg	\N	\N	\N	\N	\N	577	168
497	2022-06-13 10:42:07.528842	2022-06-13 10:42:07.528842	2022-05-04	2021-11-16	Walt Speedy	rdopcynuqebhaswzmftx	\N	\N	\N	\N	\N	474	398
508	2022-06-13 10:42:07.531288	2022-06-13 10:42:07.531288	2021-08-06	2022-02-03	Anna-diana Cianni	cyxjwgimdszplfkb	\N	\N	\N	\N	\N	245	17
516	2022-06-13 10:42:07.533673	2022-06-13 10:42:07.533673	2022-02-27	2021-08-02	Will Lucien	janfcobdsxqpk	\N	\N	\N	\N	\N	783	528
527	2022-06-13 10:42:07.536061	2022-06-13 10:42:07.536061	2022-02-10	2021-10-04	Brantley Rosbottom	sxozjfnhdrgtwpm	\N	\N	\N	\N	\N	608	82
534	2022-06-13 10:42:07.538124	2022-06-13 10:42:07.538124	2022-02-03	2021-07-31	Janaya Nimmo	fdvjbzutokmerwgxnhp	\N	\N	\N	\N	\N	179	892
546	2022-06-13 10:42:07.540694	2022-06-13 10:42:07.540694	2021-07-19	2021-10-30	Towny Millthorpe	mjkoqthbrz	\N	\N	\N	\N	\N	175	380
556	2022-06-13 10:42:07.54341	2022-06-13 10:42:07.54341	2021-12-02	2021-12-18	Louisa Dibner	vmaehbqokcznjtfp	\N	\N	\N	\N	\N	677	88
564	2022-06-13 10:42:07.546296	2022-06-13 10:42:07.546296	2022-05-30	2021-08-05	Vito McAw	gixayejprtducnzo	\N	\N	\N	\N	\N	916	545
574	2022-06-13 10:42:07.548793	2022-06-13 10:42:07.548793	2022-04-15	2021-10-26	Dixie Kirkam	jivokehmtfdqrcpgaxnz	\N	\N	\N	\N	\N	669	752
584	2022-06-13 10:42:07.551352	2022-06-13 10:42:07.551352	2022-02-19	2022-02-11	Wells Hiscoe	bzafukjrcphxs	\N	\N	\N	\N	\N	87	450
592	2022-06-13 10:42:07.55396	2022-06-13 10:42:07.55396	2022-03-28	2021-12-15	Tan Haselup	zucnwgrkbmdej	\N	\N	\N	\N	\N	106	270
603	2022-06-13 10:42:07.556422	2022-06-13 10:42:07.556422	2021-09-04	2021-09-20	Tailor Prudham	wpklgozcvufht	\N	\N	\N	\N	\N	803	220
614	2022-06-13 10:42:07.558961	2022-06-13 10:42:07.558961	2022-04-13	2022-04-29	Clemmy Starkings	udzswolrtpemxnqbi	\N	\N	\N	\N	\N	696	630
624	2022-06-13 10:42:07.561277	2022-06-13 10:42:07.561277	2021-11-30	2021-12-23	Robin Posthill	vihymdeglz	\N	\N	\N	\N	\N	68	413
634	2022-06-13 10:42:07.56365	2022-06-13 10:42:07.56365	2022-05-02	2021-12-17	Janelle Hearson	miuplgztahowvyfqj	\N	\N	\N	\N	\N	866	454
643	2022-06-13 10:42:07.565991	2022-06-13 10:42:07.565991	2022-03-21	2022-04-05	Doroteya Mothersdale	cxyjfdlsnhb	\N	\N	\N	\N	\N	930	211
655	2022-06-13 10:42:07.568841	2022-06-13 10:42:07.568841	2021-11-20	2022-01-03	Leilah Pichan	hxwfakrngt	\N	\N	\N	\N	\N	307	368
663	2022-06-13 10:42:07.582693	2022-06-13 10:42:07.582693	2022-05-01	2021-09-18	Hugibert Sleightholme	bzpnumqxritogd	\N	\N	\N	\N	\N	827	230
673	2022-06-13 10:42:07.585912	2022-06-13 10:42:07.585912	2021-10-01	2021-12-15	Reinold Fryatt	tsiagoxulqjhwrfzykv	\N	\N	\N	\N	\N	247	750
684	2022-06-13 10:42:07.588469	2022-06-13 10:42:07.588469	2021-09-26	2021-12-18	Andy Scard	yfaszmcvtoikjlherg	\N	\N	\N	\N	\N	398	278
695	2022-06-13 10:42:07.590737	2022-06-13 10:42:07.590737	2022-01-10	2022-05-31	Leo MacCostigan	rzqdwhtbmypk	\N	\N	\N	\N	\N	983	55
703	2022-06-13 10:42:07.593407	2022-06-13 10:42:07.593407	2021-12-28	2022-05-20	Grannie Warr	armfuxdlwzievnhptks	\N	\N	\N	\N	\N	673	681
715	2022-06-13 10:42:07.595787	2022-06-13 10:42:07.595787	2022-01-18	2021-08-13	Tedd Dominy	jevdzbralniftc	\N	\N	\N	\N	\N	556	420
725	2022-06-13 10:42:07.598245	2022-06-13 10:42:07.598245	2021-08-10	2021-10-12	Julee McRill	jturoalinkybpwmc	\N	\N	\N	\N	\N	920	14
731	2022-06-13 10:42:07.600404	2022-06-13 10:42:07.600404	2022-01-23	2022-02-24	Cesar Schmidt	rfiazhgdbncyqwlujpvo	\N	\N	\N	\N	\N	941	940
746	2022-06-13 10:42:07.603204	2022-06-13 10:42:07.603204	2022-04-09	2021-11-04	Doloritas Giuron	uhpxvilajtskz	\N	\N	\N	\N	\N	911	394
755	2022-06-13 10:42:07.606129	2022-06-13 10:42:07.606129	2021-06-12	2021-10-30	Hildegaard Bambery	npvcxhtemwuydjqz	\N	\N	\N	\N	\N	504	47
766	2022-06-13 10:42:07.608519	2022-06-13 10:42:07.608519	2022-01-22	2021-12-25	Moishe Kiebes	ejxkypbslhfdwrq	\N	\N	\N	\N	\N	975	91
776	2022-06-13 10:42:07.611748	2022-06-13 10:42:07.611748	2022-03-04	2022-02-16	Regine Pieper	uokhqtpfygsjern	\N	\N	\N	\N	\N	354	206
785	2022-06-13 10:42:07.614106	2022-06-13 10:42:07.614106	2022-05-07	2022-06-09	Wald Madrell	psaqvmyefoth	\N	\N	\N	\N	\N	690	340
796	2022-06-13 10:42:07.616447	2022-06-13 10:42:07.616447	2022-01-10	2022-01-18	Neely Garett	qcyvkjziplabhmxgsunw	\N	\N	\N	\N	\N	489	179
809	2022-06-13 10:42:07.619057	2022-06-13 10:42:07.619057	2021-10-23	2022-02-24	Dudley Szanto	rhteypqsgm	\N	\N	\N	\N	\N	744	543
818	2022-06-13 10:42:07.621454	2022-06-13 10:42:07.621454	2021-08-01	2022-04-29	Adams Zannolli	ncwrltfvpz	\N	\N	\N	\N	\N	989	434
828	2022-06-13 10:42:07.623653	2022-06-13 10:42:07.623653	2021-11-03	2021-08-23	Cello Fruchon	wbfnztexjpaucqlyh	\N	\N	\N	\N	\N	458	435
835	2022-06-13 10:42:07.625824	2022-06-13 10:42:07.625824	2022-06-03	2022-02-21	Sherman Smallpiece	muqdyhclxgenjkv	\N	\N	\N	\N	\N	161	377
845	2022-06-13 10:42:07.628487	2022-06-13 10:42:07.628487	2022-02-28	2021-07-02	Dacy Dunn	ljvgwkbxaotyuz	\N	\N	\N	\N	\N	859	150
855	2022-06-13 10:42:07.631	2022-06-13 10:42:07.631	2021-12-05	2022-05-11	Terence Zanitti	focbthgvekwdmjiqyz	\N	\N	\N	\N	\N	724	226
862	2022-06-13 10:42:07.633122	2022-06-13 10:42:07.633122	2022-05-11	2021-08-04	Henrik Dumbleton	ryksfzdipomn	\N	\N	\N	\N	\N	329	132
875	2022-06-13 10:42:07.635647	2022-06-13 10:42:07.635647	2022-03-12	2022-03-04	Hallie Dubber	nxqhptysegc	\N	\N	\N	\N	\N	94	467
880	2022-06-13 10:42:07.649379	2022-06-13 10:42:07.649379	2021-10-09	2021-10-03	Sheilah Boribal	frjizcbgvotyspewxnmh	\N	\N	\N	\N	\N	347	278
889	2022-06-13 10:42:07.652601	2022-06-13 10:42:07.652601	2022-04-11	2022-03-02	Else Thewlis	kilwgoasujcp	\N	\N	\N	\N	\N	689	605
899	2022-06-13 10:42:07.655038	2022-06-13 10:42:07.655038	2021-11-11	2022-02-21	Dulciana Meffen	juzrfnhtis	\N	\N	\N	\N	\N	516	850
910	2022-06-13 10:42:07.657366	2022-06-13 10:42:07.657366	2021-10-14	2021-10-11	Ayn Braisby	knupctfwaev	\N	\N	\N	\N	\N	377	693
919	2022-06-13 10:42:07.659535	2022-06-13 10:42:07.659535	2022-05-10	2022-01-20	Breanne Ouldred	beodniausjzkwg	\N	\N	\N	\N	\N	86	345
928	2022-06-13 10:42:07.661772	2022-06-13 10:42:07.661772	2021-11-20	2021-12-31	Caritta Benion	qgadiuxwepbys	\N	\N	\N	\N	\N	524	781
940	2022-06-13 10:42:07.664289	2022-06-13 10:42:07.664289	2021-07-06	2021-06-15	Janek Millam	pchuzdaxkqjglemsry	\N	\N	\N	\N	\N	408	637
954	2022-06-13 10:42:07.666844	2022-06-13 10:42:07.666844	2021-11-17	2022-05-19	Padraig Kochel	jovixhkseu	\N	\N	\N	\N	\N	868	241
958	2022-06-13 10:42:07.66871	2022-06-13 10:42:07.66871	2021-10-11	2021-12-16	Moishe Golightly	newixgtkshjqcduyf	\N	\N	\N	\N	\N	927	176
972	2022-06-13 10:42:07.672004	2022-06-13 10:42:07.672004	2021-11-29	2021-09-16	Benito Vanns	kybafulvsdpxtrijzq	\N	\N	\N	\N	\N	903	866
985	2022-06-13 10:42:07.675226	2022-06-13 10:42:07.675226	2022-02-22	2021-11-12	Rurik McVeigh	owjcfqhvbnexpumdzsa	\N	\N	\N	\N	\N	316	65
996	2022-06-13 10:42:07.677454	2022-06-13 10:42:07.677454	2022-05-30	2021-06-22	Deborah Arnely	ncepwhodfj	\N	\N	\N	\N	\N	521	286
651	2022-06-13 10:42:07.584091	2022-06-13 10:42:07.584091	2021-07-07	2021-07-02	Courtnay Shalloe	btgrpausiyqme	\N	\N	\N	\N	\N	83	502
683	2022-06-13 10:42:07.588323	2022-06-13 10:42:07.588323	2022-04-14	2021-07-02	Wain Pionter	ycvtwemqrgalnkzs	\N	\N	\N	\N	\N	651	311
694	2022-06-13 10:42:07.590699	2022-06-13 10:42:07.590699	2022-05-27	2021-09-17	Ginny Thorwarth	yqkvlasdzp	\N	\N	\N	\N	\N	69	207
701	2022-06-13 10:42:07.593239	2022-06-13 10:42:07.593239	2021-08-25	2022-04-16	Sebastien Koenraad	qazliwjfro	\N	\N	\N	\N	\N	162	789
711	2022-06-13 10:42:07.595424	2022-06-13 10:42:07.595424	2021-12-18	2021-08-16	Bambie Boor	bnoavizqxerysudmlhck	\N	\N	\N	\N	\N	953	627
723	2022-06-13 10:42:07.598045	2022-06-13 10:42:07.598045	2021-12-03	2021-09-04	Boote Dallinder	pbrfvjzscqgkdx	\N	\N	\N	\N	\N	233	467
734	2022-06-13 10:42:07.600611	2022-06-13 10:42:07.600611	2022-04-15	2022-03-25	Donnie Talloe	qdpbwroygiukfvmzca	\N	\N	\N	\N	\N	146	775
744	2022-06-13 10:42:07.602976	2022-06-13 10:42:07.602976	2022-04-20	2021-07-10	Ben Sweed	ojldbeywmkqzgvuh	\N	\N	\N	\N	\N	695	607
753	2022-06-13 10:42:07.605161	2022-06-13 10:42:07.605161	2022-05-01	2021-09-12	Hedda Rickeard	lbdyvknmgt	\N	\N	\N	\N	\N	747	369
763	2022-06-13 10:42:07.607455	2022-06-13 10:42:07.607455	2021-10-31	2022-04-12	Dom Penquet	jhcxukgaiqln	\N	\N	\N	\N	\N	794	135
773	2022-06-13 10:42:07.610549	2022-06-13 10:42:07.610549	2021-09-10	2022-03-10	Gwyneth Flacknell	jekrwqvisl	\N	\N	\N	\N	\N	487	436
780	2022-06-13 10:42:07.613003	2022-06-13 10:42:07.613003	2021-07-28	2021-07-05	Twyla Fever	mxqgnoeabwuyzhjlr	\N	\N	\N	\N	\N	927	431
793	2022-06-13 10:42:07.615517	2022-06-13 10:42:07.615517	2022-06-08	2021-11-20	Katya Coots	lviayfmwnqctedpgouzr	\N	\N	\N	\N	\N	407	517
804	2022-06-13 10:42:07.617858	2022-06-13 10:42:07.617858	2021-11-14	2022-06-05	Harris Proudler	rdhsjftkae	\N	\N	\N	\N	\N	233	238
813	2022-06-13 10:42:07.620247	2022-06-13 10:42:07.620247	2021-12-17	2021-11-18	Shepard Leving	kbdjgpyoxznea	\N	\N	\N	\N	\N	498	341
821	2022-06-13 10:42:07.622477	2022-06-13 10:42:07.622477	2022-04-07	2022-02-06	Jourdan Galey	xcfnlopztbsh	\N	\N	\N	\N	\N	962	759
830	2022-06-13 10:42:07.624682	2022-06-13 10:42:07.624682	2021-12-01	2022-01-28	Nester Kirkam	crdpyzglnaowhsitv	\N	\N	\N	\N	\N	601	437
840	2022-06-13 10:42:07.62697	2022-06-13 10:42:07.62697	2021-10-16	2022-01-11	Allie Beldam	apfhorvwji	\N	\N	\N	\N	\N	640	624
850	2022-06-13 10:42:07.629616	2022-06-13 10:42:07.629616	2022-03-07	2021-12-25	Elisabet Corbyn	zdkvqrwjebfps	\N	\N	\N	\N	\N	960	616
860	2022-06-13 10:42:07.631917	2022-06-13 10:42:07.631917	2022-02-24	2022-01-10	Yoshi Dunnion	ugaxboisyc	\N	\N	\N	\N	\N	979	887
871	2022-06-13 10:42:07.635083	2022-06-13 10:42:07.635083	2022-01-08	2022-06-04	Gal Bucktrout	zhnwqdtsybrck	\N	\N	\N	\N	\N	690	71
884	2022-06-13 10:42:07.649818	2022-06-13 10:42:07.649818	2022-04-20	2021-07-13	Windy Bygraves	bvmwnsizqgedfxh	\N	\N	\N	\N	\N	459	518
890	2022-06-13 10:42:07.652616	2022-06-13 10:42:07.652616	2022-03-27	2022-04-01	Ruthe Dubock	ykuerqxzhngvjcfmdwsa	\N	\N	\N	\N	\N	574	42
904	2022-06-13 10:42:07.655404	2022-06-13 10:42:07.655404	2021-07-29	2021-08-27	Lorilyn Gavigan	bizvqogacrpjnxf	\N	\N	\N	\N	\N	884	860
913	2022-06-13 10:42:07.657648	2022-06-13 10:42:07.657648	2022-02-19	2022-04-30	Hanan Rawstorne	qgxfhlakitsrwdbvjcnu	\N	\N	\N	\N	\N	712	809
920	2022-06-13 10:42:07.659641	2022-06-13 10:42:07.659641	2021-07-28	2021-11-19	Bridget Cheine	wgolpqmdfcjutibryze	\N	\N	\N	\N	\N	697	362
929	2022-06-13 10:42:07.661742	2022-06-13 10:42:07.661742	2021-08-23	2021-11-10	Buck Buddles	gmkbydcljzqvioe	\N	\N	\N	\N	\N	518	378
939	2022-06-13 10:42:07.664112	2022-06-13 10:42:07.664112	2022-03-28	2021-11-04	Verna Vickars	jndgsmbriczx	\N	\N	\N	\N	\N	55	392
950	2022-06-13 10:42:07.666555	2022-06-13 10:42:07.666555	2021-09-12	2022-01-15	Othella Wasbey	yetjivbrupkfh	\N	\N	\N	\N	\N	551	422
964	2022-06-13 10:42:07.669085	2022-06-13 10:42:07.669085	2021-11-12	2021-08-04	Jerrilee Malafe	ycrmxbvzdwktgf	\N	\N	\N	\N	\N	692	104
973	2022-06-13 10:42:07.672016	2022-06-13 10:42:07.672016	2021-12-25	2022-01-26	Cirilo Pasque	lzoedqtwpgxaivcfys	\N	\N	\N	\N	\N	159	622
983	2022-06-13 10:42:07.675126	2022-06-13 10:42:07.675126	2021-10-23	2022-03-06	Delmar Powis	deabvgpqjulfzwoynt	\N	\N	\N	\N	\N	968	453
997	2022-06-13 10:42:07.677576	2022-06-13 10:42:07.677576	2021-09-08	2021-11-12	Ryann Cornelis	ijpzngstrwyh	\N	\N	\N	\N	\N	464	212
705	2022-06-13 10:42:07.59361	2022-06-13 10:42:07.59361	2022-02-02	2022-03-25	Laraine Hegley	cqisldoywahbgnkxjupm	\N	\N	\N	\N	\N	402	161
714	2022-06-13 10:42:07.595714	2022-06-13 10:42:07.595714	2022-06-04	2021-10-31	Carlynne Bullar	fgsezunhltvixbryd	\N	\N	\N	\N	\N	546	22
726	2022-06-13 10:42:07.598334	2022-06-13 10:42:07.598334	2021-12-22	2021-12-10	Grady Vogeler	fntvlzkpxejoguyrmdh	\N	\N	\N	\N	\N	976	889
733	2022-06-13 10:42:07.600608	2022-06-13 10:42:07.600608	2021-11-14	2022-03-20	Monah McGill	dzfulxipjotarhmn	\N	\N	\N	\N	\N	848	555
740	2022-06-13 10:42:07.602644	2022-06-13 10:42:07.602644	2022-05-15	2022-03-14	Alec Bolzen	luktqvxscmbfodpjhe	\N	\N	\N	\N	\N	778	844
754	2022-06-13 10:42:07.605298	2022-06-13 10:42:07.605298	2021-07-07	2021-07-06	Gilbertina Drysdall	xldgwpmitfcqzkeursav	\N	\N	\N	\N	\N	174	25
764	2022-06-13 10:42:07.607518	2022-06-13 10:42:07.607518	2022-06-11	2021-12-08	Fanny Stonner	hycixdfsglvtoej	\N	\N	\N	\N	\N	82	286
772	2022-06-13 10:42:07.610435	2022-06-13 10:42:07.610435	2022-01-10	2022-05-17	Guglielma Matteotti	nteoxpjcgywavb	\N	\N	\N	\N	\N	237	177
782	2022-06-13 10:42:07.613199	2022-06-13 10:42:07.613199	2021-09-09	2022-03-14	Drucy Skerratt	wzqoxigbrhycuap	\N	\N	\N	\N	\N	641	799
792	2022-06-13 10:42:07.615399	2022-06-13 10:42:07.615399	2021-07-17	2022-06-07	Earlie Benko	jskwqfnbah	\N	\N	\N	\N	\N	729	928
800	2022-06-13 10:42:07.617581	2022-06-13 10:42:07.617581	2021-11-10	2022-01-18	Teena Abisetti	fjsqnievzrmhuykxot	\N	\N	\N	\N	\N	374	48
810	2022-06-13 10:42:07.620001	2022-06-13 10:42:07.620001	2022-05-31	2022-06-01	Agosto Duffree	fclwjdgsypotbue	\N	\N	\N	\N	\N	206	791
822	2022-06-13 10:42:07.622651	2022-06-13 10:42:07.622651	2022-02-22	2022-05-07	Anica Saltsberg	ceaulkbnsovrwtqmj	\N	\N	\N	\N	\N	608	790
831	2022-06-13 10:42:07.624796	2022-06-13 10:42:07.624796	2021-07-17	2022-03-29	Berta Terese	prusgimlbnfzcjdwkqyh	\N	\N	\N	\N	\N	899	694
843	2022-06-13 10:42:07.627894	2022-06-13 10:42:07.627894	2022-05-09	2021-12-31	Micky Vivers	gparqevdkluonf	\N	\N	\N	\N	\N	932	339
858	2022-06-13 10:42:07.631288	2022-06-13 10:42:07.631288	2021-10-10	2021-12-16	Darsey Rooper	ebrmyfzhtwaxosvpjkcd	\N	\N	\N	\N	\N	625	466
865	2022-06-13 10:42:07.633411	2022-06-13 10:42:07.633411	2022-06-10	2021-09-20	Ty Attril	msyjibhlzqegvwfptr	\N	\N	\N	\N	\N	134	355
874	2022-06-13 10:42:07.635533	2022-06-13 10:42:07.635533	2021-08-09	2022-02-25	Karlen Stading	qnmuwcyvfjoap	\N	\N	\N	\N	\N	136	74
882	2022-06-13 10:42:07.649534	2022-06-13 10:42:07.649534	2021-09-13	2021-10-21	Victoria Forton	vpsmnfubkwj	\N	\N	\N	\N	\N	973	983
895	2022-06-13 10:42:07.653115	2022-06-13 10:42:07.653115	2022-01-19	2021-10-22	Dori Hagart	tlhxnayqvbm	\N	\N	\N	\N	\N	914	751
898	2022-06-13 10:42:07.654948	2022-06-13 10:42:07.654948	2022-05-26	2022-03-05	Anabella Alston	sxeoprwndq	\N	\N	\N	\N	\N	90	371
911	2022-06-13 10:42:07.657419	2022-06-13 10:42:07.657419	2021-10-17	2022-02-20	Fran McLellan	dvlaxogcpuqwjri	\N	\N	\N	\N	\N	479	94
924	2022-06-13 10:42:07.659943	2022-06-13 10:42:07.659943	2021-10-03	2021-08-13	Tallie Sawart	sdpfxjyhgtun	\N	\N	\N	\N	\N	83	939
934	2022-06-13 10:42:07.662142	2022-06-13 10:42:07.662142	2021-08-03	2021-10-10	Heindrick Baszniak	mojpdnfgilactxs	\N	\N	\N	\N	\N	269	393
944	2022-06-13 10:42:07.664542	2022-06-13 10:42:07.664542	2021-08-23	2021-12-05	Goldy Fantonetti	kgzyebnjvpaoqm	\N	\N	\N	\N	\N	808	814
948	2022-06-13 10:42:07.666402	2022-06-13 10:42:07.666402	2021-08-03	2021-06-19	Bonny Moulsdale	gfnkejxqct	\N	\N	\N	\N	\N	346	949
959	2022-06-13 10:42:07.668789	2022-06-13 10:42:07.668789	2022-05-11	2021-07-30	Wren Rayhill	cbwonfijulpdsegr	\N	\N	\N	\N	\N	306	84
968	2022-06-13 10:42:07.670957	2022-06-13 10:42:07.670957	2021-08-18	2022-03-04	Henriette Flux	yuptqlhknifw	\N	\N	\N	\N	\N	207	293
978	2022-06-13 10:42:07.673462	2022-06-13 10:42:07.673462	2022-02-01	2022-04-23	Kandace Itshak	ijwdnatpsgkqe	\N	\N	\N	\N	\N	841	308
990	2022-06-13 10:42:07.676136	2022-06-13 10:42:07.676136	2022-04-10	2021-11-27	Brigitte Isenor	jwdionvutlceyz	\N	\N	\N	\N	\N	828	786
998	2022-06-13 10:42:07.678304	2022-06-13 10:42:07.678304	2022-05-17	2021-11-15	Mickie Hopfer	caityrhexp	\N	\N	\N	\N	\N	974	211
716	2022-06-13 10:42:07.595929	2022-06-13 10:42:07.595929	2021-07-12	2021-10-17	Chip Molloy	zhlnmgyqokjricsbapd	\N	\N	\N	\N	\N	359	249
722	2022-06-13 10:42:07.59806	2022-06-13 10:42:07.59806	2022-02-03	2021-08-13	Dedra Grey	lmyvhgfrztcq	\N	\N	\N	\N	\N	357	554
735	2022-06-13 10:42:07.600766	2022-06-13 10:42:07.600766	2022-03-07	2021-07-31	Berte Josephson	gbsnpmyafqrwj	\N	\N	\N	\N	\N	955	59
745	2022-06-13 10:42:07.603161	2022-06-13 10:42:07.603161	2021-09-09	2022-01-22	Lolita Cisar	npjwmzosqyudbeiavlfr	\N	\N	\N	\N	\N	645	80
757	2022-06-13 10:42:07.606321	2022-06-13 10:42:07.606321	2022-01-08	2022-04-22	Ira Enever	mynbeisuxzghlovcdpt	\N	\N	\N	\N	\N	981	813
769	2022-06-13 10:42:07.60876	2022-06-13 10:42:07.60876	2022-02-19	2021-10-18	Aggy Badgers	sjrhldvbfnwezuocyx	\N	\N	\N	\N	\N	30	335
778	2022-06-13 10:42:07.611863	2022-06-13 10:42:07.611863	2022-01-24	2022-06-04	Ursuline Serchwell	xeslfzcgnrij	\N	\N	\N	\N	\N	185	282
786	2022-06-13 10:42:07.614207	2022-06-13 10:42:07.614207	2022-02-12	2021-08-18	Roosevelt Honisch	jimdpaczyfbkq	\N	\N	\N	\N	\N	715	379
795	2022-06-13 10:42:07.616384	2022-06-13 10:42:07.616384	2021-07-30	2021-11-05	Jacqui Lomis	kaepjxrzobhvmuwsi	\N	\N	\N	\N	\N	892	410
807	2022-06-13 10:42:07.618871	2022-06-13 10:42:07.618871	2021-08-24	2022-03-12	Donn Tax	cbxjoefakuqyzpnwmtl	\N	\N	\N	\N	\N	191	532
817	2022-06-13 10:42:07.62136	2022-06-13 10:42:07.62136	2022-03-15	2021-06-25	Urbanus Delgadillo	mbqucfspozgantywkilv	\N	\N	\N	\N	\N	599	78
829	2022-06-13 10:42:07.623791	2022-06-13 10:42:07.623791	2022-04-26	2022-05-23	Vin Ratt	atlsedrpojyxwignf	\N	\N	\N	\N	\N	864	153
836	2022-06-13 10:42:07.6259	2022-06-13 10:42:07.6259	2022-02-17	2021-09-02	Jesse Hellens	upofcawyrvhndmxzgeit	\N	\N	\N	\N	\N	772	792
849	2022-06-13 10:42:07.628792	2022-06-13 10:42:07.628792	2021-12-21	2022-02-18	Jammal Rock	nybzdkrcesag	\N	\N	\N	\N	\N	607	192
857	2022-06-13 10:42:07.631143	2022-06-13 10:42:07.631143	2022-05-30	2022-01-22	Ephrayim Winckworth	orkxyqitgwablfhpnzd	\N	\N	\N	\N	\N	148	977
868	2022-06-13 10:42:07.634744	2022-06-13 10:42:07.634744	2021-07-03	2022-04-03	Marlin Ferrino	tunbohgkvl	\N	\N	\N	\N	\N	813	445
876	2022-06-13 10:42:07.636748	2022-06-13 10:42:07.636748	2021-10-20	2022-05-19	Maryann Shropsheir	lxsyzefgqapn	\N	\N	\N	\N	\N	837	762
886	2022-06-13 10:42:07.65005	2022-06-13 10:42:07.65005	2022-05-18	2022-04-11	Kelley Asch	hkeypdszcja	\N	\N	\N	\N	\N	576	255
896	2022-06-13 10:42:07.653289	2022-06-13 10:42:07.653289	2021-10-12	2021-07-30	Nicola Finlayson	dcfvwosqrbzknetyupjx	\N	\N	\N	\N	\N	53	391
905	2022-06-13 10:42:07.656102	2022-06-13 10:42:07.656102	2021-07-03	2022-01-28	Gerrard Wooffitt	wxobkrpnisumfytzd	\N	\N	\N	\N	\N	363	981
915	2022-06-13 10:42:07.65834	2022-06-13 10:42:07.65834	2022-04-16	2021-07-14	Lydia Dyter	suzqngrbfedj	\N	\N	\N	\N	\N	654	715
926	2022-06-13 10:42:07.66069	2022-06-13 10:42:07.66069	2021-06-28	2022-01-27	Damian Brookson	coaqselrnxuygbt	\N	\N	\N	\N	\N	192	203
937	2022-06-13 10:42:07.663059	2022-06-13 10:42:07.663059	2021-08-25	2021-11-23	Burke Booth-Jarvis	vupbrqcwhyozmtfag	\N	\N	\N	\N	\N	304	289
946	2022-06-13 10:42:07.665206	2022-06-13 10:42:07.665206	2022-01-10	2021-11-18	Whit Arthy	dmzyubeslwhftpnxco	\N	\N	\N	\N	\N	282	440
957	2022-06-13 10:42:07.667639	2022-06-13 10:42:07.667639	2021-11-09	2021-08-31	Ninnetta Govan	txegshwadniqpk	\N	\N	\N	\N	\N	252	314
967	2022-06-13 10:42:07.669969	2022-06-13 10:42:07.669969	2021-08-31	2021-07-16	Montague Croshaw	uftsqkvohpriwge	\N	\N	\N	\N	\N	673	677
977	2022-06-13 10:42:07.672375	2022-06-13 10:42:07.672375	2022-02-10	2022-01-11	Tucker Asche	uxsekzhtcjpwryn	\N	\N	\N	\N	\N	230	650
986	2022-06-13 10:42:07.6753	2022-06-13 10:42:07.6753	2022-04-02	2022-05-11	Celia Zaczek	mgwlpavfyirhuz	\N	\N	\N	\N	\N	972	688
994	2022-06-13 10:42:07.677432	2022-06-13 10:42:07.677432	2022-03-29	2021-09-19	Augustine Rignold	qdgzmeuynpioab	\N	\N	\N	\N	\N	106	560
717	2022-06-13 10:42:07.596612	2022-06-13 10:42:07.596612	2021-12-17	2022-01-06	Scotty Pawlaczyk	nacwqlpouxevkg	\N	\N	\N	\N	\N	517	763
728	2022-06-13 10:42:07.599105	2022-06-13 10:42:07.599105	2022-05-06	2021-08-13	Prince Sandeland	dagxbsiwvoqkfmh	\N	\N	\N	\N	\N	559	240
737	2022-06-13 10:42:07.60145	2022-06-13 10:42:07.60145	2022-03-21	2022-01-24	Karalynn Deeny	khmipvcjtqeagruybw	\N	\N	\N	\N	\N	509	361
748	2022-06-13 10:42:07.603777	2022-06-13 10:42:07.603777	2021-09-16	2021-10-31	Bebe Serjeant	cdmksploiaxv	\N	\N	\N	\N	\N	679	184
759	2022-06-13 10:42:07.60647	2022-06-13 10:42:07.60647	2021-11-21	2021-08-16	Verney Hambatch	mjaixtkudpof	\N	\N	\N	\N	\N	356	821
767	2022-06-13 10:42:07.608582	2022-06-13 10:42:07.608582	2022-04-10	2021-09-14	Bone Kuzemka	ucrxyamigbjdhlsf	\N	\N	\N	\N	\N	452	856
775	2022-06-13 10:42:07.611548	2022-06-13 10:42:07.611548	2021-10-20	2022-04-17	Aleda Dosdale	iswamxrhoqjyb	\N	\N	\N	\N	\N	297	118
789	2022-06-13 10:42:07.614349	2022-06-13 10:42:07.614349	2022-03-07	2021-06-17	Peggie Battey	kwryltiejgs	\N	\N	\N	\N	\N	754	396
797	2022-06-13 10:42:07.6166	2022-06-13 10:42:07.6166	2022-02-11	2022-02-15	Fraser Pringle	qrmhkptsuzf	\N	\N	\N	\N	\N	880	303
805	2022-06-13 10:42:07.618739	2022-06-13 10:42:07.618739	2021-08-25	2021-09-19	Kevin Iacovazzi	oduqeayxpb	\N	\N	\N	\N	\N	411	382
815	2022-06-13 10:42:07.621211	2022-06-13 10:42:07.621211	2021-10-10	2022-02-22	Lotty Boxe	agzvwcxknhjofrebsidp	\N	\N	\N	\N	\N	775	654
826	2022-06-13 10:42:07.623512	2022-06-13 10:42:07.623512	2021-09-21	2021-08-09	Almira Shorton	pnyskrmqzlxowue	\N	\N	\N	\N	\N	926	451
839	2022-06-13 10:42:07.6262	2022-06-13 10:42:07.6262	2021-10-10	2022-04-03	Durante Klimkov	fscyegovun	\N	\N	\N	\N	\N	222	143
848	2022-06-13 10:42:07.628675	2022-06-13 10:42:07.628675	2021-09-14	2021-09-03	Kellyann Storey	gearsvftkjc	\N	\N	\N	\N	\N	878	163
853	2022-06-13 10:42:07.630849	2022-06-13 10:42:07.630849	2022-03-05	2022-05-06	Waneta Guidelli	zwlmhjacsynofte	\N	\N	\N	\N	\N	466	658
863	2022-06-13 10:42:07.633233	2022-06-13 10:42:07.633233	2021-07-15	2021-10-30	Aeriel Buckley	wrngsfqzlhjupmx	\N	\N	\N	\N	\N	662	28
873	2022-06-13 10:42:07.635456	2022-06-13 10:42:07.635456	2022-02-09	2022-05-06	Pooh Stove	sxzjowvgetblfpcma	\N	\N	\N	\N	\N	805	853
881	2022-06-13 10:42:07.649488	2022-06-13 10:42:07.649488	2022-01-08	2022-01-16	Aggie Seaton	fztrdxnpshklbo	\N	\N	\N	\N	\N	904	423
893	2022-06-13 10:42:07.65293	2022-06-13 10:42:07.65293	2021-12-08	2022-06-05	Elisabetta Percival	yjrxohivwtmzb	\N	\N	\N	\N	\N	572	768
901	2022-06-13 10:42:07.655118	2022-06-13 10:42:07.655118	2022-03-19	2022-05-15	Leonore Hedlestone	buwzekihoqpvcr	\N	\N	\N	\N	\N	900	45
909	2022-06-13 10:42:07.657294	2022-06-13 10:42:07.657294	2021-11-02	2022-04-29	Colette Tighe	tsrdmhapgceukifx	\N	\N	\N	\N	\N	303	93
921	2022-06-13 10:42:07.659719	2022-06-13 10:42:07.659719	2021-12-04	2022-06-09	Ariel Calven	ngzslamhdjy	\N	\N	\N	\N	\N	583	584
931	2022-06-13 10:42:07.661914	2022-06-13 10:42:07.661914	2022-04-20	2021-11-15	Eddi Foot	esogdlfaybjumqric	\N	\N	\N	\N	\N	177	682
942	2022-06-13 10:42:07.664423	2022-06-13 10:42:07.664423	2021-09-09	2021-12-24	Bernice Klaggeman	tafrslmoeygbqi	\N	\N	\N	\N	\N	389	872
951	2022-06-13 10:42:07.666625	2022-06-13 10:42:07.666625	2021-11-23	2022-05-11	Layla Gashion	mukvhnxjwgbi	\N	\N	\N	\N	\N	123	525
962	2022-06-13 10:42:07.668961	2022-06-13 10:42:07.668961	2021-10-11	2021-10-16	Hayyim MacMeekan	beuymajdonx	\N	\N	\N	\N	\N	66	729
971	2022-06-13 10:42:07.671905	2022-06-13 10:42:07.671905	2022-03-05	2022-02-25	Christopher Dumbelton	gszxvcnrklajoy	\N	\N	\N	\N	\N	63	430
981	2022-06-13 10:42:07.674951	2022-06-13 10:42:07.674951	2021-12-03	2021-06-30	Anselm McNelly	akwbdfvrgyzuqhjcis	\N	\N	\N	\N	\N	794	329
993	2022-06-13 10:42:07.677314	2022-06-13 10:42:07.677314	2021-08-14	2022-04-11	Beverie Maddock	wbnsztjplfi	\N	\N	\N	\N	\N	735	647
719	2022-06-13 10:42:07.596847	2022-06-13 10:42:07.596847	2021-12-08	2021-08-11	Kai Bennedick	axwzmugpqlicv	\N	\N	\N	\N	\N	2	468
729	2022-06-13 10:42:07.599247	2022-06-13 10:42:07.599247	2022-03-07	2021-07-10	Brice Levey	ayrvxezwjkostdc	\N	\N	\N	\N	\N	857	924
739	2022-06-13 10:42:07.601643	2022-06-13 10:42:07.601643	2022-02-24	2021-09-26	Minny Ritch	psnayegduozrwvi	\N	\N	\N	\N	\N	595	622
749	2022-06-13 10:42:07.603862	2022-06-13 10:42:07.603862	2022-05-31	2022-03-28	Filberto Major	bfkgxjdsnoletircq	\N	\N	\N	\N	\N	281	385
758	2022-06-13 10:42:07.606414	2022-06-13 10:42:07.606414	2022-04-03	2021-08-21	Jocelin Eliot	vcieaqdxztypgbroks	\N	\N	\N	\N	\N	22	324
765	2022-06-13 10:42:07.608415	2022-06-13 10:42:07.608415	2022-05-26	2021-09-07	Paul Wahner	szythigqmxvewrkdc	\N	\N	\N	\N	\N	28	869
777	2022-06-13 10:42:07.611723	2022-06-13 10:42:07.611723	2022-04-29	2021-08-08	Heda De la Yglesia	hfxcejkduqbvl	\N	\N	\N	\N	\N	470	12
788	2022-06-13 10:42:07.614297	2022-06-13 10:42:07.614297	2021-12-09	2022-04-05	Judy Darwen	dzhkmpjovacgftbqunx	\N	\N	\N	\N	\N	725	897
798	2022-06-13 10:42:07.616594	2022-06-13 10:42:07.616594	2021-10-08	2021-12-17	Joshua Lilian	pdqjlwnbxgtivyukamr	\N	\N	\N	\N	\N	188	776
806	2022-06-13 10:42:07.618806	2022-06-13 10:42:07.618806	2021-09-12	2022-06-03	Dare Shatliff	wknjdhgypi	\N	\N	\N	\N	\N	432	676
816	2022-06-13 10:42:07.621305	2022-06-13 10:42:07.621305	2021-09-28	2022-04-13	Dyana Benedek	yjxlucboakzq	\N	\N	\N	\N	\N	737	689
825	2022-06-13 10:42:07.623464	2022-06-13 10:42:07.623464	2021-11-24	2021-09-25	Liuka Tabary	zjprlhnwatg	\N	\N	\N	\N	\N	335	808
837	2022-06-13 10:42:07.625991	2022-06-13 10:42:07.625991	2021-09-06	2021-09-05	Kath Dedenham	rpqwgcbsvyzjmtf	\N	\N	\N	\N	\N	67	208
847	2022-06-13 10:42:07.628643	2022-06-13 10:42:07.628643	2022-05-21	2021-10-11	Brockie Badcock	yfnhabgtjoum	\N	\N	\N	\N	\N	959	798
856	2022-06-13 10:42:07.631096	2022-06-13 10:42:07.631096	2022-03-28	2021-09-12	Lory Kearle	erapqfmglndxyszouh	\N	\N	\N	\N	\N	204	711
750	2022-06-13 10:42:07.604945	2022-06-13 10:42:07.604945	2021-09-08	2022-03-31	Dorie Gyurko	dohgfvbpcsljn	\N	\N	\N	\N	\N	428	596
761	2022-06-13 10:42:07.607278	2022-06-13 10:42:07.607278	2022-03-12	2021-11-10	Catlin Gossipin	nhcbqpdlzireawsm	\N	\N	\N	\N	\N	3	285
774	2022-06-13 10:42:07.610584	2022-06-13 10:42:07.610584	2022-02-05	2021-10-05	Xever Frowing	fqoxhvpjwadieur	\N	\N	\N	\N	\N	395	213
781	2022-06-13 10:42:07.613099	2022-06-13 10:42:07.613099	2021-09-11	2021-07-06	Ilka Soppit	nuvpsftmyqdwkz	\N	\N	\N	\N	\N	655	787
794	2022-06-13 10:42:07.615547	2022-06-13 10:42:07.615547	2021-10-01	2021-10-31	Abeu Farleigh	dlfvckruinh	\N	\N	\N	\N	\N	601	57
803	2022-06-13 10:42:07.617866	2022-06-13 10:42:07.617866	2022-02-02	2021-07-11	Brittaney Adrain	gdrqsmanipctlovuxky	\N	\N	\N	\N	\N	757	707
812	2022-06-13 10:42:07.620222	2022-06-13 10:42:07.620222	2021-10-27	2021-12-11	Bab Coetzee	pbxuzfmnyshwacieor	\N	\N	\N	\N	\N	536	712
823	2022-06-13 10:42:07.622808	2022-06-13 10:42:07.622808	2021-09-29	2021-07-22	Kennie Sandars	qmlausgydjf	\N	\N	\N	\N	\N	137	34
834	2022-06-13 10:42:07.62506	2022-06-13 10:42:07.62506	2021-11-04	2021-06-12	Corrina Rawnsley	eqcibtyukgovrjaf	\N	\N	\N	\N	\N	949	406
841	2022-06-13 10:42:07.627048	2022-06-13 10:42:07.627048	2021-08-06	2021-10-24	Gualterio Ginglell	cxtpuovynersbajf	\N	\N	\N	\N	\N	696	66
851	2022-06-13 10:42:07.629654	2022-06-13 10:42:07.629654	2021-12-26	2021-12-25	Yovonnda Foxworthy	cevxmokrtzylhiusa	\N	\N	\N	\N	\N	64	152
861	2022-06-13 10:42:07.631984	2022-06-13 10:42:07.631984	2022-04-08	2022-05-18	Bernadette Killough	mjnlkovqrdifzy	\N	\N	\N	\N	\N	557	220
872	2022-06-13 10:42:07.63549	2022-06-13 10:42:07.63549	2022-02-10	2021-09-26	Tull Hulks	qbcrslxkfgpoetvazhd	\N	\N	\N	\N	\N	732	827
883	2022-06-13 10:42:07.649679	2022-06-13 10:42:07.649679	2021-08-24	2021-06-27	Nelle Fain	ibnmvxekawgy	\N	\N	\N	\N	\N	918	916
891	2022-06-13 10:42:07.652769	2022-06-13 10:42:07.652769	2021-09-10	2022-03-19	Romy Jeafferson	yzrvuilpcwxsejnqg	\N	\N	\N	\N	\N	620	63
902	2022-06-13 10:42:07.655193	2022-06-13 10:42:07.655193	2022-01-01	2022-04-15	Iorgo Natalie	pedchqbrusjtiwkmnol	\N	\N	\N	\N	\N	490	877
914	2022-06-13 10:42:07.657702	2022-06-13 10:42:07.657702	2022-02-12	2022-05-01	Spike Wellum	bvwienatupxkfscjmor	\N	\N	\N	\N	\N	984	180
922	2022-06-13 10:42:07.659796	2022-06-13 10:42:07.659796	2021-10-10	2021-12-07	Bernita Lieb	jzsngokdtaeumibpr	\N	\N	\N	\N	\N	61	461
932	2022-06-13 10:42:07.66205	2022-06-13 10:42:07.66205	2021-07-03	2021-07-21	Kathie Dulieu	rfinxdmoswu	\N	\N	\N	\N	\N	454	12
941	2022-06-13 10:42:07.664291	2022-06-13 10:42:07.664291	2022-04-30	2021-07-20	Cherey Patters	vpmkrsyihnfdoxj	\N	\N	\N	\N	\N	421	600
949	2022-06-13 10:42:07.66645	2022-06-13 10:42:07.66645	2021-06-20	2021-07-17	Hew Livett	dfscoaxngyj	\N	\N	\N	\N	\N	817	664
960	2022-06-13 10:42:07.668833	2022-06-13 10:42:07.668833	2022-05-08	2022-01-22	Angeli Sparhawk	xjqhvyrnzbotid	\N	\N	\N	\N	\N	162	838
974	2022-06-13 10:42:07.672101	2022-06-13 10:42:07.672101	2021-10-19	2021-10-02	Nelie Blowin	gqvwoplmfcb	\N	\N	\N	\N	\N	845	165
984	2022-06-13 10:42:07.675112	2022-06-13 10:42:07.675112	2021-08-16	2021-12-12	Ferdinand Baudinelli	xjrilyuqdegmwonhtfa	\N	\N	\N	\N	\N	268	527
992	2022-06-13 10:42:07.677244	2022-06-13 10:42:07.677244	2022-05-06	2021-09-14	Barny Dyke	bdzkmplsvgjo	\N	\N	\N	\N	\N	115	136
5	2022-06-13 10:42:07.27387	2022-06-13 10:42:07.27387	2022-01-26	2022-02-09	Rayshell Hacard	msovptdwxlkeqnaji	\N	\N	\N	\N	\N	665	471
11	2022-06-13 10:42:07.301269	2022-06-13 10:42:07.301269	2021-09-16	2022-02-16	Darbee Bygreaves	axgietjuqkm	\N	\N	\N	\N	\N	401	5
18	2022-06-13 10:42:07.305937	2022-06-13 10:42:07.305937	2021-07-25	2022-03-22	Jayne Pillifant	cqlntvijzwagxrs	\N	\N	\N	\N	\N	780	35
24	2022-06-13 10:42:07.309041	2022-06-13 10:42:07.309041	2021-08-21	2022-01-21	Alfie Labitt	fsywdazglvo	\N	\N	\N	\N	\N	621	511
32	2022-06-13 10:42:07.330549	2022-06-13 10:42:07.330549	2022-04-13	2022-01-14	Ellen Rocco	hbepwaftxj	\N	\N	\N	\N	\N	605	615
42	2022-06-13 10:42:07.333962	2022-06-13 10:42:07.333962	2022-01-22	2022-05-26	Trix Stampe	xrtjlauykbivcs	\N	\N	\N	\N	\N	432	701
47	2022-06-13 10:42:07.337462	2022-06-13 10:42:07.337462	2022-05-29	2021-07-19	Obidiah Roistone	jqaiznywhbtgvpku	\N	\N	\N	\N	\N	169	95
61	2022-06-13 10:42:07.340913	2022-06-13 10:42:07.340913	2021-11-21	2022-05-18	Dene Cordner	okvbnsaizryfjcdtxhq	\N	\N	\N	\N	\N	568	809
64	2022-06-13 10:42:07.364108	2022-06-13 10:42:07.364108	2022-05-16	2022-05-16	Godard Markl	xurtwaoksile	\N	\N	\N	\N	\N	686	492
72	2022-06-13 10:42:07.377662	2022-06-13 10:42:07.377662	2022-04-23	2021-07-26	Berte Scutter	vqkfldwyzg	\N	\N	\N	\N	\N	882	977
81	2022-06-13 10:42:07.380007	2022-06-13 10:42:07.380007	2021-09-18	2021-12-12	Jeana Rieflin	wobngsfurl	\N	\N	\N	\N	\N	189	399
90	2022-06-13 10:42:07.382828	2022-06-13 10:42:07.382828	2021-08-07	2022-02-12	Brianne Tomkin	amlcdoetgz	\N	\N	\N	\N	\N	78	877
100	2022-06-13 10:42:07.385085	2022-06-13 10:42:07.385085	2021-08-09	2021-10-12	Kirsti Piburn	kocipywdabqgresznvmx	\N	\N	\N	\N	\N	942	950
110	2022-06-13 10:42:07.387809	2022-06-13 10:42:07.387809	2022-03-03	2021-09-19	Jenica Surgeon	ipjxnheudq	\N	\N	\N	\N	\N	470	304
118	2022-06-13 10:42:07.389946	2022-06-13 10:42:07.389946	2022-06-02	2021-07-23	Wrennie Janak	nrepadzhkcsftqoujxlw	\N	\N	\N	\N	\N	776	512
129	2022-06-13 10:42:07.392327	2022-06-13 10:42:07.392327	2022-05-27	2021-12-28	Virgie Patifield	udyhcmpinkezlwjbqg	\N	\N	\N	\N	\N	253	634
140	2022-06-13 10:42:07.394755	2022-06-13 10:42:07.394755	2022-05-14	2021-11-11	Nicolette Nowland	payjclwosmvrqbuifd	\N	\N	\N	\N	\N	492	22
148	2022-06-13 10:42:07.408448	2022-06-13 10:42:07.408448	2021-10-13	2021-09-05	Lou Biddlestone	wcxlnjfgyotpqazhv	\N	\N	\N	\N	\N	37	220
155	2022-06-13 10:42:07.412127	2022-06-13 10:42:07.412127	2021-11-19	2022-03-23	Cammy Root	grephiocwtal	\N	\N	\N	\N	\N	671	380
167	2022-06-13 10:42:07.414628	2022-06-13 10:42:07.414628	2021-10-25	2022-05-15	Melany Gosby	apvtqrlzcugmewo	\N	\N	\N	\N	\N	305	725
173	2022-06-13 10:42:07.416656	2022-06-13 10:42:07.416656	2021-12-13	2022-06-06	Cesya Atlay	cigvwpqhntoxbr	\N	\N	\N	\N	\N	178	862
186	2022-06-13 10:42:07.419202	2022-06-13 10:42:07.419202	2022-03-13	2022-06-09	Bryanty Hamp	yhpulsabjxwftndcgk	\N	\N	\N	\N	\N	274	481
191	2022-06-13 10:42:07.421129	2022-06-13 10:42:07.421129	2022-02-19	2022-06-07	Herb Gillon	molbwrqztgkfucvdyxe	\N	\N	\N	\N	\N	438	307
207	2022-06-13 10:42:07.423932	2022-06-13 10:42:07.423932	2021-07-19	2021-09-04	Eduino Bellino	euvmhqkjitopanrwbzx	\N	\N	\N	\N	\N	444	303
215	2022-06-13 10:42:07.42617	2022-06-13 10:42:07.42617	2022-03-12	2021-07-19	Dasha Fransewich	ahqbmfeowkpnvxgic	\N	\N	\N	\N	\N	302	675
227	2022-06-13 10:42:07.428628	2022-06-13 10:42:07.428628	2022-02-24	2022-04-30	Benoit Sandal	yqbhdwjkrvxcnmpze	\N	\N	\N	\N	\N	285	682
237	2022-06-13 10:42:07.430931	2022-06-13 10:42:07.430931	2022-03-15	2021-10-13	Cris Gribbell	xfgatqhlpiyznwkduvbs	\N	\N	\N	\N	\N	998	611
243	2022-06-13 10:42:07.433038	2022-06-13 10:42:07.433038	2022-04-23	2021-09-25	Queenie Jann	tuwchpqmnvykfes	\N	\N	\N	\N	\N	519	202
253	2022-06-13 10:42:07.435296	2022-06-13 10:42:07.435296	2021-08-23	2022-05-18	Arlena Awty	jfwievrlzyuqomtagcsn	\N	\N	\N	\N	\N	866	571
265	2022-06-13 10:42:07.437789	2022-06-13 10:42:07.437789	2022-01-21	2021-06-13	Jammie Tattersfield	tpakwfcyin	\N	\N	\N	\N	\N	613	343
277	2022-06-13 10:42:07.440339	2022-06-13 10:42:07.440339	2021-09-24	2021-10-31	Alikee McLucky	kdmagvcisbrowtnypljh	\N	\N	\N	\N	\N	761	933
287	2022-06-13 10:42:07.44276	2022-06-13 10:42:07.44276	2022-04-15	2021-10-06	Austin Fulton	biyrnakptudj	\N	\N	\N	\N	\N	904	883
292	2022-06-13 10:42:07.445017	2022-06-13 10:42:07.445017	2021-11-27	2022-01-25	Novelia Runnalls	jlcnuvtdobipzxyw	\N	\N	\N	\N	\N	378	761
305	2022-06-13 10:42:07.447679	2022-06-13 10:42:07.447679	2022-01-18	2021-06-20	Dacey Rustadge	kpibzxtqgluseacwr	\N	\N	\N	\N	\N	59	939
314	2022-06-13 10:42:07.449958	2022-06-13 10:42:07.449958	2021-08-14	2021-10-24	Bobbye Farnes	bwuhzfdyqvks	\N	\N	\N	\N	\N	277	863
325	2022-06-13 10:42:07.452528	2022-06-13 10:42:07.452528	2021-12-09	2022-04-20	Kippie Bucktharp	ivdzolpgfrbxkum	\N	\N	\N	\N	\N	604	991
334	2022-06-13 10:42:07.454723	2022-06-13 10:42:07.454723	2022-01-04	2022-04-15	Alphonse Biasetti	bgixcwtlhyauvqjdfnr	\N	\N	\N	\N	\N	823	60
344	2022-06-13 10:42:07.456996	2022-06-13 10:42:07.456996	2022-05-05	2021-11-25	Peg Threadgall	yqhpojzvxgtnrfbm	\N	\N	\N	\N	\N	104	925
353	2022-06-13 10:42:07.459283	2022-06-13 10:42:07.459283	2021-12-31	2021-12-21	Hollis Arnaut	vuxbjqyroctwdekfnizh	\N	\N	\N	\N	\N	365	929
363	2022-06-13 10:42:07.461685	2022-06-13 10:42:07.461685	2022-04-22	2021-09-17	Free Ducker	ufhscnarby	\N	\N	\N	\N	\N	319	660
375	2022-06-13 10:42:07.476037	2022-06-13 10:42:07.476037	2021-09-08	2021-12-25	Harriet Pebworth	txqcypnzeivsm	\N	\N	\N	\N	\N	433	43
381	2022-06-13 10:42:07.478813	2022-06-13 10:42:07.478813	2021-06-17	2021-08-23	Malissa Collard	pcbajnqfoshixrg	\N	\N	\N	\N	\N	934	585
396	2022-06-13 10:42:07.481667	2022-06-13 10:42:07.481667	2021-12-06	2021-11-18	Agneta Anlay	tvlnxgrhiedzbjpqyowk	\N	\N	\N	\N	\N	786	970
407	2022-06-13 10:42:07.484046	2022-06-13 10:42:07.484046	2021-12-02	2021-07-02	Lannie Pengilly	fmzltwsharxujgkp	\N	\N	\N	\N	\N	223	263
417	2022-06-13 10:42:07.487072	2022-06-13 10:42:07.487072	2022-02-05	2021-08-21	Cati Ducker	dtoarxqhwie	\N	\N	\N	\N	\N	949	682
429	2022-06-13 10:42:07.489693	2022-06-13 10:42:07.489693	2022-04-16	2021-07-22	Trevar Rutgers	pjnzklasvuroyt	\N	\N	\N	\N	\N	208	641
439	2022-06-13 10:42:07.492796	2022-06-13 10:42:07.492796	2021-12-21	2022-01-27	Nola Kiss	xenflmbrqiczyavkpho	\N	\N	\N	\N	\N	456	585
449	2022-06-13 10:42:07.495136	2022-06-13 10:42:07.495136	2021-07-03	2022-03-15	Eugenius Luck	vewsbaoizuycqjkn	\N	\N	\N	\N	\N	987	283
459	2022-06-13 10:42:07.518299	2022-06-13 10:42:07.518299	2021-12-08	2021-10-11	Carlyle Arthur	bnzeiqyhadsr	\N	\N	\N	\N	\N	31	75
465	2022-06-13 10:42:07.521794	2022-06-13 10:42:07.521794	2022-01-31	2022-03-19	Donalt Morfell	uetmqrzjofnyla	\N	\N	\N	\N	\N	656	314
479	2022-06-13 10:42:07.524389	2022-06-13 10:42:07.524389	2021-09-29	2022-04-05	Giuditta Stangroom	bseaqgzyfld	\N	\N	\N	\N	\N	670	382
483	2022-06-13 10:42:07.526256	2022-06-13 10:42:07.526256	2021-08-28	2021-09-13	Gary Fewkes	lurbfsgjviqyc	\N	\N	\N	\N	\N	505	191
492	2022-06-13 10:42:07.528462	2022-06-13 10:42:07.528462	2022-01-26	2022-02-01	Tedra Wipper	uokvngibpzqelxrwda	\N	\N	\N	\N	\N	454	601
504	2022-06-13 10:42:07.53096	2022-06-13 10:42:07.53096	2022-01-14	2021-12-27	Manfred Pirkis	hmetrvgxkcsfjypazw	\N	\N	\N	\N	\N	201	76
515	2022-06-13 10:42:07.533555	2022-06-13 10:42:07.533555	2022-03-22	2022-03-28	Robby Sabatier	rbvlpmakwetucfx	\N	\N	\N	\N	\N	609	61
523	2022-06-13 10:42:07.535699	2022-06-13 10:42:07.535699	2021-12-27	2021-11-28	Lenci Tubby	iovlzxqjhmbykdwuan	\N	\N	\N	\N	\N	288	37
532	2022-06-13 10:42:07.537972	2022-06-13 10:42:07.537972	2021-07-12	2021-11-15	Koressa Basire	hwxnsevfdbpuako	\N	\N	\N	\N	\N	996	515
544	2022-06-13 10:42:07.540512	2022-06-13 10:42:07.540512	2022-06-08	2022-05-03	Shermy Gregine	xjcletrofs	\N	\N	\N	\N	\N	993	290
555	2022-06-13 10:42:07.54323	2022-06-13 10:42:07.54323	2021-11-11	2021-10-15	Ardeen Metcalfe	duylvrwqmsctefi	\N	\N	\N	\N	\N	453	231
568	2022-06-13 10:42:07.547592	2022-06-13 10:42:07.547592	2022-02-02	2022-04-30	Annmarie Clowsley	ysjqtxwvokngefcla	\N	\N	\N	\N	\N	936	492
576	2022-06-13 10:42:07.550157	2022-06-13 10:42:07.550157	2022-03-30	2022-05-12	Hilary Dorin	qbhlrpcwkv	\N	\N	\N	\N	\N	8	917
587	2022-06-13 10:42:07.552805	2022-06-13 10:42:07.552805	2022-06-04	2022-05-07	Jackie Katt	avzwqsrdpiekt	\N	\N	\N	\N	\N	868	497
598	2022-06-13 10:42:07.555294	2022-06-13 10:42:07.555294	2022-03-18	2022-04-30	Aurelie Ipsly	gacjmhftpbovze	\N	\N	\N	\N	\N	997	864
608	2022-06-13 10:42:07.557745	2022-06-13 10:42:07.557745	2022-05-05	2021-10-16	Blaire Huyge	zxaslutkinw	\N	\N	\N	\N	\N	663	603
617	2022-06-13 10:42:07.559923	2022-06-13 10:42:07.559923	2021-08-30	2022-01-08	Trev Ledford	iugsxorfwalbeyqvjt	\N	\N	\N	\N	\N	404	705
629	2022-06-13 10:42:07.56253	2022-06-13 10:42:07.56253	2021-12-06	2021-11-30	Fiona Muckian	esmfbilgzyvnchpouq	\N	\N	\N	\N	\N	112	186
639	2022-06-13 10:42:07.564861	2022-06-13 10:42:07.564861	2021-10-23	2021-06-27	Dallis McCunn	mwzaidokvrybh	\N	\N	\N	\N	\N	243	563
648	2022-06-13 10:42:07.567282	2022-06-13 10:42:07.567282	2021-07-24	2021-11-08	Phillipp Natwick	subtpkvhwxiol	\N	\N	\N	\N	\N	166	279
657	2022-06-13 10:42:07.569429	2022-06-13 10:42:07.569429	2021-06-25	2021-12-27	Burlie Giorgioni	zquabocpxwlrhvs	\N	\N	\N	\N	\N	606	325
667	2022-06-13 10:42:07.583096	2022-06-13 10:42:07.583096	2022-02-09	2021-10-27	Lauri Bachnic	pknyrgozhsiabmvxjlut	\N	\N	\N	\N	\N	19	872
675	2022-06-13 10:42:07.586084	2022-06-13 10:42:07.586084	2021-08-31	2022-01-25	Yvette Coulthurst	oexjgrktvmfzh	\N	\N	\N	\N	\N	51	618
687	2022-06-13 10:42:07.588678	2022-06-13 10:42:07.588678	2022-02-02	2021-06-29	Donnie Gillanders	auhtsejqrzwfvigynpbo	\N	\N	\N	\N	\N	465	128
697	2022-06-13 10:42:07.591581	2022-06-13 10:42:07.591581	2021-11-13	2021-08-10	Toddie Kevane	ltwxukpgrhqmn	\N	\N	\N	\N	\N	530	212
709	2022-06-13 10:42:07.594414	2022-06-13 10:42:07.594414	2022-03-17	2021-12-01	Shelagh Takis	cirgvhpbalzqkuexsj	\N	\N	\N	\N	\N	610	541
\.


--
-- Name: advances_id_seq; Type: SEQUENCE SET; Schema: public; Owner: postgres
--

SELECT pg_catalog.setval('public.advances_id_seq', 1, false);


--
-- Name: buyer_sites_id_seq; Type: SEQUENCE SET; Schema: public; Owner: postgres
--

SELECT pg_catalog.setval('public.buyer_sites_id_seq', 1, false);


--
-- Name: buyers_id_seq; Type: SEQUENCE SET; Schema: public; Owner: postgres
--

SELECT pg_catalog.setval('public.buyers_id_seq', 1, false);


--
-- Name: dealer_route_users_id_seq; Type: SEQUENCE SET; Schema: public; Owner: postgres
--

SELECT pg_catalog.setval('public.dealer_route_users_id_seq', 1, false);


--
-- Name: dealer_sites_id_seq; Type: SEQUENCE SET; Schema: public; Owner: postgres
--

SELECT pg_catalog.setval('public.dealer_sites_id_seq', 1, false);


--
-- Name: dealers_id_seq; Type: SEQUENCE SET; Schema: public; Owner: postgres
--

SELECT pg_catalog.setval('public.dealers_id_seq', 1, false);


--
-- Name: deposits_id_seq; Type: SEQUENCE SET; Schema: public; Owner: postgres
--

SELECT pg_catalog.setval('public.deposits_id_seq', 1, false);


--
-- Name: invoice_file_process_id; Type: SEQUENCE SET; Schema: public; Owner: postgres
--

SELECT pg_catalog.setval('public.invoice_file_process_id', 1, false);


--
-- Name: invoice_interface_id_seq; Type: SEQUENCE SET; Schema: public; Owner: postgres
--

SELECT pg_catalog.setval('public.invoice_interface_id_seq', 1, false);


--
-- Name: invoice_lines_id_seq; Type: SEQUENCE SET; Schema: public; Owner: postgres
--

SELECT pg_catalog.setval('public.invoice_lines_id_seq', 1, false);


--
-- Name: invoices_id_seq; Type: SEQUENCE SET; Schema: public; Owner: postgres
--

SELECT pg_catalog.setval('public.invoices_id_seq', 1, false);


--
-- Name: payment_matches_id_seq; Type: SEQUENCE SET; Schema: public; Owner: postgres
--

SELECT pg_catalog.setval('public.payment_matches_id_seq', 1, false);


--
-- Name: payment_schedules_id_seq; Type: SEQUENCE SET; Schema: public; Owner: postgres
--

SELECT pg_catalog.setval('public.payment_schedules_id_seq', 1, false);


--
-- Name: payments_id_seq; Type: SEQUENCE SET; Schema: public; Owner: postgres
--

SELECT pg_catalog.setval('public.payments_id_seq', 1, false);


--
-- Name: ps_file_process_id; Type: SEQUENCE SET; Schema: public; Owner: postgres
--

SELECT pg_catalog.setval('public.ps_file_process_id', 1, false);


--
-- Name: ps_interface_id_seq; Type: SEQUENCE SET; Schema: public; Owner: postgres
--

SELECT pg_catalog.setval('public.ps_interface_id_seq', 1, false);


--
-- Name: user_entity_relations_id_seq; Type: SEQUENCE SET; Schema: public; Owner: postgres
--

SELECT pg_catalog.setval('public.user_entity_relations_id_seq', 1, false);


--
-- Name: users_id_seq; Type: SEQUENCE SET; Schema: public; Owner: postgres
--

SELECT pg_catalog.setval('public.users_id_seq', 1, false);


--
-- Name: vds_relations_id_seq; Type: SEQUENCE SET; Schema: public; Owner: postgres
--

SELECT pg_catalog.setval('public.vds_relations_id_seq', 1, false);


--
-- Name: vdsbs_relations_id_seq; Type: SEQUENCE SET; Schema: public; Owner: postgres
--

SELECT pg_catalog.setval('public.vdsbs_relations_id_seq', 1, false);


--
-- Name: vendor_regions_id_seq; Type: SEQUENCE SET; Schema: public; Owner: postgres
--

SELECT pg_catalog.setval('public.vendor_regions_id_seq', 1, false);


--
-- Name: vendors_id_seq; Type: SEQUENCE SET; Schema: public; Owner: postgres
--

SELECT pg_catalog.setval('public.vendors_id_seq', 1, false);


--
-- Name: payment_matches PK_02961763af1d8094d9780b2a875; Type: CONSTRAINT; Schema: public; Owner: postgres
--

ALTER TABLE ONLY public.payment_matches
    ADD CONSTRAINT "PK_02961763af1d8094d9780b2a875" PRIMARY KEY (id);


--
-- Name: payments PK_197ab7af18c93fbb0c9b28b4a59; Type: CONSTRAINT; Schema: public; Owner: postgres
--

ALTER TABLE ONLY public.payments
    ADD CONSTRAINT "PK_197ab7af18c93fbb0c9b28b4a59" PRIMARY KEY (id);


--
-- Name: dealer_sites PK_19b3e677b3d54bde95bf8b4e912; Type: CONSTRAINT; Schema: public; Owner: postgres
--

ALTER TABLE ONLY public.dealer_sites
    ADD CONSTRAINT "PK_19b3e677b3d54bde95bf8b4e912" PRIMARY KEY (id);


--
-- Name: dealer_route_users PK_32eca44b930fcbd451adb56580b; Type: CONSTRAINT; Schema: public; Owner: postgres
--

ALTER TABLE ONLY public.dealer_route_users
    ADD CONSTRAINT "PK_32eca44b930fcbd451adb56580b" PRIMARY KEY (id);


--
-- Name: invoice_lines PK_3d18eb48142b916f581f0c21a65; Type: CONSTRAINT; Schema: public; Owner: postgres
--

ALTER TABLE ONLY public.invoice_lines
    ADD CONSTRAINT "PK_3d18eb48142b916f581f0c21a65" PRIMARY KEY (id);


--
-- Name: user_entity_relations PK_45b8cfe451d3632dacdea14ca7d; Type: CONSTRAINT; Schema: public; Owner: postgres
--

ALTER TABLE ONLY public.user_entity_relations
    ADD CONSTRAINT "PK_45b8cfe451d3632dacdea14ca7d" PRIMARY KEY (id);


--
-- Name: dealers PK_4d0d8be9eac6e1822ad16d21194; Type: CONSTRAINT; Schema: public; Owner: postgres
--

ALTER TABLE ONLY public.dealers
    ADD CONSTRAINT "PK_4d0d8be9eac6e1822ad16d21194" PRIMARY KEY (id);


--
-- Name: ps_interface PK_54c2f2f27d55b34de6572478e77; Type: CONSTRAINT; Schema: public; Owner: postgres
--

ALTER TABLE ONLY public.ps_interface
    ADD CONSTRAINT "PK_54c2f2f27d55b34de6572478e77" PRIMARY KEY (id);


--
-- Name: invoices PK_668cef7c22a427fd822cc1be3ce; Type: CONSTRAINT; Schema: public; Owner: postgres
--

ALTER TABLE ONLY public.invoices
    ADD CONSTRAINT "PK_668cef7c22a427fd822cc1be3ce" PRIMARY KEY (id);


--
-- Name: payment_schedules PK_702b0fd91340624b75edb94e0df; Type: CONSTRAINT; Schema: public; Owner: postgres
--

ALTER TABLE ONLY public.payment_schedules
    ADD CONSTRAINT "PK_702b0fd91340624b75edb94e0df" PRIMARY KEY (id);


--
-- Name: vendor_regions PK_8bfc248b71ee907c9b0e1bae625; Type: CONSTRAINT; Schema: public; Owner: postgres
--

ALTER TABLE ONLY public.vendor_regions
    ADD CONSTRAINT "PK_8bfc248b71ee907c9b0e1bae625" PRIMARY KEY (id);


--
-- Name: advances PK_90025e8a76003358ed7c470050c; Type: CONSTRAINT; Schema: public; Owner: postgres
--

ALTER TABLE ONLY public.advances
    ADD CONSTRAINT "PK_90025e8a76003358ed7c470050c" PRIMARY KEY (id);


--
-- Name: vendors PK_9c956c9797edfae5c6ddacc4e6e; Type: CONSTRAINT; Schema: public; Owner: postgres
--

ALTER TABLE ONLY public.vendors
    ADD CONSTRAINT "PK_9c956c9797edfae5c6ddacc4e6e" PRIMARY KEY (id);


--
-- Name: users PK_a3ffb1c0c8416b9fc6f907b7433; Type: CONSTRAINT; Schema: public; Owner: postgres
--

ALTER TABLE ONLY public.users
    ADD CONSTRAINT "PK_a3ffb1c0c8416b9fc6f907b7433" PRIMARY KEY (id);


--
-- Name: buyer_sites PK_abc6f69fd2b7412f932a504f46b; Type: CONSTRAINT; Schema: public; Owner: postgres
--

ALTER TABLE ONLY public.buyer_sites
    ADD CONSTRAINT "PK_abc6f69fd2b7412f932a504f46b" PRIMARY KEY (id);


--
-- Name: buyers PK_aff372821d05bac04a18ff8eb87; Type: CONSTRAINT; Schema: public; Owner: postgres
--

ALTER TABLE ONLY public.buyers
    ADD CONSTRAINT "PK_aff372821d05bac04a18ff8eb87" PRIMARY KEY (id);


--
-- Name: vdsbs_relations PK_c57ba10067c3e97f84e3299d602; Type: CONSTRAINT; Schema: public; Owner: postgres
--

ALTER TABLE ONLY public.vdsbs_relations
    ADD CONSTRAINT "PK_c57ba10067c3e97f84e3299d602" PRIMARY KEY (id);


--
-- Name: vds_relations PK_d7ff37640b6a36f30aab43aa79f; Type: CONSTRAINT; Schema: public; Owner: postgres
--

ALTER TABLE ONLY public.vds_relations
    ADD CONSTRAINT "PK_d7ff37640b6a36f30aab43aa79f" PRIMARY KEY (id);


--
-- Name: invoice_interface PK_dd1a3ac6773ac2824a142175b6c; Type: CONSTRAINT; Schema: public; Owner: postgres
--

ALTER TABLE ONLY public.invoice_interface
    ADD CONSTRAINT "PK_dd1a3ac6773ac2824a142175b6c" PRIMARY KEY (id);


--
-- Name: deposits PK_f49ba0cd446eaf7abb4953385d9; Type: CONSTRAINT; Schema: public; Owner: postgres
--

ALTER TABLE ONLY public.deposits
    ADD CONSTRAINT "PK_f49ba0cd446eaf7abb4953385d9" PRIMARY KEY (id);


--
-- Name: users UQ_02fd03d9d21fccea4b9a6170f48; Type: CONSTRAINT; Schema: public; Owner: postgres
--

ALTER TABLE ONLY public.users
    ADD CONSTRAINT "UQ_02fd03d9d21fccea4b9a6170f48" UNIQUE (tckn);


--
-- Name: dealers UQ_3f139ab4b0284b0d66128b3d7f2; Type: CONSTRAINT; Schema: public; Owner: postgres
--

ALTER TABLE ONLY public.dealers
    ADD CONSTRAINT "UQ_3f139ab4b0284b0d66128b3d7f2" UNIQUE (tax_no);


--
-- Name: vendor_regions UQ_53885769ea0154c2e062deb7eb2; Type: CONSTRAINT; Schema: public; Owner: postgres
--

ALTER TABLE ONLY public.vendor_regions
    ADD CONSTRAINT "UQ_53885769ea0154c2e062deb7eb2" UNIQUE (name);


--
-- Name: buyers UQ_538d4893457a42c5840a891590a; Type: CONSTRAINT; Schema: public; Owner: postgres
--

ALTER TABLE ONLY public.buyers
    ADD CONSTRAINT "UQ_538d4893457a42c5840a891590a" UNIQUE (name);


--
-- Name: buyers UQ_6172ee2d0adb4ba621fe1441f0e; Type: CONSTRAINT; Schema: public; Owner: postgres
--

ALTER TABLE ONLY public.buyers
    ADD CONSTRAINT "UQ_6172ee2d0adb4ba621fe1441f0e" UNIQUE (tax_no);


--
-- Name: dealers UQ_63a4c43e7a706d279cf1f911793; Type: CONSTRAINT; Schema: public; Owner: postgres
--

ALTER TABLE ONLY public.dealers
    ADD CONSTRAINT "UQ_63a4c43e7a706d279cf1f911793" UNIQUE (name);


--
-- Name: vendors UQ_7c573ff64fd0786e01043799c57; Type: CONSTRAINT; Schema: public; Owner: postgres
--

ALTER TABLE ONLY public.vendors
    ADD CONSTRAINT "UQ_7c573ff64fd0786e01043799c57" UNIQUE (tax_no);


--
-- Name: vendors UQ_83065ec2a2c5052786c122e95ba; Type: CONSTRAINT; Schema: public; Owner: postgres
--

ALTER TABLE ONLY public.vendors
    ADD CONSTRAINT "UQ_83065ec2a2c5052786c122e95ba" UNIQUE (name);


--
-- Name: users UQ_97672ac88f789774dd47f7c8be3; Type: CONSTRAINT; Schema: public; Owner: postgres
--

ALTER TABLE ONLY public.users
    ADD CONSTRAINT "UQ_97672ac88f789774dd47f7c8be3" UNIQUE (email);


--
-- Name: buyer_sites UQ_c67b5bd3c5d522c94e0aa214a94; Type: CONSTRAINT; Schema: public; Owner: postgres
--

ALTER TABLE ONLY public.buyer_sites
    ADD CONSTRAINT "UQ_c67b5bd3c5d522c94e0aa214a94" UNIQUE (name);


--
-- Name: users UQ_d376a9f93bba651f32a2c03a7d3; Type: CONSTRAINT; Schema: public; Owner: postgres
--

ALTER TABLE ONLY public.users
    ADD CONSTRAINT "UQ_d376a9f93bba651f32a2c03a7d3" UNIQUE (mobile);


--
-- Name: users UQ_fe0bb3f6520ee0469504521e710; Type: CONSTRAINT; Schema: public; Owner: postgres
--

ALTER TABLE ONLY public.users
    ADD CONSTRAINT "UQ_fe0bb3f6520ee0469504521e710" UNIQUE (username);


--
-- Name: IDX_648fdba971d27343dbc77b3db3; Type: INDEX; Schema: public; Owner: postgres
--

CREATE UNIQUE INDEX "IDX_648fdba971d27343dbc77b3db3" ON public.dealer_route_users USING btree (user_id);


--
-- Name: IDX_6649f06d541036c52ded547477; Type: INDEX; Schema: public; Owner: postgres
--

CREATE UNIQUE INDEX "IDX_6649f06d541036c52ded547477" ON public.vdsbs_relations USING btree (buyer_site_id, vds_rltn_id);


--
-- Name: IDX_70de767fc95854940704cb7422; Type: INDEX; Schema: public; Owner: postgres
--

CREATE INDEX "IDX_70de767fc95854940704cb7422" ON public.dealer_sites USING btree (dealer_id);


--
-- Name: IDX_d53f87ad20cfdb7898fa981581; Type: INDEX; Schema: public; Owner: postgres
--

CREATE UNIQUE INDEX "IDX_d53f87ad20cfdb7898fa981581" ON public.vds_relations USING btree (vendor_id, dealer_site_id);


--
-- Name: buyer_id; Type: INDEX; Schema: public; Owner: postgres
--

CREATE INDEX buyer_id ON public.buyer_sites USING btree (buyer_id);


--
-- Name: user_type; Type: INDEX; Schema: public; Owner: postgres
--

CREATE INDEX user_type ON public.users USING btree (user_type);


--
-- Name: vendor_id; Type: INDEX; Schema: public; Owner: postgres
--

CREATE INDEX vendor_id ON public.vendor_regions USING btree (vendor_id);


--
-- Name: buyers FK_0229e4c559754dfb14c5e928aa1; Type: FK CONSTRAINT; Schema: public; Owner: postgres
--

ALTER TABLE ONLY public.buyers
    ADD CONSTRAINT "FK_0229e4c559754dfb14c5e928aa1" FOREIGN KEY (created_by) REFERENCES public.users(id);


--
-- Name: user_entity_relations FK_02dcc96b52e060106b15015f994; Type: FK CONSTRAINT; Schema: public; Owner: postgres
--

ALTER TABLE ONLY public.user_entity_relations
    ADD CONSTRAINT "FK_02dcc96b52e060106b15015f994" FOREIGN KEY (buyer_site_table_ref_id) REFERENCES public.buyer_sites(id);


--
-- Name: invoice_interface FK_03ace90684cf4b927f0c898bffd; Type: FK CONSTRAINT; Schema: public; Owner: postgres
--

ALTER TABLE ONLY public.invoice_interface
    ADD CONSTRAINT "FK_03ace90684cf4b927f0c898bffd" FOREIGN KEY (created_by) REFERENCES public.users(id);


--
-- Name: invoices FK_04753461cb669aa2bfabd66f61e; Type: FK CONSTRAINT; Schema: public; Owner: postgres
--

ALTER TABLE ONLY public.invoices
    ADD CONSTRAINT "FK_04753461cb669aa2bfabd66f61e" FOREIGN KEY (vdsbs_id) REFERENCES public.vdsbs_relations(id);


--
-- Name: vds_relations FK_0908372b9066bbe8f5ad4c2d292; Type: FK CONSTRAINT; Schema: public; Owner: postgres
--

ALTER TABLE ONLY public.vds_relations
    ADD CONSTRAINT "FK_0908372b9066bbe8f5ad4c2d292" FOREIGN KEY (vendor_id) REFERENCES public.vendors(id);


--
-- Name: buyer_sites FK_0d2d9b1f04fb75aae718c59f30a; Type: FK CONSTRAINT; Schema: public; Owner: postgres
--

ALTER TABLE ONLY public.buyer_sites
    ADD CONSTRAINT "FK_0d2d9b1f04fb75aae718c59f30a" FOREIGN KEY (created_by) REFERENCES public.users(id);


--
-- Name: payment_matches FK_0f24bd61c742b0d84e3820858fa; Type: FK CONSTRAINT; Schema: public; Owner: postgres
--

ALTER TABLE ONLY public.payment_matches
    ADD CONSTRAINT "FK_0f24bd61c742b0d84e3820858fa" FOREIGN KEY (created_by) REFERENCES public.users(id);


--
-- Name: vds_relations FK_0f57a29abfbe0d74828337af5c5; Type: FK CONSTRAINT; Schema: public; Owner: postgres
--

ALTER TABLE ONLY public.vds_relations
    ADD CONSTRAINT "FK_0f57a29abfbe0d74828337af5c5" FOREIGN KEY (created_by) REFERENCES public.users(id);


--
-- Name: buyer_sites FK_11df9acbad28330aaed59a0bcdc; Type: FK CONSTRAINT; Schema: public; Owner: postgres
--

ALTER TABLE ONLY public.buyer_sites
    ADD CONSTRAINT "FK_11df9acbad28330aaed59a0bcdc" FOREIGN KEY (buyer_id) REFERENCES public.buyers(id);


--
-- Name: payment_matches FK_163ed4b28a1ab95a15a950c6215; Type: FK CONSTRAINT; Schema: public; Owner: postgres
--

ALTER TABLE ONLY public.payment_matches
    ADD CONSTRAINT "FK_163ed4b28a1ab95a15a950c6215" FOREIGN KEY (vdsbs_id) REFERENCES public.vdsbs_relations(id);


--
-- Name: invoice_interface FK_18932e2c1db43fb671e7418c3c5; Type: FK CONSTRAINT; Schema: public; Owner: postgres
--

ALTER TABLE ONLY public.invoice_interface
    ADD CONSTRAINT "FK_18932e2c1db43fb671e7418c3c5" FOREIGN KEY (updated_by) REFERENCES public.users(id);


--
-- Name: payments FK_1feb35a8718d22c8bc393c919c0; Type: FK CONSTRAINT; Schema: public; Owner: postgres
--

ALTER TABLE ONLY public.payments
    ADD CONSTRAINT "FK_1feb35a8718d22c8bc393c919c0" FOREIGN KEY (vdsbs_id) REFERENCES public.vdsbs_relations(id);


--
-- Name: vdsbs_relations FK_240e59ffc96692f034c019fb8ca; Type: FK CONSTRAINT; Schema: public; Owner: postgres
--

ALTER TABLE ONLY public.vdsbs_relations
    ADD CONSTRAINT "FK_240e59ffc96692f034c019fb8ca" FOREIGN KEY (created_by) REFERENCES public.users(id);


--
-- Name: payments FK_2b505576ec68c4d47782a51a832; Type: FK CONSTRAINT; Schema: public; Owner: postgres
--

ALTER TABLE ONLY public.payments
    ADD CONSTRAINT "FK_2b505576ec68c4d47782a51a832" FOREIGN KEY (created_by) REFERENCES public.users(id);


--
-- Name: vdsbs_relations FK_2c49ad5b6a8292b570a87b351e3; Type: FK CONSTRAINT; Schema: public; Owner: postgres
--

ALTER TABLE ONLY public.vdsbs_relations
    ADD CONSTRAINT "FK_2c49ad5b6a8292b570a87b351e3" FOREIGN KEY (vds_rltn_id) REFERENCES public.vds_relations(id);


--
-- Name: invoice_lines FK_2da95dc86a54a00ff20ce46d0fe; Type: FK CONSTRAINT; Schema: public; Owner: postgres
--

ALTER TABLE ONLY public.invoice_lines
    ADD CONSTRAINT "FK_2da95dc86a54a00ff20ce46d0fe" FOREIGN KEY (invoice_id) REFERENCES public.invoices(id);


--
-- Name: deposits FK_32b6968f687ba55d62b2da03e7f; Type: FK CONSTRAINT; Schema: public; Owner: postgres
--

ALTER TABLE ONLY public.deposits
    ADD CONSTRAINT "FK_32b6968f687ba55d62b2da03e7f" FOREIGN KEY (vdsbs_id) REFERENCES public.vdsbs_relations(id);


--
-- Name: vendor_regions FK_33e89f754e1d31464b209f360cb; Type: FK CONSTRAINT; Schema: public; Owner: postgres
--

ALTER TABLE ONLY public.vendor_regions
    ADD CONSTRAINT "FK_33e89f754e1d31464b209f360cb" FOREIGN KEY (created_by) REFERENCES public.users(id);


--
-- Name: dealers FK_357f56031846c87967f957c7761; Type: FK CONSTRAINT; Schema: public; Owner: postgres
--

ALTER TABLE ONLY public.dealers
    ADD CONSTRAINT "FK_357f56031846c87967f957c7761" FOREIGN KEY (created_by) REFERENCES public.users(id);


--
-- Name: dealer_route_users FK_36d6bc29cedf40ac7aaf3dfa8b0; Type: FK CONSTRAINT; Schema: public; Owner: postgres
--

ALTER TABLE ONLY public.dealer_route_users
    ADD CONSTRAINT "FK_36d6bc29cedf40ac7aaf3dfa8b0" FOREIGN KEY (created_by) REFERENCES public.users(id);


--
-- Name: invoices FK_39a202af5d1dd1744458820ecb5; Type: FK CONSTRAINT; Schema: public; Owner: postgres
--

ALTER TABLE ONLY public.invoices
    ADD CONSTRAINT "FK_39a202af5d1dd1744458820ecb5" FOREIGN KEY (created_by) REFERENCES public.users(id);


--
-- Name: user_entity_relations FK_39fa15d42553e9c74562d6b0ba1; Type: FK CONSTRAINT; Schema: public; Owner: postgres
--

ALTER TABLE ONLY public.user_entity_relations
    ADD CONSTRAINT "FK_39fa15d42553e9c74562d6b0ba1" FOREIGN KEY (user_id) REFERENCES public.users(id);


--
-- Name: advances FK_460179e1b5f35eb23a57845ddf4; Type: FK CONSTRAINT; Schema: public; Owner: postgres
--

ALTER TABLE ONLY public.advances
    ADD CONSTRAINT "FK_460179e1b5f35eb23a57845ddf4" FOREIGN KEY (created_by) REFERENCES public.users(id);


--
-- Name: vendor_regions FK_46c21e83fde4f85fa14a44cc073; Type: FK CONSTRAINT; Schema: public; Owner: postgres
--

ALTER TABLE ONLY public.vendor_regions
    ADD CONSTRAINT "FK_46c21e83fde4f85fa14a44cc073" FOREIGN KEY (updated_by) REFERENCES public.users(id);


--
-- Name: buyers FK_544075c242d8d6927644fdcf2c7; Type: FK CONSTRAINT; Schema: public; Owner: postgres
--

ALTER TABLE ONLY public.buyers
    ADD CONSTRAINT "FK_544075c242d8d6927644fdcf2c7" FOREIGN KEY (updated_by) REFERENCES public.users(id);


--
-- Name: invoice_interface FK_5588d3be1a8b1e02811a037dd66; Type: FK CONSTRAINT; Schema: public; Owner: postgres
--

ALTER TABLE ONLY public.invoice_interface
    ADD CONSTRAINT "FK_5588d3be1a8b1e02811a037dd66" FOREIGN KEY (invoice_id) REFERENCES public.invoices(id);


--
-- Name: vendors FK_592e90dc8526c1d9bf359581058; Type: FK CONSTRAINT; Schema: public; Owner: postgres
--

ALTER TABLE ONLY public.vendors
    ADD CONSTRAINT "FK_592e90dc8526c1d9bf359581058" FOREIGN KEY (created_by) REFERENCES public.users(id);


--
-- Name: dealer_route_users FK_648fdba971d27343dbc77b3db35; Type: FK CONSTRAINT; Schema: public; Owner: postgres
--

ALTER TABLE ONLY public.dealer_route_users
    ADD CONSTRAINT "FK_648fdba971d27343dbc77b3db35" FOREIGN KEY (user_id) REFERENCES public.users(id);


--
-- Name: vdsbs_relations FK_68b3c2287bc52a24fe14a3f3d43; Type: FK CONSTRAINT; Schema: public; Owner: postgres
--

ALTER TABLE ONLY public.vdsbs_relations
    ADD CONSTRAINT "FK_68b3c2287bc52a24fe14a3f3d43" FOREIGN KEY (updated_by) REFERENCES public.users(id);


--
-- Name: invoice_lines FK_6a6ab6ebe1a575ab107bf72dfd8; Type: FK CONSTRAINT; Schema: public; Owner: postgres
--

ALTER TABLE ONLY public.invoice_lines
    ADD CONSTRAINT "FK_6a6ab6ebe1a575ab107bf72dfd8" FOREIGN KEY (created_by) REFERENCES public.users(id);


--
-- Name: dealer_sites FK_70de767fc95854940704cb74224; Type: FK CONSTRAINT; Schema: public; Owner: postgres
--

ALTER TABLE ONLY public.dealer_sites
    ADD CONSTRAINT "FK_70de767fc95854940704cb74224" FOREIGN KEY (dealer_id) REFERENCES public.dealers(id);


--
-- Name: vdsbs_relations FK_72ee5e755689540ba33f6d419ca; Type: FK CONSTRAINT; Schema: public; Owner: postgres
--

ALTER TABLE ONLY public.vdsbs_relations
    ADD CONSTRAINT "FK_72ee5e755689540ba33f6d419ca" FOREIGN KEY (buyer_site_id) REFERENCES public.buyer_sites(id);


--
-- Name: dealer_sites FK_779fba19892183f6b4a8f5b2b60; Type: FK CONSTRAINT; Schema: public; Owner: postgres
--

ALTER TABLE ONLY public.dealer_sites
    ADD CONSTRAINT "FK_779fba19892183f6b4a8f5b2b60" FOREIGN KEY (updated_by) REFERENCES public.users(id);


--
-- Name: advances FK_7c5b7fb949f2d18e12642d2a365; Type: FK CONSTRAINT; Schema: public; Owner: postgres
--

ALTER TABLE ONLY public.advances
    ADD CONSTRAINT "FK_7c5b7fb949f2d18e12642d2a365" FOREIGN KEY (vdsbs_id) REFERENCES public.vdsbs_relations(id);


--
-- Name: invoices FK_8dc3c1211899ef0d948b1652908; Type: FK CONSTRAINT; Schema: public; Owner: postgres
--

ALTER TABLE ONLY public.invoices
    ADD CONSTRAINT "FK_8dc3c1211899ef0d948b1652908" FOREIGN KEY (updated_by) REFERENCES public.users(id);


--
-- Name: user_entity_relations FK_8f06168239e9a74da9bcc01e78c; Type: FK CONSTRAINT; Schema: public; Owner: postgres
--

ALTER TABLE ONLY public.user_entity_relations
    ADD CONSTRAINT "FK_8f06168239e9a74da9bcc01e78c" FOREIGN KEY (vendor_table_ref_id) REFERENCES public.vendors(id);


--
-- Name: payment_schedules FK_8f17560ccb259939a24d64e95ce; Type: FK CONSTRAINT; Schema: public; Owner: postgres
--

ALTER TABLE ONLY public.payment_schedules
    ADD CONSTRAINT "FK_8f17560ccb259939a24d64e95ce" FOREIGN KEY (invoice_id) REFERENCES public.invoices(id);


--
-- Name: dealer_route_users FK_941aa6a9a02e29cb490ecc4970d; Type: FK CONSTRAINT; Schema: public; Owner: postgres
--

ALTER TABLE ONLY public.dealer_route_users
    ADD CONSTRAINT "FK_941aa6a9a02e29cb490ecc4970d" FOREIGN KEY (updated_by) REFERENCES public.users(id);


--
-- Name: vendors FK_9743b3c7cea56b595f16ebc369c; Type: FK CONSTRAINT; Schema: public; Owner: postgres
--

ALTER TABLE ONLY public.vendors
    ADD CONSTRAINT "FK_9743b3c7cea56b595f16ebc369c" FOREIGN KEY (updated_by) REFERENCES public.users(id);


--
-- Name: vds_relations FK_98fbd87f7ac655e80490106a6ec; Type: FK CONSTRAINT; Schema: public; Owner: postgres
--

ALTER TABLE ONLY public.vds_relations
    ADD CONSTRAINT "FK_98fbd87f7ac655e80490106a6ec" FOREIGN KEY (updated_by) REFERENCES public.users(id);


--
-- Name: payment_matches FK_9dc44ce6a3452393a37e56f0fe1; Type: FK CONSTRAINT; Schema: public; Owner: postgres
--

ALTER TABLE ONLY public.payment_matches
    ADD CONSTRAINT "FK_9dc44ce6a3452393a37e56f0fe1" FOREIGN KEY (payment_id) REFERENCES public.payments(id);


--
-- Name: deposits FK_9e4a83696ef6db98d5309c4baa9; Type: FK CONSTRAINT; Schema: public; Owner: postgres
--

ALTER TABLE ONLY public.deposits
    ADD CONSTRAINT "FK_9e4a83696ef6db98d5309c4baa9" FOREIGN KEY (updated_by) REFERENCES public.users(id);


--
-- Name: ps_interface FK_a2f97c8e840b8999b9074c1d2c4; Type: FK CONSTRAINT; Schema: public; Owner: postgres
--

ALTER TABLE ONLY public.ps_interface
    ADD CONSTRAINT "FK_a2f97c8e840b8999b9074c1d2c4" FOREIGN KEY (updated_by) REFERENCES public.users(id);


--
-- Name: vendor_regions FK_a8a9eba8fa161a4a789a769d3d2; Type: FK CONSTRAINT; Schema: public; Owner: postgres
--

ALTER TABLE ONLY public.vendor_regions
    ADD CONSTRAINT "FK_a8a9eba8fa161a4a789a769d3d2" FOREIGN KEY (vendor_id) REFERENCES public.vendors(id);


--
-- Name: vds_relations FK_bf03785879f742dba7ad05a59b5; Type: FK CONSTRAINT; Schema: public; Owner: postgres
--

ALTER TABLE ONLY public.vds_relations
    ADD CONSTRAINT "FK_bf03785879f742dba7ad05a59b5" FOREIGN KEY (dealer_site_id) REFERENCES public.dealer_sites(id);


--
-- Name: payment_matches FK_c0df5ec5c209d995420608deb90; Type: FK CONSTRAINT; Schema: public; Owner: postgres
--

ALTER TABLE ONLY public.payment_matches
    ADD CONSTRAINT "FK_c0df5ec5c209d995420608deb90" FOREIGN KEY (payment_schedule_id) REFERENCES public.payment_schedules(id);


--
-- Name: user_entity_relations FK_c9dbeb04d134abc25445265b917; Type: FK CONSTRAINT; Schema: public; Owner: postgres
--

ALTER TABLE ONLY public.user_entity_relations
    ADD CONSTRAINT "FK_c9dbeb04d134abc25445265b917" FOREIGN KEY (dealer_site_table_ref_id) REFERENCES public.dealer_sites(id);


--
-- Name: dealer_sites FK_d04f2cebb7eb3b687ee682d62b8; Type: FK CONSTRAINT; Schema: public; Owner: postgres
--

ALTER TABLE ONLY public.dealer_sites
    ADD CONSTRAINT "FK_d04f2cebb7eb3b687ee682d62b8" FOREIGN KEY (created_by) REFERENCES public.users(id);


--
-- Name: payments FK_d2448ea73e035eaab83372ee8a8; Type: FK CONSTRAINT; Schema: public; Owner: postgres
--

ALTER TABLE ONLY public.payments
    ADD CONSTRAINT "FK_d2448ea73e035eaab83372ee8a8" FOREIGN KEY (updated_by) REFERENCES public.users(id);


--
-- Name: invoice_lines FK_d4f55fe89f9660616d7197b0f3e; Type: FK CONSTRAINT; Schema: public; Owner: postgres
--

ALTER TABLE ONLY public.invoice_lines
    ADD CONSTRAINT "FK_d4f55fe89f9660616d7197b0f3e" FOREIGN KEY (updated_by) REFERENCES public.users(id);


--
-- Name: deposits FK_d58c9a2e2e6433613026ffd84ca; Type: FK CONSTRAINT; Schema: public; Owner: postgres
--

ALTER TABLE ONLY public.deposits
    ADD CONSTRAINT "FK_d58c9a2e2e6433613026ffd84ca" FOREIGN KEY (created_by) REFERENCES public.users(id);


--
-- Name: advances FK_dc6439587c432749e1dbce37f4f; Type: FK CONSTRAINT; Schema: public; Owner: postgres
--

ALTER TABLE ONLY public.advances
    ADD CONSTRAINT "FK_dc6439587c432749e1dbce37f4f" FOREIGN KEY (updated_by) REFERENCES public.users(id);


--
-- Name: payment_matches FK_dd122a96ef283fdaa44f1150151; Type: FK CONSTRAINT; Schema: public; Owner: postgres
--

ALTER TABLE ONLY public.payment_matches
    ADD CONSTRAINT "FK_dd122a96ef283fdaa44f1150151" FOREIGN KEY (updated_by) REFERENCES public.users(id);


--
-- Name: payment_schedules FK_ddc46d9a2356cedb0de9ed41d11; Type: FK CONSTRAINT; Schema: public; Owner: postgres
--

ALTER TABLE ONLY public.payment_schedules
    ADD CONSTRAINT "FK_ddc46d9a2356cedb0de9ed41d11" FOREIGN KEY (updated_by) REFERENCES public.users(id);


--
-- Name: dealer_route_users FK_e290b982f49975fccb09afa3a5e; Type: FK CONSTRAINT; Schema: public; Owner: postgres
--

ALTER TABLE ONLY public.dealer_route_users
    ADD CONSTRAINT "FK_e290b982f49975fccb09afa3a5e" FOREIGN KEY (vdsbs_id) REFERENCES public.vdsbs_relations(id);


--
-- Name: user_entity_relations FK_ea4961d31714bcfce9ac2af72e4; Type: FK CONSTRAINT; Schema: public; Owner: postgres
--

ALTER TABLE ONLY public.user_entity_relations
    ADD CONSTRAINT "FK_ea4961d31714bcfce9ac2af72e4" FOREIGN KEY (created_by) REFERENCES public.users(id);


--
-- Name: payment_schedules FK_ed672b21420328cf3feac8e4da3; Type: FK CONSTRAINT; Schema: public; Owner: postgres
--

ALTER TABLE ONLY public.payment_schedules
    ADD CONSTRAINT "FK_ed672b21420328cf3feac8e4da3" FOREIGN KEY (created_by) REFERENCES public.users(id);


--
-- Name: ps_interface FK_f5ae0c8fee39f728568478159e2; Type: FK CONSTRAINT; Schema: public; Owner: postgres
--

ALTER TABLE ONLY public.ps_interface
    ADD CONSTRAINT "FK_f5ae0c8fee39f728568478159e2" FOREIGN KEY (created_by) REFERENCES public.users(id);


--
-- Name: buyer_sites FK_f5c0deadbe7f747c13fe7fa30f2; Type: FK CONSTRAINT; Schema: public; Owner: postgres
--

ALTER TABLE ONLY public.buyer_sites
    ADD CONSTRAINT "FK_f5c0deadbe7f747c13fe7fa30f2" FOREIGN KEY (updated_by) REFERENCES public.users(id);


--
-- Name: dealers FK_f9819cafb796da4740911ceb0b5; Type: FK CONSTRAINT; Schema: public; Owner: postgres
--

ALTER TABLE ONLY public.dealers
    ADD CONSTRAINT "FK_f9819cafb796da4740911ceb0b5" FOREIGN KEY (updated_by) REFERENCES public.users(id);


--
-- Name: user_entity_relations FK_fdf516fb3dcd5b783bf5cac3398; Type: FK CONSTRAINT; Schema: public; Owner: postgres
--

ALTER TABLE ONLY public.user_entity_relations
    ADD CONSTRAINT "FK_fdf516fb3dcd5b783bf5cac3398" FOREIGN KEY (updated_by) REFERENCES public.users(id);


--
-- PostgreSQL database dump complete
--

