id,name,start_date,end_date,buyer_id,created_by,updated_by
1,Quire,14/03/2022,16/02/2022,299,459,394
2,Skipfire,15/10/2021,01/01/2022,543,131,449
3,Topicshots,05/08/2021,13/12/2021,388,329,431
4,Vipe,26/04/2022,19/06/2021,998,549,788
5,Browsetype,19/02/2022,02/03/2022,900,300,632
6,Jaxspan,15/09/2021,10/03/2022,493,367,569
7,Brightdog,18/11/2021,05/03/2022,841,69,681
8,Skinder,07/10/2021,09/06/2022,73,87,307
9,Mymm,26/07/2021,30/11/2021,480,848,423
10,Voomm,14/10/2021,27/04/2022,220,30,981
11,Voomm,18/09/2021,02/12/2021,478,121,350
12,Twitterworks,12/10/2021,17/10/2021,170,983,683
13,Chatterpoint,06/06/2022,20/04/2022,411,60,703
14,Centizu,19/09/2021,23/03/2022,269,519,869
15,Cogidoo,29/09/2021,01/07/2021,532,148,296
16,Zazio,17/09/2021,12/11/2021,545,826,717
17,Aimbo,21/11/2021,13/02/2022,603,975,751
18,Skiptube,17/06/2021,22/03/2022,914,46,488
19,Rhynyx,23/03/2022,19/01/2022,63,924,750
20,Eadel,24/10/2021,09/07/2021,6,448,532
21,Trilith,14/05/2022,26/12/2021,161,706,876
22,Oyonder,06/02/2022,06/02/2022,187,117,866
23,Skibox,16/11/2021,01/11/2021,981,291,884
24,Quatz,04/05/2022,10/09/2021,62,580,537
25,Lazz,23/06/2021,12/05/2022,934,178,766
26,Skipstorm,18/11/2021,20/02/2022,197,201,893
27,Roodel,24/05/2022,23/11/2021,291,813,51
28,Buzzster,23/07/2021,08/01/2022,910,161,950
29,Quamba,11/11/2021,27/11/2021,97,959,316
30,Layo,28/02/2022,30/03/2022,489,979,67
31,Voomm,09/11/2021,11/10/2021,564,809,182
32,Voolia,01/03/2022,08/12/2021,957,632,167
33,Jabbersphere,27/07/2021,01/12/2021,232,39,272
34,Quamba,28/05/2022,01/02/2022,145,370,184
35,Devpulse,06/05/2022,19/12/2021,482,876,22
36,Yodel,28/10/2021,30/12/2021,729,550,358
37,Skalith,02/07/2021,22/05/2022,683,743,291
38,Nlounge,17/09/2021,12/10/2021,622,75,157
39,Zoozzy,14/11/2021,06/04/2022,195,182,311
40,Fiveclub,13/11/2021,07/12/2021,421,737,476
41,Yambee,06/05/2022,02/06/2022,637,999,853
42,Myworks,31/05/2022,26/07/2021,160,468,216
43,Devpulse,11/04/2022,21/10/2021,31,527,987
44,Pixonyx,23/02/2022,20/12/2021,504,614,334
45,Twitterbeat,13/01/2022,20/09/2021,710,852,178
46,Topdrive,11/03/2022,07/10/2021,434,786,463
47,Skibox,26/01/2022,06/01/2022,801,309,611
48,Zoonoodle,31/10/2021,10/05/2022,19,389,152
49,Agimba,17/05/2022,06/02/2022,180,980,951
50,Reallinks,10/04/2022,29/10/2021,713,297,518
51,Plajo,08/12/2021,22/11/2021,567,340,217
52,Dabjam,14/08/2021,06/08/2021,60,177,73
53,Zooveo,03/09/2021,05/11/2021,257,753,377
54,Dabfeed,02/06/2022,17/10/2021,194,466,151
55,Quinu,30/10/2021,25/07/2021,61,24,384
56,Gabtune,07/10/2021,12/11/2021,610,89,318
57,Divanoodle,01/04/2022,27/05/2022,358,282,54
58,Jabbercube,31/07/2021,01/01/2022,734,612,475
59,Cogilith,15/01/2022,16/03/2022,503,5,708
60,Meeveo,28/02/2022,26/11/2021,858,761,618
61,Mynte,01/01/2022,31/03/2022,639,807,535
62,Meemm,30/08/2021,07/11/2021,792,283,342
63,Browseblab,15/07/2021,23/11/2021,332,662,419
64,Twitternation,12/06/2021,14/07/2021,964,634,547
65,Avavee,27/08/2021,19/05/2022,863,920,888
66,Edgewire,12/12/2021,28/05/2022,222,136,570
67,Twimbo,12/02/2022,13/10/2021,497,463,433
68,Fivespan,05/07/2021,01/10/2021,816,417,851
69,Gabcube,14/05/2022,21/02/2022,272,772,72
70,Skiptube,15/02/2022,10/09/2021,104,115,108
71,Brightbean,17/11/2021,09/04/2022,384,589,257
72,Aibox,10/12/2021,27/08/2021,353,269,270
73,Photobug,03/04/2022,16/08/2021,72,67,172
74,Babbleopia,30/07/2021,02/03/2022,850,102,48
75,Twiyo,24/10/2021,08/07/2021,308,677,269
76,Innojam,13/11/2021,18/01/2022,869,464,882
77,Topicstorm,04/02/2022,25/04/2022,248,319,129
78,Ailane,04/01/2022,11/01/2022,415,295,372
79,Browsebug,07/05/2022,28/01/2022,379,976,865
80,Dynabox,24/06/2021,23/03/2022,752,794,408
81,Janyx,26/12/2021,20/05/2022,394,842,555
82,Minyx,30/08/2021,16/04/2022,473,88,550
83,Camido,08/11/2021,30/12/2021,664,847,687
84,Centidel,03/12/2021,01/06/2022,773,410,566
85,Ainyx,11/06/2022,23/04/2022,783,891,500
86,Browsecat,15/09/2021,23/09/2021,935,645,608
87,Wikibox,26/02/2022,17/12/2021,107,505,584
88,Edgewire,20/04/2022,02/01/2022,92,875,339
89,Pixoboo,18/12/2021,17/10/2021,240,643,452
90,Tazz,27/05/2022,05/03/2022,827,767,678
91,Agimba,14/02/2022,03/10/2021,933,856,149
92,Meedoo,04/10/2021,03/03/2022,813,802,162
93,Tagpad,05/03/2022,18/07/2021,28,507,362
94,Feednation,15/12/2021,01/06/2022,716,514,219
95,Yabox,11/05/2022,23/10/2021,851,150,132
96,Vitz,22/11/2021,31/08/2021,378,263,517
97,Latz,11/11/2021,27/08/2021,794,153,279
98,Tagchat,17/09/2021,12/11/2021,630,546,620
99,Cogidoo,26/04/2022,26/04/2022,654,433,839
100,Tekfly,16/06/2021,14/11/2021,21,401,542
101,Talane,16/07/2021,09/09/2021,570,252,472
102,Blognation,20/01/2022,11/03/2022,119,997,417
103,Trilia,06/12/2021,02/01/2022,2,648,158
104,Meezzy,05/05/2022,01/02/2022,420,864,438
105,Edgewire,09/11/2021,07/11/2021,529,317,71
106,Oloo,13/03/2022,05/09/2021,923,22,785
107,Oozz,27/12/2021,27/04/2022,970,217,917
108,Zooxo,15/11/2021,20/09/2021,479,320,323
109,Meeveo,20/10/2021,08/01/2022,266,223,163
110,Trunyx,05/02/2022,19/01/2022,616,795,130
111,Babbleset,22/12/2021,24/03/2022,718,356,837
112,Mymm,06/04/2022,19/06/2021,243,314,480
113,Twimbo,27/10/2021,04/02/2022,508,993,960
114,Dabtype,03/05/2022,15/09/2021,369,93,899
115,Talane,18/02/2022,07/08/2021,179,190,225
116,Rhycero,03/05/2022,02/12/2021,57,696,127
117,Trilith,19/06/2021,12/07/2021,831,441,410
118,Flipbug,11/11/2021,27/10/2021,971,955,173
119,Pixope,01/09/2021,30/07/2021,624,835,198
120,Oba,12/12/2021,08/08/2021,132,418,802
121,Yodoo,22/08/2021,06/09/2021,875,16,458
122,Mynte,24/05/2022,01/03/2022,932,992,204
123,Buzzbean,19/04/2022,02/11/2021,558,611,877
124,Omba,22/11/2021,23/01/2022,731,838,121
125,Topicware,30/01/2022,27/08/2021,85,818,787
126,Zooveo,04/11/2021,20/08/2021,78,214,993
127,Jabbertype,08/06/2022,18/04/2022,623,160,734
128,Minyx,17/02/2022,30/07/2021,968,133,520
129,Oyoloo,11/12/2021,09/07/2021,670,576,629
130,DabZ,17/09/2021,16/12/2021,335,157,698
131,Realfire,03/01/2022,21/07/2021,674,843,176
132,Brainsphere,23/01/2022,27/12/2021,48,409,248
133,Chatterbridge,02/04/2022,31/10/2021,413,941,906
134,Mynte,22/01/2022,02/04/2022,321,895,430
135,Meevee,07/04/2022,10/02/2022,726,798,117
136,Wordpedia,18/03/2022,23/04/2022,575,573,451
137,Edgeify,21/01/2022,23/01/2022,392,644,50
138,Eazzy,31/05/2022,03/02/2022,787,92,209
139,Linkbridge,29/03/2022,12/01/2022,404,149,928
140,Topiczoom,18/01/2022,08/04/2022,526,940,756
141,Reallinks,13/11/2021,24/02/2022,465,571,780
142,Topiczoom,14/04/2022,13/04/2022,534,326,241
143,Skivee,30/06/2021,23/04/2022,774,915,391
144,Thoughtsphere,24/08/2021,17/08/2021,118,348,862
145,Kimia,28/06/2021,20/03/2022,519,268,233
146,Flipstorm,11/11/2021,22/07/2021,791,71,661
147,Wordpedia,05/01/2022,25/03/2022,701,19,403
148,Fivebridge,17/03/2022,18/03/2022,173,865,138
149,Eidel,18/07/2021,07/06/2022,515,392,918
150,Oyoyo,23/06/2021,13/09/2021,204,670,814
151,Quire,14/09/2021,03/01/2022,357,615,292
152,Thoughtstorm,15/02/2022,20/01/2022,185,445,494
153,Babbleopia,11/01/2022,08/06/2022,638,59,366
154,Trudeo,11/01/2022,22/09/2021,825,381,822
155,Lazzy,05/08/2021,04/03/2022,282,254,688
156,Twitternation,12/09/2021,13/10/2021,528,200,274
157,Aivee,23/01/2022,03/10/2021,704,900,23
158,Tanoodle,21/03/2022,05/07/2021,902,438,122
159,Geba,15/09/2021,10/10/2021,798,38,919
160,Yacero,29/11/2021,07/12/2021,608,633,726
161,Jaxnation,16/06/2021,13/11/2021,595,40,872
162,Eazzy,18/06/2021,19/03/2022,203,655,712
163,Topicshots,03/05/2022,23/08/2021,606,780,831
164,Brainlounge,26/02/2022,31/12/2021,822,531,809
165,Einti,23/10/2021,29/12/2021,587,990,639
166,Dabtype,15/11/2021,06/03/2022,548,49,375
167,Bubblebox,03/12/2021,30/04/2022,426,475,824
168,Gigabox,28/08/2021,09/07/2021,800,657,694
169,Yoveo,17/07/2021,24/03/2022,408,678,440
170,Rhynoodle,09/12/2021,30/10/2021,936,951,28
171,Oyoloo,24/11/2021,31/08/2021,693,698,829
172,Vinder,08/05/2022,21/03/2022,771,666,628
173,Blogtag,04/10/2021,05/03/2022,577,559,197
174,Gabvine,11/06/2022,10/10/2021,140,303,971
175,Quaxo,24/03/2022,13/11/2021,696,721,471
176,Jamia,22/02/2022,02/08/2021,672,834,804
177,Trudeo,20/06/2021,04/11/2021,315,453,695
178,Buzzbean,01/07/2021,13/10/2021,448,823,156
179,Riffpedia,12/06/2021,24/12/2021,739,237,349
180,Eayo,19/03/2022,19/11/2021,352,764,479
181,Youspan,21/05/2022,15/05/2022,174,443,29
182,Lazz,08/05/2022,30/11/2021,231,341,120
183,Jaxnation,12/10/2021,29/06/2021,66,247,907
184,Dabshots,09/05/2022,31/12/2021,88,680,595
185,Riffpedia,22/02/2022,14/03/2022,86,752,432
186,Aibox,16/07/2021,21/03/2022,945,669,411
187,Flashset,04/05/2022,30/09/2021,191,725,774
188,Demivee,06/01/2022,01/07/2021,862,203,616
189,Eazzy,08/03/2022,10/08/2021,882,692,568
190,Plambee,22/02/2022,30/03/2022,451,989,593
191,Twinder,19/09/2021,19/05/2022,15,249,398
192,Rooxo,12/09/2021,08/03/2022,516,688,453
193,Thoughtsphere,03/01/2022,26/02/2022,938,354,205
194,Quinu,21/03/2022,23/06/2021,29,379,183
195,Skyvu,16/09/2021,31/08/2021,907,863,662
196,Yamia,16/08/2021,20/05/2022,255,110,657
197,Devbug,18/01/2022,21/09/2021,320,355,970
198,Tagcat,30/01/2022,05/04/2022,989,548,185
199,Gigashots,30/12/2021,15/12/2021,905,81,238
200,Youbridge,13/07/2021,19/05/2022,754,425,867
201,Brightbean,03/04/2022,03/11/2021,724,35,482
202,Topicware,01/01/2022,04/07/2021,360,517,573
203,Skalith,10/12/2021,24/03/2022,511,209,781
204,Vitz,28/01/2022,04/08/2021,313,715,666
205,Bubbletube,13/01/2022,21/11/2021,893,91,304
206,Trudoo,26/08/2021,16/12/2021,7,9,179
207,Jatri,27/06/2021,17/09/2021,410,391,579
208,Aibox,29/11/2021,06/02/2022,604,675,996
209,Livetube,06/01/2022,23/12/2021,708,646,450
210,Shuffledrive,18/02/2022,23/01/2022,27,56,635
211,Fivechat,15/03/2022,09/05/2022,462,362,729
212,Eadel,06/08/2021,23/05/2022,835,327,722
213,Feedmix,10/05/2022,13/03/2022,219,810,543
214,Oyonder,29/06/2021,14/07/2021,881,377,946
215,Youspan,26/04/2022,22/04/2022,980,139,567
216,Dablist,04/02/2022,25/02/2022,52,315,754
217,Aivee,06/01/2022,31/01/2022,395,953,19
218,Layo,20/11/2021,06/06/2022,962,799,24
219,Twitterwire,01/09/2021,24/12/2021,467,995,109
220,Gigabox,20/07/2021,15/06/2021,636,840,378
221,Twitterwire,14/11/2021,30/11/2021,766,210,412
222,Meetz,28/07/2021,24/06/2021,98,758,324
223,Quinu,25/02/2022,02/12/2021,952,198,811
224,Yacero,12/08/2021,22/01/2022,994,563,813
225,Rhynoodle,10/09/2021,17/11/2021,76,858,955
226,Quamba,01/06/2022,19/09/2021,666,820,286
227,Feedbug,12/02/2022,26/04/2022,120,939,668
228,Centizu,24/01/2022,03/04/2022,113,775,522
229,Zoombeat,17/08/2021,04/06/2022,838,61,468
230,Mita,13/06/2021,31/08/2021,144,583,477
231,Thoughtstorm,21/11/2021,17/05/2022,251,405,206
232,Blogspan,01/12/2021,23/06/2021,688,261,261
233,Flashspan,27/06/2021,14/01/2022,188,509,845
234,Skinte,21/11/2021,09/01/2022,446,307,370
235,Twinte,10/10/2021,18/05/2022,181,703,256
236,Jatri,07/04/2022,29/09/2021,209,769,795
237,Babblestorm,08/09/2021,21/11/2021,561,556,852
238,Riffwire,26/09/2021,22/03/2022,874,803,969
239,Gabtype,15/05/2022,28/08/2021,640,458,572
240,Quinu,26/12/2021,16/07/2021,590,690,402
241,Zooxo,03/09/2021,05/05/2022,744,529,973
242,Topicware,09/07/2021,21/11/2021,667,95,737
243,Mymm,07/12/2021,29/04/2022,896,836,447
244,Chatterbridge,28/04/2022,09/05/2022,512,877,208
245,Jabberstorm,11/01/2022,06/09/2021,605,369,2
246,Thoughtblab,16/09/2021,27/03/2022,370,709,810
247,Vidoo,31/05/2022,02/12/2021,103,279,959
248,Skimia,14/12/2021,08/07/2021,864,729,254
249,Vimbo,28/11/2021,03/01/2022,450,467,49
250,Nlounge,02/10/2021,16/01/2022,517,270,511
251,Feednation,11/10/2021,08/10/2021,40,912,911
252,Wordtune,17/04/2022,03/02/2022,866,744,577
253,Livetube,14/06/2021,20/12/2021,879,982,768
254,Gigazoom,25/08/2021,09/07/2021,823,66,818
255,Shuffletag,03/08/2021,01/07/2021,212,179,746
256,Quaxo,01/03/2022,01/06/2022,627,774,989
257,Topicshots,12/04/2022,11/10/2021,979,896,164
258,Jayo,08/04/2022,31/03/2022,985,652,812
259,Vipe,03/03/2022,10/04/2022,383,333,914
260,Fanoodle,01/10/2021,15/02/2022,262,372,782
261,Youtags,12/05/2022,01/01/2022,631,108,37
262,Yakitri,25/12/2021,29/04/2022,406,400,630
263,Realmix,15/02/2022,12/08/2021,853,846,830
264,Brainsphere,27/09/2021,05/09/2021,973,174,312
265,Livefish,02/01/2022,20/05/2022,324,96,441
266,Shufflester,07/11/2021,20/11/2021,69,107,437
267,Meezzy,19/11/2021,25/06/2021,878,480,626
268,Yoveo,06/04/2022,18/02/2022,281,229,224
269,Gevee,25/10/2021,01/04/2022,361,184,599
270,InnoZ,07/10/2021,27/10/2021,657,520,91
271,Gevee,10/10/2021,08/02/2022,756,710,104
272,Youbridge,01/03/2022,12/08/2021,242,41,213
273,Bubbletube,11/12/2021,25/02/2022,74,239,489
274,Tavu,17/09/2021,24/01/2022,58,350,838
275,Browsebug,16/09/2021,10/11/2021,763,407,418
276,Skimia,20/02/2022,25/10/2021,541,933,999
277,Abata,24/08/2021,27/10/2021,960,630,181
278,Gabcube,13/02/2022,02/12/2021,260,1,460
279,Youbridge,13/10/2021,11/05/2022,165,143,636
280,Yakijo,30/09/2021,02/05/2022,795,86,490
281,Eazzy,21/10/2021,01/09/2021,707,781,322
282,Quinu,30/05/2022,16/05/2022,176,51,484
283,Dabtype,06/07/2021,11/08/2021,461,21,220
284,Yodel,07/10/2021,24/07/2021,842,312,929
285,Latz,28/04/2022,08/04/2022,333,332,690
286,Fadeo,29/04/2022,01/02/2022,653,226,268
287,Photospace,21/10/2021,10/05/2022,18,216,733
288,Skyba,10/09/2021,03/08/2021,891,551,672
289,Kanoodle,15/07/2021,15/03/2022,758,821,34
290,Yodel,08/02/2022,07/10/2021,393,779,331
291,Edgeify,17/09/2021,07/12/2021,381,870,280
292,Gigaclub,05/03/2022,06/09/2021,348,274,772
293,Flipopia,21/04/2022,30/12/2021,141,173,534
294,Quimm,01/07/2021,30/06/2021,382,765,945
295,Vitz,17/04/2022,03/06/2022,899,606,15
296,Yozio,26/07/2021,26/06/2021,259,601,444
297,Yakitri,03/11/2021,30/12/2021,988,501,723
298,Jetpulse,07/08/2021,03/12/2021,108,375,326
299,Zoonder,25/10/2021,18/11/2021,991,778,396
300,Riffpedia,01/11/2021,19/02/2022,894,146,589
301,Voolith,16/09/2021,01/09/2021,338,225,834
302,Kanoodle,26/12/2021,09/10/2021,475,434,305
303,Leexo,16/10/2021,27/07/2021,857,642,913
304,Divavu,26/08/2021,30/07/2021,26,558,967
305,Livepath,30/12/2021,15/02/2022,47,673,97
306,Edgetag,02/04/2022,02/03/2022,318,44,528
307,Dablist,23/08/2021,25/06/2021,156,971,46
308,Livefish,04/10/2021,16/08/2021,440,974,493
309,Einti,07/01/2022,16/03/2022,749,72,413
310,Topicstorm,05/03/2022,27/01/2022,82,938,31
311,Twitterwire,09/03/2022,05/11/2021,254,919,761
312,Jamia,26/04/2022,05/08/2021,646,286,201
313,Eire,10/08/2021,31/03/2022,344,124,531
314,Thoughtstorm,16/01/2022,29/06/2021,3,788,850
315,Avaveo,29/07/2021,13/08/2021,986,257,345
316,Eimbee,05/02/2022,15/09/2021,403,857,379
317,Roodel,26/03/2022,11/07/2021,810,374,171
318,Twiyo,20/08/2021,09/10/2021,67,694,783
319,Chatterpoint,06/02/2022,19/10/2021,376,140,779
320,Zoonoodle,18/01/2022,04/07/2021,671,740,791
321,Ooba,04/10/2021,05/05/2022,873,302,99
322,Aivee,27/02/2022,09/11/2021,155,970,114
323,Jabbercube,27/01/2022,22/02/2022,974,808,771
324,Meejo,17/09/2021,16/01/2022,601,776,909
325,Meevee,17/02/2022,29/06/2021,840,966,706
326,Centizu,21/06/2021,02/05/2022,316,954,290
327,Blogspan,10/03/2022,07/03/2022,656,621,801
328,Livetube,13/08/2021,04/03/2022,298,560,576
329,Realpoint,02/05/2022,10/12/2021,954,539,177
330,Ntag,10/06/2022,10/08/2021,396,958,79
331,Twitterlist,30/03/2022,03/05/2022,431,402,560
332,Abatz,13/10/2021,13/04/2022,1,532,55
333,Centimia,14/01/2022,18/04/2022,230,950,501
334,Geba,26/05/2022,25/03/2022,687,763,753
335,Wordpedia,10/01/2022,21/07/2021,439,599,263
336,Skinder,22/06/2021,03/09/2021,294,248,218
337,Zooxo,01/12/2021,16/09/2021,502,784,677
338,Rhycero,20/10/2021,20/02/2022,531,494,890
339,Brainsphere,09/02/2022,17/08/2021,241,704,20
340,Skivee,15/05/2022,14/05/2022,445,195,485
341,Myworks,04/08/2021,25/09/2021,944,727,192
342,Skivee,14/11/2021,20/06/2021,926,828,69
343,Twitterworks,08/12/2021,06/11/2021,96,831,707
344,Latz,16/04/2022,01/10/2021,547,650,102
345,Skyvu,30/10/2021,04/03/2022,976,191,347
346,Jamia,03/06/2022,26/03/2022,560,426,310
347,Devpoint,03/06/2022,26/03/2022,762,224,525
348,Digitube,14/02/2022,30/12/2021,44,172,637
349,Kamba,22/10/2021,22/05/2022,224,956,196
350,Zooveo,24/01/2022,04/02/2022,163,608,63
351,Tagopia,10/06/2022,27/09/2021,834,310,228
352,Mybuzz,20/06/2021,12/09/2021,49,593,200
353,Eidel,04/01/2022,14/04/2022,594,759,759
354,JumpXS,02/02/2022,24/04/2022,854,36,298
355,Zava,12/04/2022,17/05/2022,982,202,792
356,Fivebridge,15/11/2021,08/07/2021,918,869,652
357,Realbuzz,02/06/2022,16/02/2022,466,705,808
358,Katz,17/12/2021,07/01/2022,109,457,925
359,Skaboo,16/07/2021,28/12/2021,380,699,39
360,Muxo,29/08/2021,29/04/2022,644,629,1000
361,Mynte,21/05/2022,28/11/2021,274,26,103
362,Topicware,19/01/2022,17/05/2022,832,152,580
363,Thoughtstorm,23/09/2021,03/08/2021,634,113,425
364,Thoughtstorm,20/10/2021,20/09/2021,127,123,434
365,Meemm,01/12/2021,03/10/2021,809,851,333
366,Twitterbeat,30/03/2022,30/08/2021,877,871,775
367,Geba,19/06/2021,03/11/2021,115,536,361
368,Roombo,24/03/2022,25/11/2021,931,785,588
369,Jabbertype,21/01/2022,23/02/2022,474,376,935
370,Jatri,09/02/2022,25/10/2021,270,500,912
371,Flashspan,30/04/2022,24/11/2021,283,586,841
372,Ailane,04/07/2021,12/09/2021,887,342,524
373,Thoughtstorm,26/06/2021,27/09/2021,106,921,84
374,Dynabox,07/03/2022,20/04/2022,615,626,998
375,Yabox,31/08/2021,19/11/2021,399,977,749
376,Pixonyx,28/03/2022,12/06/2021,796,116,246
377,Avavee,06/02/2022,02/12/2021,947,264,421
378,Babbleblab,23/04/2022,10/11/2021,206,884,770
379,Gigazoom,11/04/2022,13/02/2022,797,515,881
380,Edgeclub,06/06/2022,27/06/2021,355,489,285
381,Minyx,11/06/2022,13/11/2021,648,301,861
382,Reallinks,16/02/2022,11/01/2022,136,829,137
383,Quimba,05/10/2021,12/11/2021,767,628,516
384,Oyope,18/12/2021,14/01/2022,495,541,320
385,Podcat,26/01/2022,26/01/2022,700,534,644
386,Gabcube,20/11/2021,02/03/2022,53,566,307
387,Wordify,14/08/2021,04/03/2022,33,403,75
388,Eadel,01/01/2022,02/08/2021,550,143,842
389,Eadel,11/04/2022,18/09/2021,189,417,431
390,Eare,13/01/2022,04/06/2022,500,990,675
391,Talane,26/02/2022,04/03/2022,948,1000,423
392,Meezzy,03/09/2021,06/11/2021,814,756,287
393,Feedfish,13/05/2022,22/10/2021,555,184,578
394,Oloo,15/02/2022,10/11/2021,909,719,983
395,Thoughtbeat,07/02/2022,28/07/2021,457,499,448
396,Babbleopia,07/08/2021,24/07/2021,673,798,74
397,Avaveo,19/04/2022,04/02/2022,655,558,66
398,Camido,09/05/2022,03/11/2021,267,397,752
399,Ooba,16/11/2021,28/02/2022,660,687,59
400,Yakidoo,08/07/2021,01/08/2021,751,284,403
401,Devpulse,22/07/2021,22/10/2021,424,257,559
402,Thoughtstorm,26/09/2021,14/11/2021,572,974,512
403,Eazzy,13/02/2022,06/09/2021,919,543,565
404,Flashdog,24/06/2021,20/12/2021,80,911,184
405,Eazzy,26/11/2021,07/12/2021,247,216,532
406,DabZ,15/09/2021,10/10/2021,217,327,210
407,Photobean,31/01/2022,22/02/2022,215,28,200
408,Eadel,24/09/2021,16/09/2021,428,57,308
409,Gevee,08/11/2021,12/12/2021,110,31,320
410,Realcube,11/05/2022,12/08/2021,182,975,22
411,Blogtag,19/03/2022,28/08/2021,461,233,35
412,Brainverse,05/10/2021,27/09/2021,154,23,6
413,Tekfly,22/06/2021,16/05/2022,376,783,17
414,Fivebridge,14/04/2022,12/12/2021,827,211,685
415,Realcube,10/07/2021,25/04/2022,654,824,15
416,Oyonder,25/04/2022,18/07/2021,984,15,235
417,Browsezoom,11/07/2021,04/04/2022,189,724,516
418,Zoonder,03/09/2021,25/04/2022,441,242,684
419,Skyble,11/07/2021,03/02/2022,143,979,924
420,Oyoyo,24/06/2021,19/11/2021,894,423,378
421,Wordware,27/12/2021,10/12/2021,919,580,537
422,Browsedrive,10/05/2022,06/01/2022,619,696,502
423,Flipbug,30/01/2022,28/10/2021,302,329,934
424,Youspan,29/07/2021,11/07/2021,410,95,236
425,Yabox,05/09/2021,05/06/2022,260,170,63
426,Tagopia,19/06/2021,21/09/2021,158,41,208
427,Yodel,28/12/2021,14/09/2021,982,581,682
428,Feednation,19/03/2022,30/12/2021,818,671,949
429,Skajo,08/11/2021,14/07/2021,374,664,415
430,Edgetag,08/11/2021,13/10/2021,47,775,167
431,Tagchat,31/08/2021,10/02/2022,665,74,812
432,Jabbersphere,17/05/2022,05/02/2022,568,910,778
433,Linkbridge,01/12/2021,30/11/2021,266,439,443
434,Skivee,02/09/2021,05/02/2022,217,50,413
435,Wordify,21/07/2021,12/07/2021,610,822,255
436,Skyble,17/01/2022,05/09/2021,679,106,442
437,BlogXS,17/06/2021,13/02/2022,254,398,938
438,Skiba,15/04/2022,20/09/2021,881,103,694
439,Yotz,18/06/2021,08/04/2022,436,517,987
440,Wikibox,15/12/2021,24/03/2022,450,10,449
441,Thoughtworks,23/01/2022,03/04/2022,954,534,781
442,Trunyx,26/01/2022,26/10/2021,644,193,343
443,Fivebridge,10/05/2022,20/05/2022,837,718,311
444,Yozio,17/03/2022,06/09/2021,599,885,434
445,Gabspot,02/09/2021,14/12/2021,485,511,566
446,Yodel,12/11/2021,10/09/2021,929,579,457
447,Bubbletube,01/02/2022,22/11/2021,535,51,896
448,Kwilith,18/08/2021,19/01/2022,799,808,380
449,Eire,05/12/2021,25/02/2022,330,560,170
450,Kwimbee,24/09/2021,20/03/2022,222,977,711
451,Agivu,04/03/2022,02/02/2022,924,909,503
452,Babblestorm,09/03/2022,17/10/2021,777,179,218
453,Bluejam,29/10/2021,13/04/2022,250,619,144
454,Feedfire,02/11/2021,23/06/2021,847,563,169
455,Skiptube,28/03/2022,28/01/2022,257,265,888
456,Dabtype,06/03/2022,22/10/2021,732,69,432
457,Zoonder,16/06/2021,08/12/2021,313,456,535
458,Zava,15/12/2021,24/06/2021,872,801,569
459,Talane,26/03/2022,07/05/2022,932,309,260
460,Quire,04/03/2022,03/06/2022,278,843,139
461,Katz,02/09/2021,08/12/2021,979,821,971
462,Topicware,06/09/2021,14/04/2022,442,379,355
463,Topiclounge,19/07/2021,07/05/2022,348,556,265
464,Dynava,02/08/2021,17/12/2021,338,360,817
465,Yoveo,10/06/2022,15/05/2022,100,837,505
466,Jetwire,31/01/2022,04/12/2021,769,577,376
467,Quinu,10/07/2021,16/09/2021,139,127,64
468,Meemm,06/08/2021,06/10/2021,269,818,575
469,Eidel,21/06/2021,03/08/2021,353,673,221
470,Oyoloo,13/03/2022,10/09/2021,206,846,9
471,Realcube,30/03/2022,01/02/2022,308,921,945
472,Tagtune,07/03/2022,03/08/2021,792,101,125
473,Oozz,12/06/2021,27/10/2021,293,603,497
474,Skynoodle,25/01/2022,19/10/2021,587,400,130
475,Brightbean,20/04/2022,09/07/2021,237,781,38
476,Twitterbridge,15/02/2022,13/01/2022,659,924,883
477,Midel,19/02/2022,22/05/2022,267,709,306
478,Oyoyo,07/03/2022,06/05/2022,658,759,314
479,Layo,09/06/2022,25/05/2022,136,914,998
480,Rhyzio,09/04/2022,22/01/2022,174,850,405
481,Feedfire,26/01/2022,18/08/2021,673,784,296
482,Buzzshare,26/07/2021,21/06/2021,708,334,338
483,Ailane,22/09/2021,30/04/2022,476,941,618
484,Linkbridge,05/05/2022,28/01/2022,577,645,201
485,Gabtype,21/04/2022,12/08/2021,543,895,797
486,Babbleset,04/09/2021,02/12/2021,339,695,16
487,Trupe,02/01/2022,23/10/2021,904,477,574
488,Tekfly,21/06/2021,29/11/2021,729,654,128
489,Meevee,23/06/2021,01/08/2021,271,408,207
490,Gigabox,01/10/2021,24/07/2021,324,653,730
491,Eayo,19/07/2021,26/03/2022,741,386,693
492,Vidoo,13/06/2021,07/06/2022,377,679,430
493,Vimbo,19/05/2022,13/05/2022,865,531,147
494,Thoughtbridge,05/02/2022,16/09/2021,678,297,220
495,Blogspan,03/07/2021,07/01/2022,26,953,653
496,Flashdog,29/07/2021,03/09/2021,877,666,99
497,Tekfly,08/09/2021,26/01/2022,689,196,777
498,Reallinks,10/01/2022,03/08/2021,980,482,638
499,Twitterwire,02/11/2021,01/11/2021,549,931,151
500,Feedbug,08/01/2022,28/08/2021,810,406,300
501,Cogidoo,25/10/2021,14/01/2022,704,248,466
502,Ntag,17/04/2022,01/09/2021,75,960,573
503,Plajo,06/10/2021,03/05/2022,262,169,37
504,Omba,02/11/2021,16/04/2022,542,9,313
505,Muxo,05/02/2022,02/11/2021,970,40,809
506,Avamba,12/06/2021,07/08/2021,387,424,157
507,Kwimbee,11/07/2021,24/05/2022,895,333,719
508,Eabox,18/04/2022,26/12/2021,56,548,445
509,Jabbertype,30/06/2021,01/05/2022,925,574,469
510,Skiptube,18/01/2022,09/03/2022,763,812,411
511,Oozz,04/05/2022,25/02/2022,724,838,133
512,Realcube,09/02/2022,21/05/2022,152,790,436
513,Innojam,02/04/2022,19/07/2021,380,507,326
514,Centizu,15/11/2021,14/11/2021,335,492,267
515,Blogtags,14/05/2022,29/07/2021,71,633,97
516,Zoonoodle,10/01/2022,14/08/2021,957,283,652
517,Youtags,07/09/2021,09/11/2021,921,711,310
518,Jabbersphere,20/01/2022,03/09/2021,884,589,912
519,Quimba,21/01/2022,27/03/2022,888,264,45
520,Gevee,14/08/2021,17/09/2021,8,743,570
521,Twiyo,12/03/2022,16/10/2021,761,458,714
522,Skivee,29/10/2021,02/01/2022,419,726,602
523,Youspan,30/08/2021,15/05/2022,52,223,158
524,Oyoba,02/04/2022,14/03/2022,532,32,36
525,Npath,04/12/2021,15/02/2022,734,147,145
526,Vidoo,07/11/2021,17/12/2021,80,876,886
527,Twinte,19/07/2021,26/09/2021,242,145,20
528,Fivechat,13/08/2021,21/10/2021,913,902,7
529,Skyndu,27/05/2022,24/02/2022,590,845,586
530,Babbleopia,12/01/2022,25/12/2021,180,473,641
531,Quamba,25/02/2022,08/05/2022,539,146,620
532,Skimia,06/09/2021,21/06/2021,616,104,56
533,Twitterbridge,24/08/2021,29/06/2021,78,954,738
534,Trudoo,09/04/2022,16/11/2021,504,661,105
535,Meezzy,12/04/2022,15/02/2022,490,209,379
536,Browsedrive,11/03/2022,27/10/2021,87,237,547
537,Mydeo,13/12/2021,17/08/2021,239,472,981
538,Zoombeat,24/07/2021,06/07/2021,64,234,788
539,Photojam,28/01/2022,14/12/2021,468,903,92
540,Aimbu,03/03/2022,28/09/2021,346,206,820
541,Einti,24/03/2022,14/02/2022,83,58,805
542,Viva,19/11/2021,26/05/2022,96,251,227
543,Twitterlist,08/01/2022,26/01/2022,141,542,716
544,Yakijo,12/02/2022,12/01/2022,213,478,709
545,Oba,09/02/2022,26/10/2021,405,636,681
546,Topdrive,19/01/2022,27/01/2022,317,602,534
547,Jayo,19/12/2021,03/09/2021,363,111,960
548,Meezzy,30/05/2022,31/10/2021,33,825,245
549,Skalith,31/05/2022,22/05/2022,630,516,890
550,Tekfly,26/09/2021,24/10/2021,537,888,599
551,Innojam,30/05/2022,15/05/2022,465,129,490
552,Zoozzy,27/12/2021,19/04/2022,789,108,669
553,Agivu,07/05/2022,03/10/2021,739,840,867
554,Plajo,15/02/2022,28/06/2021,867,870,742
555,Avavee,27/01/2022,07/02/2022,807,947,858
556,Jaloo,22/08/2021,28/06/2021,251,451,676
557,Youbridge,24/08/2021,16/01/2022,935,509,282
558,Youopia,21/10/2021,19/07/2021,486,584,659
559,Bubbletube,28/11/2021,19/10/2021,834,735,881
560,Meembee,03/10/2021,26/01/2022,259,573,974
561,Bubblebox,08/01/2022,14/05/2022,220,180,810
562,Tagchat,27/05/2022,30/12/2021,906,618,400
563,Agivu,23/12/2021,11/03/2022,554,436,72
564,Leexo,15/09/2021,24/04/2022,897,989,585
565,Layo,28/01/2022,14/11/2021,803,791,425
566,Dabjam,26/02/2022,10/04/2022,631,649,853
567,Thoughtsphere,10/11/2021,07/06/2022,288,485,629
568,Yoveo,19/11/2021,30/10/2021,273,444,807
569,Thoughtbridge,26/09/2021,10/10/2021,102,635,141
570,Zoomzone,20/10/2021,30/11/2021,307,215,182
571,Feedmix,31/07/2021,19/12/2021,536,75,670
572,Tazz,31/12/2021,07/05/2022,908,96,760
573,Voolia,16/07/2021,10/03/2022,295,364,839
574,Mybuzz,04/09/2021,09/09/2021,489,440,253
575,Skinder,21/08/2021,03/09/2021,183,331,11
576,Gabspot,26/04/2022,31/10/2021,871,325,166
577,Tanoodle,09/11/2021,25/01/2022,843,183,513
578,Rhyzio,24/03/2022,19/11/2021,633,292,328
579,Twitterwire,30/12/2021,12/06/2021,90,204,254
580,Brightdog,13/06/2021,01/02/2022,857,416,763
581,Tagfeed,13/05/2022,10/09/2021,938,114,251
582,Latz,18/03/2022,14/09/2021,966,59,645
583,Youopia,13/02/2022,24/11/2021,389,736,329
584,Flipstorm,29/06/2021,22/01/2022,580,972,634
585,Pixope,03/07/2021,09/12/2021,969,539,887
586,Topdrive,28/06/2021,13/08/2021,753,76,263
587,Dabshots,23/10/2021,21/03/2022,195,181,755
588,Yodel,19/04/2022,06/09/2021,449,290,346
589,Ozu,21/03/2022,22/12/2021,505,877,549
590,Centidel,15/11/2021,13/06/2021,513,198,347
591,DabZ,31/01/2022,29/12/2021,382,78,198
592,Quaxo,23/07/2021,15/11/2021,403,800,528
593,Flashset,30/11/2021,21/07/2021,163,912,85
594,Innojam,28/10/2021,22/01/2022,550,491,95
595,Geba,17/02/2022,28/02/2022,582,710,216
596,Vidoo,24/03/2022,06/08/2021,854,453,597
597,Browsecat,29/09/2021,25/05/2022,169,377,632
598,Twitterworks,10/01/2022,04/10/2021,456,937,619
599,Kamba,18/02/2022,27/09/2021,245,457,28
600,Feednation,01/04/2022,31/07/2021,976,128,829
601,Pixoboo,07/04/2022,24/06/2021,651,355,295
602,Photojam,12/02/2022,12/04/2022,244,295,941
603,Twinder,23/03/2022,01/07/2021,920,944,776
604,Fliptune,26/03/2022,27/09/2021,406,592,577
605,Leenti,01/02/2022,08/05/2022,138,105,769
606,Bluejam,18/12/2021,31/01/2022,150,749,131
607,Devpoint,27/11/2021,26/11/2021,770,952,580
608,Gevee,02/12/2021,22/05/2022,628,125,435
609,Ainyx,04/07/2021,04/10/2021,953,343,424
610,Bubblebox,03/01/2022,25/02/2022,512,203,758
611,Oyonder,24/12/2021,07/06/2022,23,694,637
612,Innotype,25/08/2021,09/11/2021,291,958,713
613,Wordpedia,29/05/2022,10/04/2022,37,391,695
614,Centizu,06/12/2021,14/01/2022,581,656,484
615,Aimbu,28/03/2022,03/10/2021,321,313,284
616,Centidel,05/10/2021,21/08/2021,887,362,233
617,Voomm,08/05/2022,19/09/2021,977,503,30
618,Lazzy,17/03/2022,29/12/2021,241,659,830
619,Quinu,02/05/2022,13/03/2022,210,585,627
620,Skynoodle,26/09/2021,04/11/2021,933,357,930
621,Dablist,27/12/2021,17/11/2021,196,627,211
622,Yacero,07/09/2021,14/06/2021,623,704,394
623,Wordware,12/04/2022,27/08/2021,464,968,460
624,Photobug,11/01/2022,03/12/2021,469,252,726
625,Fiveclub,27/10/2021,01/04/2022,396,479,392
626,Flipstorm,04/05/2022,13/05/2022,506,395,721
627,Oozz,08/08/2021,08/05/2022,891,739,642
628,Divape,07/01/2022,27/06/2021,937,742,873
629,Vinder,18/02/2022,27/10/2021,864,97,690
630,Aimbu,07/07/2021,01/08/2021,118,434,447
631,Skyndu,23/08/2021,08/05/2022,233,199,906
632,Vinder,19/05/2022,27/08/2021,503,56,232
633,Demimbu,17/06/2021,28/11/2021,107,714,322
634,Skajo,08/03/2022,18/08/2021,300,137,861
635,Dynabox,29/06/2021,14/07/2021,219,898,446
636,Leenti,27/05/2022,22/12/2021,105,793,397
637,Mydo,07/09/2021,30/01/2022,4,537,754
638,Topdrive,02/05/2022,16/06/2021,361,427,384
639,Bubblebox,06/12/2021,19/10/2021,392,568,480
640,Quatz,20/11/2021,27/02/2022,868,939,691
641,Jabbersphere,03/05/2022,26/07/2021,606,190,65
642,Twinte,04/08/2021,01/09/2021,999,867,845
643,Minyx,02/05/2022,20/12/2021,967,367,707
644,Gigaclub,06/10/2021,08/02/2022,629,63,545
645,Tagopia,22/06/2021,13/08/2021,134,200,87
646,Twitterlist,17/06/2021,09/10/2021,431,692,511
647,Yoveo,04/12/2021,06/01/2022,413,732,190
648,Abatz,10/03/2022,28/04/2022,941,615,53
649,Blogtags,13/06/2021,02/10/2021,238,698,612
650,Yamia,05/02/2022,20/01/2022,226,981,717
651,Agivu,28/06/2021,07/03/2022,772,803,571
652,Voonte,27/06/2021,14/09/2021,212,794,14
653,Shuffledrive,18/06/2021,02/03/2022,750,996,2
654,Izio,15/05/2022,14/08/2021,384,680,149
655,Chatterbridge,30/04/2022,24/01/2022,1,988,635
656,Skimia,27/05/2022,13/08/2021,849,767,293
657,Oyonder,07/06/2022,05/09/2021,297,217,1
658,Jabberstorm,31/08/2021,05/06/2022,108,306,336
659,Yakijo,22/10/2021,04/03/2022,788,519,968
660,Devbug,05/02/2022,24/04/2022,334,272,923
661,Oyoyo,27/03/2022,14/07/2021,117,502,821
662,Voomm,08/01/2022,26/04/2022,821,557,501
663,Linkbuzz,31/03/2022,18/10/2021,653,381,712
664,Trudoo,26/05/2022,11/02/2022,292,690,330
665,Youfeed,05/04/2022,06/03/2022,923,71,587
666,Feednation,02/08/2021,13/10/2021,248,852,630
667,Wikivu,15/03/2022,18/05/2022,892,460,317
668,Blogtags,27/05/2022,08/11/2021,936,894,951
669,Myworks,28/06/2021,21/04/2022,690,623,665
670,Skalith,14/05/2022,11/12/2021,494,302,301
671,Meembee,30/04/2022,17/07/2021,688,375,194
672,Gabtune,14/02/2022,11/11/2021,214,238,531
673,Babblestorm,17/03/2022,05/03/2022,132,861,780
674,Devpoint,06/03/2022,31/12/2021,175,814,463
675,Kwimbee,08/07/2021,15/09/2021,349,832,290
676,Twimbo,12/11/2021,04/07/2021,975,245,327
677,Realmix,21/09/2021,07/12/2021,697,936,933
678,Jaloo,20/01/2022,03/12/2021,16,797,361
679,Oba,16/12/2021,05/11/2021,14,110,885
680,Ailane,19/05/2022,09/11/2021,779,951,594
681,Zoonder,21/12/2021,28/11/2021,903,142,826
682,Quire,04/04/2022,02/01/2022,700,965,175
683,Gevee,08/03/2022,01/10/2021,914,658,8
684,Pixoboo,30/04/2022,20/05/2022,499,881,412
685,Gabspot,20/09/2021,12/03/2022,140,166,217
686,Wordware,24/01/2022,15/11/2021,715,44,798
687,Skyble,29/01/2022,06/08/2021,28,956,21
688,Dynazzy,30/06/2021,17/12/2021,7,900,73
689,Digitube,30/04/2022,05/05/2022,200,640,50
690,Linkbridge,06/12/2021,28/04/2022,749,256,269
691,Mynte,29/07/2021,31/05/2022,229,535,544
692,Vipe,16/11/2021,10/03/2022,962,311,655
693,Zoombeat,09/09/2021,17/02/2022,30,83,943
694,Zava,08/11/2021,03/09/2021,869,244,278
695,Fivespan,16/07/2021,23/04/2022,909,465,473
696,Riffwire,25/10/2021,24/01/2022,840,884,521
697,Riffwire,15/12/2021,22/04/2022,73,90,733
698,Mynte,12/01/2022,14/12/2021,104,373,651
699,Photofeed,16/01/2022,18/11/2021,790,240,664
700,Oyope,19/04/2022,13/10/2021,751,810,828
701,Devify,07/02/2022,15/11/2021,45,970,600
702,Eazzy,27/03/2022,16/09/2021,989,826,84
703,Skiba,01/11/2021,21/10/2021,370,918,567
704,Aivee,26/12/2021,20/10/2021,502,508,735
705,Flashspan,31/08/2021,04/05/2022,68,760,315
706,Topicblab,26/04/2022,02/04/2022,65,708,277
707,Meetz,29/04/2022,28/06/2021,252,35,576
708,Skyba,20/05/2022,27/11/2021,986,668,452
709,Twinder,05/04/2022,05/01/2022,829,369,483
710,Twitterworks,21/07/2021,31/08/2021,309,772,94
711,Dabjam,04/07/2021,22/07/2021,710,124,10
712,Edgeify,17/02/2022,02/05/2022,41,221,421
713,Trunyx,29/07/2021,10/08/2021,760,978,268
714,Fivespan,19/02/2022,16/08/2021,38,949,240
715,Wikizz,27/03/2022,01/06/2022,165,350,312
716,Topdrive,12/02/2022,28/06/2021,645,189,958
717,Vitz,23/05/2022,17/12/2021,188,763,132
718,Realbuzz,23/07/2021,05/10/2021,655,916,792
719,Edgeblab,24/04/2022,01/04/2022,201,505,183
720,Quaxo,02/06/2022,09/07/2021,603,528,610
721,Buzzshare,02/07/2021,04/10/2021,642,771,955
722,Lazz,02/06/2022,24/03/2022,776,148,24
723,Mudo,30/03/2022,12/04/2022,296,883,408
724,Realpoint,14/10/2021,11/12/2021,116,418,909
725,Fanoodle,30/11/2021,09/03/2022,453,849,727
726,Zoomdog,25/11/2021,01/01/2022,588,498,273
727,Realfire,17/05/2022,16/04/2022,604,729,590
728,Skalith,19/08/2021,26/01/2022,383,594,572
729,Skippad,20/09/2021,17/08/2021,723,156,723
730,Photobean,06/11/2021,04/07/2021,457,874,179
731,Twitternation,11/10/2021,22/01/2022,719,943,603
732,Blogspan,19/12/2021,04/09/2021,168,267,342
733,Quaxo,10/05/2022,09/01/2022,426,12,69
734,Divape,05/12/2021,04/04/2022,680,721,917
735,Edgewire,23/10/2021,07/07/2021,523,358,525
736,Twitterlist,08/03/2022,28/06/2021,813,326,334
737,Edgepulse,24/01/2022,28/12/2021,812,994,808
738,Quire,18/05/2022,10/07/2021,1000,995,304
739,Tazz,26/02/2022,06/12/2021,58,141,884
740,Wikizz,30/01/2022,17/02/2022,525,303,832
741,Centizu,11/02/2022,05/03/2022,36,741,399
742,Topicblab,03/01/2022,18/02/2022,702,613,163
743,Tagpad,29/05/2022,12/08/2021,331,920,174
744,Skalith,06/01/2022,29/10/2021,287,827,352
745,Brightbean,08/12/2021,18/12/2021,310,70,374
746,Avamba,04/09/2021,20/01/2022,995,342,517
747,Browsebug,19/08/2021,02/08/2021,744,159,215
748,Janyx,05/07/2021,27/09/2021,445,536,696
749,Midel,19/08/2021,18/05/2022,902,459,674
750,Wordware,16/12/2021,02/10/2021,428,372,138
751,Shufflester,24/10/2021,01/12/2021,231,880,953
752,Realcube,12/01/2022,12/07/2021,443,512,860
753,Zooxo,22/06/2021,29/01/2022,676,591,176
754,Abata,07/06/2022,18/07/2021,328,545,388
755,Dablist,23/03/2022,24/09/2021,972,139,908
756,Eayo,31/07/2021,11/04/2022,448,301,859
757,Fanoodle,25/09/2021,14/07/2021,705,36,957
758,Flashset,03/11/2021,01/09/2021,911,25,767
759,Babbleblab,20/08/2021,17/03/2022,53,682,303
760,Mynte,16/03/2022,08/06/2022,973,79,911
761,Teklist,11/02/2022,18/10/2021,756,779,954
762,Yozio,15/06/2021,18/06/2021,622,224,702
763,Zoomlounge,02/07/2021,21/10/2021,20,964,51
764,Tagcat,13/08/2021,11/02/2022,820,746,764
765,Photofeed,22/05/2022,06/10/2021,474,829,657
766,Twitterbeat,23/02/2022,21/07/2021,556,34,631
767,Skimia,20/08/2021,17/05/2022,641,61,985
768,Tagopia,27/01/2022,26/11/2021,832,387,88
769,Camimbo,19/10/2021,05/11/2021,74,893,831
770,Meezzy,23/09/2021,05/07/2021,635,21,546
771,Aivee,21/06/2021,19/12/2021,575,119,811
772,Oyondu,12/01/2022,13/02/2022,497,905,294
773,Eidel,22/09/2021,27/06/2021,817,213,992
774,Brightdog,30/04/2022,14/05/2022,918,445,19
775,Thoughtbridge,25/12/2021,06/03/2022,858,588,848
776,Thoughtsphere,16/11/2021,07/10/2021,880,210,636
777,Meezzy,19/08/2021,23/01/2022,987,290,543
778,Photobug,16/01/2022,31/08/2021,899,504,698
779,Chatterpoint,31/08/2021,24/03/2022,762,12,822
780,Voomm,11/07/2021,29/06/2021,553,484,921
781,Wordware,23/08/2021,31/10/2021,657,360,800
782,Meevee,18/04/2022,23/09/2021,557,844,793
783,Centidel,08/09/2021,13/06/2021,329,30,127
784,Camimbo,17/11/2021,02/03/2022,533,63,244
785,Jabbersphere,10/10/2021,02/10/2021,322,582,241
786,Ailane,05/11/2021,03/01/2022,958,515,903
787,Tambee,02/09/2021,02/01/2022,981,666,367
788,Skaboo,02/07/2021,06/10/2021,40,467,944
789,Quimba,20/10/2021,19/10/2021,9,801,464
790,Zava,07/03/2022,27/02/2022,142,873,796
791,Blogtag,15/04/2022,23/01/2022,712,516,871
792,Camimbo,12/09/2021,06/04/2022,844,715,169
793,Mudo,10/11/2021,11/03/2022,385,588,559
794,Trupe,12/06/2021,11/02/2022,452,793,908
795,DabZ,17/05/2022,15/01/2022,492,734,149
796,Abata,11/11/2021,04/04/2022,177,487,649
797,Digitube,09/03/2022,01/04/2022,783,89,654
798,Tagchat,15/01/2022,12/08/2021,696,324,592
799,Yamia,01/06/2022,05/12/2021,125,771,739
800,Wikizz,27/08/2021,11/12/2021,190,229,728
801,Jaxbean,14/09/2021,21/04/2022,135,392,738
802,Tanoodle,13/11/2021,01/12/2021,84,425,1000
803,Jaxworks,08/03/2022,04/06/2022,42,765,946
804,Zava,05/03/2022,07/03/2022,265,609,318
805,Buzzbean,02/02/2022,07/09/2021,942,644,278
806,Youbridge,04/08/2021,29/05/2022,170,899,716
807,Quimba,01/08/2021,17/12/2021,95,45,495
808,Latz,01/08/2021,20/02/2022,634,440,199
809,Rhynoodle,28/03/2022,28/01/2022,534,689,425
810,Kwinu,12/03/2022,02/10/2021,699,944,955
811,Zoombox,01/08/2021,02/08/2021,316,368,290
812,Mynte,25/04/2022,21/09/2021,817,108,28
813,Leenti,30/12/2021,10/08/2021,32,493,900
814,Tekfly,14/04/2022,20/12/2021,986,336,263
815,Babbleset,16/01/2022,24/06/2021,230,648,711
816,Yata,14/08/2021,20/01/2022,111,995,595
817,Shuffledrive,22/11/2021,18/07/2021,843,575,584
818,Meezzy,08/03/2022,19/07/2021,55,768,831
819,Jazzy,08/02/2022,02/04/2022,510,106,731
820,Voonyx,02/12/2021,20/11/2021,382,300,941
821,Feedmix,28/08/2021,28/12/2021,153,900,880
822,Skyvu,17/03/2022,27/03/2022,863,946,599
823,Flashpoint,14/01/2022,17/12/2021,47,17,323
824,Kaymbo,14/08/2021,11/07/2021,518,488,20
825,Edgeblab,20/10/2021,23/03/2022,802,408,234
826,Eamia,13/06/2021,18/03/2022,435,971,706
827,Vitz,27/05/2022,21/10/2021,171,741,501
828,Tagpad,11/02/2022,01/07/2021,105,782,57
829,Twitternation,17/08/2021,16/10/2021,984,670,312
830,Mydeo,20/12/2021,01/03/2022,513,11,516
831,Myworks,16/05/2022,20/09/2021,327,165,408
832,Topiclounge,02/07/2021,22/10/2021,578,540,683
833,Gigabox,21/08/2021,18/10/2021,48,938,776
834,Edgepulse,10/11/2021,23/01/2022,586,595,29
835,Linklinks,26/09/2021,03/01/2022,872,315,644
836,Zoonoodle,02/11/2021,23/02/2022,146,781,833
837,Twitterlist,08/03/2022,03/01/2022,133,154,305
838,Realcube,23/03/2022,23/01/2022,493,273,470
839,Riffpedia,05/07/2021,11/09/2021,999,838,163
840,Shuffledrive,19/11/2021,04/05/2022,547,919,870
841,Eadel,18/06/2021,27/09/2021,41,719,185
842,Agivu,27/04/2022,05/07/2021,138,607,755
843,Oyoloo,25/11/2021,13/08/2021,60,694,924
844,Quamba,02/06/2022,18/05/2022,128,925,929
845,Kwideo,08/05/2022,22/04/2022,494,964,620
846,Leexo,01/10/2021,20/04/2022,939,767,764
847,Photobug,22/07/2021,13/10/2021,650,192,637
848,Oyondu,19/04/2022,08/05/2022,940,348,319
849,Skyba,01/01/2022,15/03/2022,400,319,487
850,Jamia,01/06/2022,08/07/2021,225,81,562
851,Blognation,23/11/2021,10/12/2021,564,33,18
852,Dabvine,08/04/2022,06/07/2021,288,469,329
853,Blogpad,19/03/2022,27/10/2021,263,690,21
854,Tanoodle,21/12/2021,01/03/2022,213,810,912
855,Yombu,13/09/2021,28/02/2022,702,849,101
856,Vinder,10/05/2022,04/02/2022,93,518,394
857,Skipstorm,08/07/2021,09/11/2021,114,382,156
858,Yamia,16/11/2021,24/06/2021,955,362,424
859,Camimbo,18/05/2022,29/04/2022,972,788,438
860,Jaxspan,18/08/2021,01/05/2022,899,897,525
861,Flipopia,06/03/2022,29/12/2021,445,547,576
862,Geba,09/02/2022,07/01/2022,805,566,615
863,Skippad,04/05/2022,03/08/2021,215,753,195
864,DabZ,09/01/2022,22/02/2022,126,681,25
865,Trilia,06/01/2022,09/02/2022,970,573,326
866,Jaxbean,11/05/2022,05/11/2021,935,988,613
867,Dynazzy,19/12/2021,10/10/2021,990,310,746
868,Feedbug,18/10/2021,16/04/2022,790,993,905
869,Dabshots,18/03/2022,18/11/2021,268,441,403
870,Topiclounge,09/12/2021,11/05/2022,347,517,1
871,Agimba,26/09/2021,22/02/2022,814,543,657
872,Yombu,17/05/2022,02/07/2021,754,372,428
873,Dabjam,09/02/2022,10/06/2022,934,266,478
874,Fanoodle,10/05/2022,25/04/2022,301,965,327
875,Wikido,15/10/2021,25/05/2022,981,92,55
876,Kamba,15/10/2021,31/01/2022,123,379,402
877,Feedfire,21/09/2021,15/04/2022,722,185,936
878,Feedbug,26/08/2021,02/03/2022,851,230,457
879,Aivee,07/06/2022,20/10/2021,705,465,605
880,Lazz,02/09/2021,27/03/2022,729,450,23
881,Oyoba,12/08/2021,04/05/2022,555,70,202
882,Eadel,07/10/2021,13/07/2021,71,159,629
883,Topicware,16/12/2021,27/02/2022,9,758,475
884,Wikido,03/02/2022,13/07/2021,152,451,790
885,Realfire,01/08/2021,25/09/2021,715,760,19
886,Rhyzio,09/01/2022,17/05/2022,763,109,315
887,Demivee,10/09/2021,12/05/2022,343,541,118
888,Meevee,15/06/2021,12/03/2022,892,383,978
889,Tagopia,26/08/2021,11/11/2021,190,439,508
890,Skyndu,03/05/2022,01/04/2022,836,979,37
891,Geba,15/12/2021,31/01/2022,741,864,816
892,Avaveo,27/08/2021,15/08/2021,777,659,212
893,Teklist,19/08/2021,14/01/2022,68,548,437
894,Skilith,02/04/2022,10/12/2021,198,717,844
895,Brightbean,04/10/2021,10/09/2021,116,949,215
896,Feedfish,15/11/2021,19/11/2021,946,40,675
897,Wordpedia,03/01/2022,23/01/2022,652,434,762
898,Zazio,03/09/2021,23/07/2021,551,896,269
899,Roodel,12/10/2021,29/09/2021,732,889,765
900,Mudo,17/08/2021,20/12/2021,196,584,581
901,Feedfish,23/12/2021,30/10/2021,589,951,810
902,Wordpedia,16/03/2022,28/07/2021,894,739,922
903,Zoonder,25/07/2021,21/09/2021,905,115,233
904,Leenti,10/12/2021,02/07/2021,255,295,314
905,Oodoo,24/02/2022,20/05/2022,918,41,891
906,Eire,13/10/2021,17/07/2021,862,253,904
907,Zooxo,28/04/2022,18/12/2021,860,615,622
908,Ainyx,18/04/2022,11/09/2021,72,565,885
909,Katz,30/10/2021,27/04/2022,917,333,328
910,Quinu,20/10/2021,06/09/2021,103,495,573
911,Vipe,21/11/2021,05/10/2021,492,700,65
912,Youopia,18/02/2022,28/09/2021,539,53,534
913,Kamba,10/10/2021,30/03/2022,636,684,953
914,Skaboo,25/08/2021,24/06/2021,260,86,282
915,Edgeblab,23/11/2021,25/07/2021,710,744,682
916,Tagchat,12/06/2021,06/03/2022,350,762,960
917,Agivu,05/07/2021,18/05/2022,728,994,17
918,Npath,23/07/2021,27/11/2021,781,158,83
919,Nlounge,05/01/2022,15/12/2021,447,512,102
920,Edgepulse,20/07/2021,03/11/2021,530,664,97
921,Aivee,23/08/2021,09/05/2022,184,422,135
922,Browsecat,22/02/2022,09/01/2022,554,299,449
923,Browsetype,07/07/2021,04/11/2021,684,2,614
924,Pixope,07/12/2021,18/10/2021,504,151,688
925,Cogidoo,13/11/2021,06/08/2021,922,49,397
926,Yodo,26/12/2021,25/05/2022,273,602,802
927,Kwimbee,30/12/2021,07/11/2021,956,656,642
928,Flashpoint,19/11/2021,28/11/2021,697,374,621
929,Agivu,18/02/2022,24/04/2022,291,301,557
930,Brainlounge,13/10/2021,13/12/2021,954,567,400
931,Yombu,15/10/2021,24/11/2021,585,170,99
932,Quatz,10/05/2022,27/01/2022,832,377,606
933,Jazzy,05/03/2022,21/12/2021,563,840,448
934,Linkbuzz,25/08/2021,17/10/2021,610,874,291
935,Twitternation,28/04/2022,01/01/2022,405,776,103
936,Dynabox,14/04/2022,27/01/2022,924,62,705
937,Quaxo,24/06/2021,15/04/2022,451,121,524
938,Demimbu,05/10/2021,10/04/2022,807,423,33
939,Skyba,03/11/2021,30/03/2022,549,148,840
940,Vipe,31/10/2021,07/07/2021,202,32,845
941,Thoughtbridge,28/03/2022,05/05/2022,976,513,660
942,Voonder,05/09/2021,24/11/2021,829,464,821
943,Voonder,20/10/2021,23/03/2022,85,751,368
944,Twitterworks,24/03/2022,17/10/2021,219,636,122
945,Topicblab,01/12/2021,18/03/2022,958,57,361
946,Shufflester,26/11/2021,07/07/2021,243,117,771
947,Aimbu,18/11/2021,27/11/2021,797,378,890
948,Bluejam,16/01/2022,22/12/2021,115,226,672
949,Podcat,10/05/2022,07/01/2022,622,217,34
950,Quaxo,12/04/2022,15/02/2022,916,385,273
951,Mydeo,28/10/2021,01/07/2021,330,653,27
952,Voonte,15/01/2022,17/02/2022,231,800,724
953,Roomm,05/11/2021,28/08/2021,512,196,52
954,Plambee,22/02/2022,17/07/2021,292,813,344
955,Wordtune,12/05/2022,28/09/2021,283,647,113
956,Dabshots,03/06/2022,13/07/2021,452,386,970
957,Jaxbean,20/02/2022,27/06/2021,485,594,692
958,Meetz,15/12/2021,20/02/2022,617,718,183
959,Meezzy,01/06/2022,24/04/2022,890,181,997
960,Wordify,08/07/2021,21/12/2021,519,8,982
961,Eabox,31/10/2021,08/07/2021,472,775,718
962,Kwinu,02/08/2021,02/03/2022,130,127,546
963,Brainverse,13/12/2021,07/05/2022,597,901,781
964,Topicblab,30/10/2021,27/12/2021,840,561,41
965,Tanoodle,29/05/2022,30/08/2021,486,255,933
966,Photofeed,11/03/2022,23/10/2021,625,66,937
967,Wikido,11/04/2022,02/11/2021,910,618,9
968,Realcube,01/07/2021,22/05/2022,341,199,420
969,Innojam,20/04/2022,11/04/2022,473,384,255
970,Gabcube,08/07/2021,19/04/2022,947,436,393
971,Rhyloo,29/12/2021,22/09/2021,548,430,450
972,Jaxworks,12/12/2021,13/08/2021,338,277,741
973,Skajo,13/06/2021,09/09/2021,77,645,463
974,Latz,14/11/2021,30/11/2021,315,586,720
975,Voonder,31/12/2021,04/06/2022,264,826,538
976,Shuffletag,16/04/2022,23/06/2021,312,786,626
977,Oyoyo,30/03/2022,07/09/2021,160,823,963
978,Youopia,27/05/2022,30/06/2021,378,404,695
979,Blogtags,28/09/2021,05/09/2021,76,555,674
980,Livetube,09/08/2021,28/10/2021,449,1000,647
981,Layo,13/03/2022,22/03/2022,923,56,24
982,Jabberstorm,12/03/2022,04/02/2022,996,558,454
983,Flashdog,11/07/2021,12/04/2022,455,962,769
984,Jazzy,13/05/2022,16/04/2022,336,703,262
985,Eidel,25/05/2022,05/03/2022,701,574,708
986,Dablist,18/08/2021,20/03/2022,635,655,639
987,Skippad,23/05/2022,10/01/2022,440,613,486
988,Izio,20/06/2021,25/11/2021,187,213,572
989,Thoughtmix,17/09/2021,20/01/2022,911,976,373
990,Meeveo,08/12/2021,30/07/2021,977,916,464
991,Brainbox,18/06/2021,06/08/2021,96,665,919
992,Feedfish,06/11/2021,17/09/2021,482,597,920
993,Meevee,07/06/2022,29/07/2021,521,880,787
994,Brightbean,24/08/2021,30/09/2021,686,395,611
995,Jetpulse,18/09/2021,20/06/2021,771,603,577
996,Latz,08/01/2022,30/08/2021,985,863,80
997,Bubbletube,22/10/2021,12/03/2022,186,942,78
998,Jabberstorm,15/04/2022,11/07/2021,35,73,389
999,Wikibox,19/02/2022,18/03/2022,389,617,602
1000,Yakijo,11/04/2022,20/04/2022,90,794,54
