id,name,start_date,end_date,created_by,updated_by,dealer_id
1,Gevee,16/04/2022,14/04/2022,700,582,552
2,Jatri,05/08/2021,25/11/2021,732,442,390
3,Thoughtstorm,29/05/2022,21/01/2022,912,962,322
4,Zoonoodle,06/08/2021,06/11/2021,25,1000,561
5,Skibox,10/06/2022,28/03/2022,109,45,735
6,Zoonoodle,02/08/2021,01/03/2022,760,80,476
7,Aimbu,21/08/2021,24/01/2022,495,41,304
8,Dablist,05/06/2022,27/12/2021,236,887,795
9,Youspan,31/07/2021,08/04/2022,916,670,979
10,Zoombox,23/07/2021,22/03/2022,597,353,41
11,Katz,14/10/2021,31/12/2021,552,83,431
12,Twitternation,11/06/2022,24/04/2022,451,250,130
13,Meetz,04/02/2022,10/05/2022,48,813,267
14,Innojam,19/10/2021,26/06/2021,375,568,841
15,Twitterwire,04/01/2022,02/04/2022,574,849,611
16,Thoughtblab,10/01/2022,29/04/2022,11,726,283
17,Katz,05/11/2021,16/12/2021,147,445,902
18,Agivu,13/07/2021,26/09/2021,724,349,36
19,Snaptags,27/03/2022,24/03/2022,348,310,701
20,Devbug,25/08/2021,07/05/2022,305,683,374
21,Nlounge,24/03/2022,21/02/2022,676,769,635
22,Rhybox,14/01/2022,03/03/2022,550,224,257
23,Youspan,24/10/2021,30/07/2021,90,493,340
24,Topiclounge,27/02/2022,23/09/2021,35,573,513
25,Mynte,13/04/2022,18/09/2021,464,537,526
26,Oyope,02/08/2021,11/10/2021,110,745,661
27,Skyndu,28/08/2021,13/12/2021,963,267,488
28,Skivee,23/08/2021,23/04/2022,570,969,354
29,Yambee,13/03/2022,03/07/2021,765,488,66
30,Blogtags,14/06/2021,29/04/2022,785,304,838
31,Jabbersphere,02/12/2021,15/03/2022,158,847,430
32,Topicstorm,23/08/2021,01/08/2021,556,604,813
33,Lajo,10/01/2022,07/02/2022,771,362,43
34,Kanoodle,13/06/2021,21/01/2022,264,792,335
35,Wikivu,08/10/2021,08/01/2022,885,556,80
36,Dabvine,23/10/2021,05/09/2021,496,380,887
37,Jetwire,16/06/2021,28/04/2022,702,833,33
38,Yabox,06/04/2022,12/09/2021,140,55,349
39,Aivee,03/09/2021,11/05/2022,792,730,462
40,Skiptube,13/03/2022,18/02/2022,39,718,214
41,Oozz,02/11/2021,20/07/2021,529,703,909
42,Feedspan,25/03/2022,22/05/2022,584,142,900
43,Skaboo,30/05/2022,05/06/2022,621,280,918
44,Demizz,20/12/2021,06/09/2021,701,924,939
45,Flashspan,13/01/2022,09/09/2021,608,632,284
46,Aivee,05/04/2022,03/02/2022,962,626,718
47,Skiptube,13/04/2022,11/07/2021,62,303,501
48,Jamia,01/10/2021,21/09/2021,411,247,51
49,Pixoboo,24/12/2021,26/04/2022,721,562,300
50,Centimia,08/12/2021,27/08/2021,711,657,704
51,Topicstorm,02/07/2021,02/07/2021,10,900,822
52,Meevee,24/08/2021,30/12/2021,463,315,959
53,Tagfeed,16/04/2022,21/03/2022,5,681,330
54,Yata,30/08/2021,01/01/2022,851,811,792
55,Blogpad,08/10/2021,07/05/2022,660,422,953
56,Aivee,25/10/2021,30/08/2021,366,365,546
57,Cogilith,26/12/2021,10/03/2022,890,971,913
58,Vipe,09/04/2022,13/09/2021,477,891,650
59,Dabtype,03/02/2022,26/01/2022,30,527,524
60,Zoomdog,25/11/2021,10/12/2021,244,287,706
61,Gigaclub,31/03/2022,20/11/2021,928,766,565
62,Zooveo,01/06/2022,24/07/2021,820,197,685
63,Quinu,14/09/2021,25/09/2021,99,366,581
64,Wikibox,03/02/2022,12/07/2021,854,72,820
65,Einti,03/05/2022,06/04/2022,297,837,337
66,Kaymbo,02/03/2022,28/02/2022,583,608,642
67,Tambee,27/07/2021,08/12/2021,657,931,719
68,Tagchat,05/10/2021,31/01/2022,518,643,30
69,Wikizz,24/03/2022,19/08/2021,508,739,845
70,Brainverse,08/10/2021,05/03/2022,43,165,323
71,Fatz,08/06/2022,13/11/2021,407,33,871
72,Trilith,18/06/2021,21/01/2022,975,1,155
73,Devshare,09/02/2022,11/09/2021,797,273,669
74,Yoveo,11/12/2021,20/02/2022,634,417,615
75,Fivechat,14/06/2021,02/02/2022,649,194,435
76,Fivespan,04/01/2022,07/03/2022,351,929,817
77,Twinte,15/12/2021,29/01/2022,133,404,967
78,Skalith,12/09/2021,04/10/2021,833,774,935
79,Abata,12/03/2022,06/07/2021,886,732,775
80,Jatri,27/01/2022,06/10/2021,318,716,442
81,Jabberstorm,07/09/2021,16/10/2021,573,399,978
82,Dynabox,15/12/2021,16/02/2022,900,440,872
83,Trudoo,27/04/2022,29/07/2021,128,333,743
84,Eadel,16/02/2022,29/08/2021,710,176,930
85,Twiyo,20/06/2021,11/09/2021,860,541,358
86,Roodel,13/11/2021,21/02/2022,501,761,562
87,Oyonder,16/10/2021,22/07/2021,98,525,144
88,Skippad,03/10/2021,29/07/2021,500,861,44
89,Skalith,20/05/2022,30/09/2021,152,820,362
90,Kayveo,07/12/2021,11/10/2021,527,473,533
91,Zooveo,14/05/2022,22/06/2021,189,448,844
92,Quimba,28/12/2021,22/10/2021,693,644,784
93,Edgetag,09/02/2022,13/03/2022,697,976,518
94,Skippad,19/07/2021,02/12/2021,850,675,421
95,Kanoodle,27/01/2022,29/08/2021,172,385,742
96,Rhyloo,23/09/2021,04/08/2021,252,227,447
97,Quamba,12/03/2022,12/09/2021,29,57,396
98,Mycat,01/09/2021,12/11/2021,165,148,175
99,Linkbuzz,23/05/2022,13/09/2021,780,509,666
100,Eadel,27/10/2021,03/06/2022,66,86,84
101,Edgewire,23/03/2022,04/11/2021,766,799,495
102,Feedbug,10/01/2022,20/03/2022,807,690,164
103,Yacero,28/05/2022,24/02/2022,486,46,908
104,Gigaclub,26/01/2022,03/12/2021,222,459,250
105,Mycat,31/12/2021,17/03/2022,856,464,219
106,Zoomlounge,17/10/2021,02/11/2021,127,59,522
107,Fivespan,11/10/2021,04/02/2022,525,682,680
108,Dynava,10/11/2021,28/07/2021,240,453,307
109,Photojam,11/04/2022,20/10/2021,646,649,782
110,Yacero,18/12/2021,23/10/2021,69,435,457
111,Skyble,21/08/2021,14/05/2022,119,21,722
112,Oloo,04/01/2022,13/09/2021,80,603,384
113,Shufflester,15/01/2022,17/09/2021,720,323,320
114,Avamba,02/12/2021,19/02/2022,88,455,856
115,Oba,11/03/2022,13/05/2022,895,23,747
116,Blogtags,23/11/2021,20/12/2021,976,807,614
117,Devpulse,22/11/2021,14/02/2022,247,87,876
118,Jaxnation,13/02/2022,13/06/2021,498,318,545
119,Skyble,12/03/2022,25/08/2021,540,243,94
120,Shufflester,22/07/2021,25/03/2022,73,652,729
121,Bubbletube,05/09/2021,23/05/2022,323,375,514
122,Zoombox,07/03/2022,29/10/2021,936,360,608
123,Mydeo,10/03/2022,15/08/2021,503,916,807
124,Gabtype,03/07/2021,26/09/2021,908,231,509
125,Latz,19/06/2021,08/08/2021,750,195,801
126,Eayo,03/11/2021,27/02/2022,426,991,632
127,Jatri,31/05/2022,02/08/2021,302,126,199
128,Abatz,23/02/2022,27/03/2022,167,823,95
129,Edgetag,24/09/2021,07/03/2022,51,410,224
130,Kayveo,12/02/2022,28/12/2021,101,324,869
131,Livepath,19/12/2021,20/07/2021,260,805,166
132,Babbleopia,02/05/2022,05/01/2022,862,610,767
133,Browsedrive,13/02/2022,28/10/2021,755,787,828
134,DabZ,22/05/2022,05/04/2022,47,808,861
135,DabZ,26/05/2022,13/11/2021,92,878,765
136,Cogilith,10/05/2022,13/05/2022,331,43,731
137,Brainverse,28/03/2022,24/05/2022,631,98,139
138,Rhyzio,17/09/2021,28/08/2021,26,16,364
139,Wordpedia,03/01/2022,17/09/2021,642,634,191
140,Zoomzone,13/03/2022,23/04/2022,405,146,829
141,Quaxo,03/04/2022,17/09/2021,653,572,620
142,Buzzster,04/02/2022,11/11/2021,250,928,808
143,Thoughtmix,14/02/2022,04/05/2022,299,76,785
144,Plambee,13/11/2021,18/04/2022,746,136,806
145,Skajo,13/04/2022,08/05/2022,234,320,746
146,Skilith,18/10/2021,22/08/2021,395,284,485
147,Quatz,05/03/2022,25/04/2022,95,780,500
148,Dabfeed,30/07/2021,03/07/2021,205,528,464
149,Camimbo,08/05/2022,27/05/2022,622,96,927
150,Topicblab,12/04/2022,13/01/2022,462,144,943
151,Dabtype,28/01/2022,02/03/2022,921,469,714
152,Voomm,26/09/2021,03/01/2022,16,28,246
153,Gabspot,28/02/2022,03/05/2022,896,693,343
154,Fadeo,20/11/2021,26/06/2021,623,118,903
155,Meevee,13/06/2021,07/12/2021,20,189,626
156,Innotype,27/06/2021,01/11/2021,687,299,486
157,Babbleblab,13/04/2022,03/07/2021,637,589,381
158,Skinix,29/09/2021,25/12/2021,831,864,265
159,Skibox,08/02/2022,20/05/2022,875,983,446
160,Topicstorm,02/12/2021,13/03/2022,656,633,237
161,Skidoo,19/07/2021,29/07/2021,816,470,761
162,Skyba,16/07/2021,21/07/2021,661,535,437
163,Rhyzio,02/03/2022,14/09/2021,388,511,964
164,Realcube,14/08/2021,08/04/2022,18,147,867
165,Buzzshare,17/06/2021,12/03/2022,400,254,221
166,Aimbo,09/08/2021,11/10/2021,558,475,985
167,Leenti,28/02/2022,07/11/2021,739,109,11
168,Flashspan,26/03/2022,10/12/2021,361,67,45
169,Youopia,19/02/2022,06/09/2021,663,192,952
170,Zoonoodle,18/09/2021,04/08/2021,251,699,207
171,Realblab,24/06/2021,26/12/2021,276,309,911
172,Agivu,29/07/2021,05/02/2022,359,276,113
173,Edgeclub,09/09/2021,24/04/2022,952,91,85
174,Flipopia,26/07/2021,29/07/2021,225,742,161
175,Devpulse,31/01/2022,06/10/2021,453,293,891
176,Ailane,30/08/2021,26/04/2022,945,70,86
177,Rooxo,30/07/2021,11/03/2022,296,132,425
178,Nlounge,22/11/2021,29/08/2021,406,530,440
179,Tagopia,27/03/2022,19/09/2021,171,329,242
180,Youopia,25/01/2022,20/02/2022,753,647,687
181,Ntag,03/03/2022,07/03/2022,457,246,510
182,Dabtype,27/11/2021,11/06/2022,677,259,385
183,Jabbertype,03/12/2021,22/08/2021,751,788,987
184,Voomm,23/04/2022,05/01/2022,308,853,982
185,Skiptube,07/02/2022,13/06/2021,838,114,158
186,Browsecat,02/07/2021,04/06/2022,474,312,72
187,Kare,22/07/2021,30/10/2021,194,587,857
188,Skiba,02/12/2021,01/06/2022,134,151,19
189,Ailane,25/12/2021,12/11/2021,418,557,274
190,Aivee,22/12/2021,21/02/2022,142,700,286
191,Buzzshare,09/01/2022,14/05/2022,28,451,256
192,Tazz,25/09/2021,31/12/2021,934,534,905
193,Rhycero,11/04/2022,09/08/2021,301,910,460
194,Brainbox,10/02/2022,17/01/2022,377,433,674
195,Jatri,10/01/2022,28/02/2022,259,909,404
196,Lazzy,30/04/2022,21/11/2021,563,190,339
197,Browsetype,29/07/2021,14/10/2021,914,414,108
198,Zooveo,03/10/2021,18/12/2021,779,906,312
199,Aimbu,03/03/2022,14/12/2021,246,728,549
200,Youspan,08/08/2021,19/02/2022,241,547,625
201,Ntags,26/08/2021,24/11/2021,258,370,925
202,Ozu,25/07/2021,12/12/2021,932,314,595
203,Realcube,07/10/2021,09/08/2021,489,110,77
204,Quatz,18/08/2021,13/03/2022,281,575,802
205,Kimia,22/01/2022,07/02/2022,115,209,467
206,Wordify,20/02/2022,05/07/2021,727,912,740
207,Jetwire,15/05/2022,24/01/2022,249,97,402
208,Jabbercube,26/11/2021,18/04/2022,907,669,261
209,Twitterlist,10/07/2021,22/06/2021,283,613,956
210,Mydeo,08/10/2021,11/07/2021,333,998,957
211,Dynazzy,08/09/2021,05/12/2021,21,894,670
212,Tagfeed,21/01/2022,14/02/2022,327,947,461
213,Pixoboo,29/01/2022,12/07/2021,591,26,156
214,Mynte,29/08/2021,19/11/2021,596,577,182
215,Centizu,04/12/2021,18/07/2021,683,995,146
216,Twitterbeat,10/07/2021,31/03/2022,917,896,863
217,Jaxbean,31/01/2022,26/09/2021,882,220,955
218,Yakitri,21/04/2022,25/06/2021,547,42,926
219,Browsedrive,13/06/2021,15/09/2021,328,674,154
220,Meejo,06/12/2021,22/08/2021,971,477,443
221,Trupe,04/02/2022,01/03/2022,335,275,103
222,Mudo,17/11/2021,25/03/2022,575,90,693
223,Yombu,26/08/2021,17/10/2021,658,77,178
224,Trudeo,02/09/2021,19/02/2022,153,581,348
225,Skinix,16/05/2022,14/12/2021,564,883,659
226,Vimbo,17/06/2021,28/06/2021,673,127,174
227,Zava,14/02/2022,15/08/2021,154,344,788
228,Ainyx,24/02/2022,04/12/2021,195,436,567
229,Jaloo,16/03/2022,27/03/2022,371,3,148
230,Skinder,30/05/2022,29/10/2021,870,154,498
231,Janyx,12/12/2021,06/05/2022,645,859,189
232,Quimba,03/10/2021,05/09/2021,431,676,273
233,Meejo,17/08/2021,28/01/2022,148,616,176
234,Jabberbean,26/07/2021,26/05/2022,22,162,587
235,Demimbu,15/11/2021,30/01/2022,173,22,134
236,Thoughtmix,21/09/2021,11/12/2021,593,639,609
237,Skipfire,16/05/2022,15/04/2022,672,200,570
238,Devcast,18/12/2021,07/12/2021,320,953,315
239,Skyvu,30/11/2021,04/06/2022,216,37,338
240,Realcube,05/06/2022,21/12/2021,245,460,445
241,Layo,10/07/2021,27/06/2021,722,161,598
242,Agimba,18/06/2021,22/02/2022,141,510,613
243,Jaxnation,15/04/2022,14/01/2022,511,465,819
244,Jaloo,06/01/2022,13/11/2021,253,170,997
245,Twitterbeat,09/08/2021,02/01/2022,729,905,592
246,Rhyloo,27/06/2021,21/04/2022,469,129,599
247,Jayo,11/04/2022,20/04/2022,665,919,324
248,Skaboo,23/08/2021,17/03/2022,756,939,551
249,Edgetag,08/03/2022,29/07/2021,905,590,245
250,Jabberstorm,06/04/2022,19/04/2022,193,711,125
251,Camido,22/08/2021,20/04/2022,292,903,637
252,Mymm,11/05/2022,05/04/2022,978,920,854
253,Topicshots,02/02/2022,17/09/2021,958,88,811
254,Eayo,24/02/2022,01/11/2021,105,341,756
255,Realbuzz,12/06/2021,02/08/2021,619,889,438
256,Eayo,26/08/2021,05/05/2022,430,801,664
257,Tagtune,28/01/2022,26/10/2021,396,9,453
258,Abatz,15/11/2021,15/12/2021,592,663,372
259,Feedbug,23/06/2021,29/04/2022,439,383,553
260,Kazu,20/05/2022,12/02/2022,995,630,47
261,Yozio,01/11/2021,28/06/2021,183,116,423
262,Blogtags,08/03/2022,04/05/2022,491,673,334
263,Pixonyx,02/04/2022,09/04/2022,745,156,258
264,Skiba,27/10/2021,09/07/2021,232,317,313
265,Trudoo,11/03/2022,06/10/2021,892,458,849
266,Photobug,26/05/2022,10/08/2021,325,934,123
267,Browsebug,09/11/2021,19/08/2021,13,471,26
268,Snaptags,25/08/2021,13/03/2022,145,852,391
269,Mybuzz,28/06/2021,09/09/2021,1,479,260
270,Flashpoint,22/03/2022,02/10/2021,989,252,414
271,Vinder,07/09/2021,07/08/2021,805,377,429
272,Jaxbean,23/01/2022,22/05/2022,461,438,971
273,Digitube,20/10/2021,17/05/2022,909,27,7
274,Topicware,24/02/2022,05/02/2022,257,217,371
275,Feedfire,15/07/2021,01/02/2022,938,191,17
276,Kanoodle,22/12/2021,14/08/2021,790,650,49
277,Youfeed,11/01/2022,04/04/2022,685,124,555
278,Izio,30/06/2021,29/03/2022,544,937,616
279,Gabtype,17/01/2022,16/03/2022,144,32,949
280,Blogtags,27/01/2022,21/05/2022,200,478,975
281,Zoombox,06/12/2021,28/11/2021,740,944,475
282,Bubbletube,19/07/2021,21/01/2022,927,977,645
283,Avavee,04/10/2021,12/08/2021,31,495,294
284,Trupe,26/03/2022,09/02/2022,586,112,705
285,Feedbug,13/09/2021,02/11/2021,86,551,839
286,Trudeo,08/02/2022,25/11/2021,497,908,215
287,Podcat,27/03/2022,17/09/2021,287,940,65
288,Shufflester,13/01/2022,08/03/2022,734,111,759
289,Kazio,07/10/2021,26/05/2022,160,48,791
290,Zava,15/09/2021,04/10/2021,57,845,111
291,Tagtune,08/10/2021,26/03/2022,607,81,403
292,Snaptags,21/04/2022,09/01/2022,102,271,603
293,Leenti,05/01/2022,18/05/2022,50,82,64
294,Teklist,26/03/2022,02/04/2022,353,923,82
295,Pixoboo,12/11/2021,24/02/2022,902,182,769
296,Vinder,09/09/2021,01/05/2022,925,219,272
297,Wikizz,17/10/2021,05/07/2021,364,141,707
298,Skaboo,17/10/2021,31/10/2021,843,150,738
299,Youtags,29/03/2022,19/04/2022,345,844,243
300,Dynazzy,16/04/2022,25/11/2021,549,396,657
301,Meemm,13/03/2022,07/03/2022,670,605,288
302,Meezzy,26/08/2021,27/04/2022,368,867,732
303,Photofeed,12/02/2022,21/12/2021,217,261,252
304,Realmix,20/03/2022,03/12/2021,9,804,557
305,Wikizz,06/07/2021,17/05/2022,823,637,696
306,Devbug,03/03/2022,22/12/2021,776,387,675
307,Kazio,30/05/2022,28/04/2022,708,899,796
308,Meejo,22/10/2021,24/02/2022,600,839,171
309,Zoomlounge,04/02/2022,16/08/2021,894,139,375
310,Mymm,03/07/2021,18/06/2021,674,702,724
311,Yakidoo,29/03/2022,13/11/2021,643,684,823
312,Kayveo,03/08/2021,11/04/2022,923,680,101
313,Devshare,01/05/2022,28/07/2021,786,615,878
314,Jatri,15/10/2021,12/09/2021,666,339,58
315,Roomm,12/05/2022,30/07/2021,404,84,478
316,Meevee,12/11/2021,06/10/2021,884,14,306
317,Skinte,01/05/2022,26/05/2022,107,640,596
318,Miboo,11/10/2021,21/06/2021,449,714,303
319,Wikibox,21/09/2021,15/07/2021,215,446,602
320,Photolist,16/10/2021,15/01/2022,450,480,336
321,Quimm,23/08/2021,15/03/2022,458,874,904
322,Innojam,13/03/2022,28/08/2021,562,409,593
323,Quimba,09/03/2022,23/10/2021,654,781,40
324,Thoughtstorm,31/01/2022,16/08/2021,441,594,53
325,Zoombox,19/03/2022,23/05/2022,409,107,973
326,Zoonoodle,21/11/2021,02/12/2021,32,656,436
327,Yakidoo,08/01/2022,02/04/2022,535,357,835
328,Rhynyx,07/10/2021,07/08/2021,129,371,834
329,Ntags,13/08/2021,26/11/2021,614,648,493
330,Jayo,22/07/2021,07/04/2022,506,427,837
331,Livetube,13/01/2022,09/09/2021,416,996,539
332,Meemm,14/05/2022,03/07/2021,659,137,618
333,Meembee,03/03/2022,14/11/2021,772,598,840
334,Jabbertype,10/10/2021,29/10/2021,2,391,140
335,Twitterwire,29/07/2021,19/09/2021,641,641,886
336,Jayo,09/02/2022,02/06/2022,788,668,826
337,Feedfish,26/12/2021,10/05/2022,675,621,361
338,Quatz,27/09/2021,08/11/2021,83,251,168
339,Twinder,16/05/2022,02/03/2022,876,461,131
340,Vitz,20/05/2022,11/02/2022,33,925,901
341,Ntag,20/08/2021,04/05/2022,707,272,291
342,Centimia,12/01/2022,13/08/2021,262,763,556
343,Feedspan,23/11/2021,21/01/2022,567,234,889
344,Eabox,17/05/2022,04/02/2022,948,954,868
345,Linktype,20/05/2022,16/12/2021,317,420,1000
346,Trupe,04/04/2022,11/05/2022,798,213,206
347,Zazio,18/07/2021,06/12/2021,188,121,676
348,Devpulse,16/04/2022,15/11/2021,576,369,68
349,Linktype,13/12/2021,12/12/2021,401,750,569
350,Edgepulse,04/08/2021,03/11/2021,470,658,78
351,Bubblemix,14/09/2021,21/07/2021,680,408,439
352,Leenti,28/09/2021,27/07/2021,423,486,418
353,Kazu,21/03/2022,24/05/2022,435,336,366
354,Tagpad,12/01/2022,14/06/2021,735,305,367
355,Fiveclub,19/10/2021,19/06/2021,878,611,61
356,Roombo,30/05/2022,03/11/2021,339,970,73
357,Wordpedia,12/11/2021,17/06/2021,837,432,368
358,Yodoo,14/04/2022,25/04/2022,97,552,14
359,Skibox,07/06/2022,18/04/2022,321,539,52
360,Jaxworks,21/11/2021,24/07/2021,620,278,683
361,Jabbercube,17/05/2022,07/03/2022,235,281,138
362,Oloo,12/01/2022,05/08/2021,381,536,469
363,Voomm,28/03/2022,30/03/2022,650,155,311
364,Livepath,19/06/2021,02/03/2022,268,754,572
365,Digitube,29/04/2022,11/07/2021,284,331,270
366,Bluezoom,16/06/2021,23/09/2021,782,158,830
367,Gigabox,30/04/2022,20/11/2021,590,345,412
368,Trupe,03/01/2022,13/06/2021,3,628,448
369,Twitterbridge,25/09/2021,21/04/2022,476,285,720
370,Twitternation,14/05/2022,12/05/2022,773,627,564
371,Linkbridge,01/01/2022,24/04/2022,282,52,772
372,Shufflebeat,05/06/2022,23/10/2021,686,646,610
373,Teklist,17/10/2021,22/06/2021,295,662,960
374,Browseblab,23/02/2022,15/05/2022,667,506,347
375,Kwimbee,20/11/2021,05/02/2022,358,836,365
376,Katz,11/03/2022,02/09/2021,998,6,112
377,Livetube,28/04/2022,05/11/2021,604,932,755
378,Thoughtstorm,15/02/2022,01/11/2021,17,457,266
379,Tagtune,12/07/2021,11/03/2022,610,907,919
380,Wikibox,26/07/2021,27/04/2022,344,895,282
381,Digitube,03/02/2022,01/04/2022,303,533,656
382,Gabspot,14/10/2021,29/07/2021,212,592,882
383,Bluezoom,25/07/2021,15/10/2021,163,828,805
384,Trunyx,27/02/2022,30/10/2021,255,388,604
385,Trunyx,17/02/2022,09/11/2021,942,898,818
386,Browseblab,07/10/2021,23/08/2021,833,576,924
387,Wikido,12/11/2021,04/01/2022,326,987,612
388,JumpXS,26/02/2022,29/01/2022,920,803,682
389,Innojam,17/09/2021,23/12/2021,710,623,480
390,Skipstorm,02/11/2021,13/12/2021,338,430,222
391,Bubbletube,10/09/2021,14/04/2022,522,705,799
392,Leenti,01/03/2022,02/06/2022,235,238,363
393,Agivu,11/09/2021,26/11/2021,296,327,782
394,Realmix,26/04/2022,18/03/2022,476,163,895
395,Tagcat,07/04/2022,05/02/2022,418,734,777
396,Cogilith,17/08/2021,19/01/2022,660,441,194
397,Aimbu,22/08/2021,02/06/2022,511,911,152
398,Kamba,26/01/2022,29/03/2022,686,94,531
399,Kazio,07/07/2021,08/05/2022,339,378,312
400,Reallinks,22/06/2021,27/03/2022,526,199,818
401,Topiczoom,21/03/2022,16/11/2021,24,752,384
402,Edgeclub,04/12/2021,17/11/2021,72,921,808
403,Brightdog,22/07/2021,16/10/2021,550,510,615
404,Trilia,12/11/2021,05/01/2022,187,892,399
405,Zava,16/10/2021,02/03/2022,925,849,271
406,Livetube,08/03/2022,11/01/2022,972,23,374
407,Gabcube,02/12/2021,28/06/2021,698,105,144
408,Tekfly,04/01/2022,30/06/2021,944,887,284
409,Dynava,09/11/2021,23/12/2021,601,533,891
410,Skidoo,29/08/2021,02/08/2021,41,275,482
411,Fiveclub,14/09/2021,17/04/2022,714,204,86
412,Quaxo,03/04/2022,14/07/2021,960,35,797
413,Blogtag,25/11/2021,23/09/2021,10,965,941
414,Jaxbean,05/08/2021,18/07/2021,913,322,161
415,Aimbu,20/05/2022,01/09/2021,355,132,617
416,Meemm,02/05/2022,21/08/2021,401,701,233
417,Vinte,27/08/2021,23/03/2022,17,597,206
418,Wikibox,25/01/2022,27/09/2021,720,796,201
419,Babblestorm,13/02/2022,17/01/2022,623,904,361
420,Mymm,13/01/2022,04/08/2021,247,991,802
421,Feedspan,08/06/2022,16/09/2021,60,190,9
422,Photospace,09/07/2021,24/11/2021,177,642,789
423,Topicware,07/05/2022,22/07/2021,586,542,422
424,Rhybox,15/03/2022,17/10/2021,100,319,544
425,Jetpulse,20/03/2022,09/06/2022,354,118,94
426,Skalith,05/08/2021,25/11/2021,105,715,514
427,Twiyo,01/05/2022,09/07/2021,110,757,252
428,Zoozzy,26/06/2021,24/07/2021,506,236,660
429,Realfire,12/02/2022,17/05/2022,182,278,707
430,Yacero,19/07/2021,27/04/2022,452,357,653
431,Pixonyx,11/06/2022,06/12/2021,25,551,66
432,Cogilith,12/12/2021,25/05/2022,428,933,889
433,Camimbo,22/05/2022,07/02/2022,224,230,475
434,Meezzy,18/11/2021,17/10/2021,825,864,755
435,Zoomzone,15/05/2022,25/01/2022,63,885,534
436,Browsedrive,04/03/2022,26/05/2022,42,511,34
437,Ntag,07/04/2022,02/09/2021,303,502,728
438,Centizu,15/11/2021,20/09/2021,273,717,446
439,Meembee,01/09/2021,07/04/2022,88,268,288
440,Skinte,01/05/2022,22/01/2022,665,363,182
441,BlogXS,07/05/2022,29/07/2021,309,495,576
442,Riffpedia,03/12/2021,01/08/2021,196,910,527
443,Tagpad,17/02/2022,07/01/2022,822,248,495
444,Buzzshare,26/09/2021,03/07/2021,90,330,308
445,Gabvine,27/09/2021,29/10/2021,86,131,641
446,Aibox,13/02/2022,05/12/2021,733,404,500
447,Vitz,02/09/2021,21/07/2021,906,686,145
448,Realcube,09/02/2022,27/09/2021,735,507,852
449,Skivee,14/02/2022,22/10/2021,393,926,965
450,Aivee,28/03/2022,22/06/2021,525,298,72
451,Babbleset,24/02/2022,21/09/2021,353,606,661
452,Chatterpoint,02/03/2022,25/01/2022,790,993,174
453,Digitube,16/02/2022,21/05/2022,359,736,153
454,Fivechat,12/01/2022,17/06/2021,54,964,978
455,Oyonder,10/11/2021,08/06/2022,604,966,947
456,Wordify,24/08/2021,24/09/2021,650,488,811
457,Fivespan,10/01/2022,16/06/2021,281,762,695
458,Skibox,04/12/2021,18/03/2022,701,101,950
459,Yabox,28/07/2021,20/05/2022,952,29,676
460,Aivee,15/12/2021,19/07/2021,135,812,603
461,Oodoo,13/10/2021,26/04/2022,356,827,558
462,Ainyx,26/12/2021,22/05/2022,252,928,315
463,Yotz,10/02/2022,15/12/2021,543,300,167
464,Twitterbridge,05/07/2021,13/09/2021,573,22,511
465,Leenti,06/12/2021,04/11/2021,137,613,678
466,Midel,09/12/2021,12/07/2021,29,621,239
467,Twinte,10/06/2022,11/01/2022,237,367,369
468,Skajo,25/05/2022,07/09/2021,67,622,518
469,Skyba,22/06/2021,11/10/2021,490,589,739
470,Tagtune,22/04/2022,01/06/2022,23,782,246
471,Skivee,30/12/2021,19/10/2021,813,976,787
472,Quamba,12/06/2021,12/04/2022,941,228,196
473,Twitterworks,27/09/2021,10/08/2021,138,359,280
474,Twitterwire,15/06/2021,24/08/2021,753,645,164
475,Devcast,30/06/2021,28/06/2021,449,544,604
476,Browsetype,06/11/2021,04/03/2022,389,449,50
477,Oyoba,25/12/2021,28/07/2021,18,463,96
478,Zava,08/12/2021,24/02/2022,923,710,95
479,Skyba,19/06/2021,18/05/2022,216,295,575
480,Topdrive,04/07/2021,15/10/2021,846,764,765
481,Katz,30/08/2021,15/12/2021,147,172,874
482,LiveZ,17/09/2021,14/09/2021,14,67,240
483,Riffpedia,22/06/2021,05/09/2021,385,728,74
484,Browsezoom,19/05/2022,05/12/2021,402,382,459
485,Shufflester,31/12/2021,30/07/2021,801,711,914
486,Fliptune,29/12/2021,15/08/2021,407,547,328
487,Zoomdog,14/09/2021,04/08/2021,191,714,272
488,Tanoodle,26/09/2021,18/11/2021,639,250,362
489,Browsecat,18/04/2022,25/03/2022,186,798,651
490,Bluezoom,09/01/2022,23/09/2021,899,456,387
491,Mynte,29/08/2021,23/04/2022,855,582,403
492,Oodoo,20/12/2021,15/06/2021,542,209,234
493,Bluezoom,27/01/2022,26/04/2022,721,441,214
494,Ooba,04/04/2022,15/10/2021,661,352,138
495,Shufflebeat,21/06/2021,14/03/2022,46,414,662
496,Twinte,12/03/2022,25/12/2021,478,425,722
497,Trupe,01/11/2021,18/01/2022,986,253,59
498,Eabox,30/05/2022,09/07/2021,40,70,351
499,Photofeed,17/04/2022,23/01/2022,974,594,790
500,Feedmix,24/01/2022,25/11/2021,372,386,971
501,Skinder,07/10/2021,02/04/2022,375,707,105
502,Vinte,05/04/2022,08/03/2022,896,995,126
503,Blognation,21/04/2022,15/05/2022,299,336,249
504,Photobean,26/01/2022,05/10/2021,382,407,212
505,Eadel,03/10/2021,11/11/2021,35,957,377
506,Gigashots,11/11/2021,26/01/2022,395,351,925
507,Agivu,20/02/2022,26/01/2022,787,335,6
508,Twinder,08/06/2022,25/01/2022,59,157,49
509,Feedmix,12/04/2022,10/10/2021,809,61,333
510,Mynte,07/02/2022,13/02/2022,910,917,796
511,Realmix,23/11/2021,30/03/2022,892,790,373
512,Pixope,21/02/2022,26/02/2022,818,246,738
513,Skyvu,10/07/2021,15/09/2021,366,37,997
514,Tazzy,17/07/2021,27/06/2021,69,907,143
515,Snaptags,27/11/2021,18/12/2021,656,21,960
516,Gigaclub,26/03/2022,14/05/2022,644,59,931
517,Kwilith,20/04/2022,07/06/2022,199,918,270
518,Skimia,14/12/2021,14/05/2022,124,619,744
519,Oyoba,07/10/2021,02/01/2022,663,731,329
520,Tekfly,08/01/2022,01/10/2021,98,635,457
521,Oyonder,09/11/2021,26/11/2021,679,328,81
522,Jaxbean,04/01/2022,15/12/2021,314,927,408
523,Ozu,25/01/2022,10/02/2022,496,81,524
524,Jayo,17/08/2021,28/02/2022,649,291,251
525,Devify,02/09/2021,25/01/2022,442,116,803
526,Eire,24/04/2022,10/03/2022,134,916,665
527,Livetube,17/02/2022,22/10/2021,405,609,89
528,Jabbersphere,23/09/2021,02/12/2021,62,128,55
529,Quamba,21/12/2021,23/06/2021,560,389,621
530,Chatterbridge,04/05/2022,30/01/2022,685,934,132
531,Quimm,24/09/2021,08/03/2022,773,485,146
532,Blogpad,09/10/2021,29/10/2021,332,93,648
533,Tagcat,22/09/2021,10/10/2021,975,509,923
534,Skinder,19/10/2021,18/03/2022,538,206,26
535,Blogspan,04/01/2022,14/08/2021,840,74,406
536,Yakidoo,03/05/2022,12/06/2021,959,325,248
537,Mynte,31/10/2021,23/02/2022,956,842,216
538,Avamm,13/06/2021,22/10/2021,757,971,412
539,Dynabox,05/09/2021,27/09/2021,75,742,496
540,Dablist,28/09/2021,01/10/2021,957,601,116
541,Zoovu,11/09/2021,09/11/2021,461,468,847
542,Voonte,11/09/2021,11/03/2022,440,273,82
543,Realbuzz,26/11/2021,18/03/2022,308,894,490
544,Oyonder,23/06/2021,15/05/2022,120,96,645
545,InnoZ,07/12/2021,30/09/2021,830,552,733
546,InnoZ,27/07/2021,16/12/2021,562,531,702
547,Fadeo,02/03/2022,25/11/2021,386,466,968
548,Feedmix,03/10/2021,01/06/2022,867,12,953
549,Jamia,28/12/2021,03/04/2022,256,813,792
550,Flipstorm,22/12/2021,13/05/2022,748,368,590
551,Gigaclub,04/03/2022,10/09/2021,868,324,557
552,Twitterbeat,14/01/2022,06/11/2021,953,264,421
553,Skalith,20/04/2022,22/03/2022,697,348,293
554,Photofeed,04/04/2022,05/12/2021,647,430,47
555,Browsebug,30/10/2021,11/07/2021,74,874,675
556,Mydo,31/05/2022,03/02/2022,465,122,173
557,Meejo,29/10/2021,17/05/2022,516,837,528
558,Twitterwire,07/10/2021,29/07/2021,853,220,79
559,Thoughtbridge,15/02/2022,15/08/2021,676,51,267
560,Voonix,08/02/2022,20/08/2021,937,553,812
561,Roombo,17/10/2021,17/09/2021,104,604,303
562,Jazzy,31/01/2022,23/04/2022,613,788,771
563,Babbleset,26/02/2022,20/02/2022,399,337,666
564,Twiyo,03/07/2021,17/12/2021,675,108,533
565,Kimia,30/05/2022,25/09/2021,358,703,84
566,Voonte,23/03/2022,22/07/2021,275,562,596
567,Brainbox,01/09/2021,07/01/2022,565,197,12
568,Abatz,26/03/2022,16/07/2021,981,20,357
569,Brightdog,10/12/2021,23/06/2021,294,555,959
570,Skyba,23/06/2021,31/01/2022,287,378,887
571,Pixope,06/03/2022,19/12/2021,432,317,727
572,Wikibox,17/07/2021,30/10/2021,878,87,441
573,Devbug,02/11/2021,18/04/2022,70,716,464
574,Ozu,18/12/2021,18/04/2022,919,919,689
575,Ntag,03/01/2022,14/10/2021,160,616,390
576,Trupe,05/05/2022,24/01/2022,606,439,692
577,Skyba,07/07/2021,05/06/2022,501,423,564
578,Thoughtbridge,05/07/2021,26/10/2021,915,134,906
579,Yozio,06/10/2021,29/04/2022,129,811,301
580,Skidoo,04/06/2022,22/02/2022,993,153,410
581,Blognation,16/02/2022,01/05/2022,996,139,242
582,Feedmix,25/05/2022,20/09/2021,337,65,151
583,Mycat,14/02/2022,17/04/2022,156,785,574
584,Browseblab,04/07/2021,10/09/2021,730,39,16
585,Fanoodle,19/11/2021,25/12/2021,970,591,355
586,Layo,13/07/2021,12/12/2021,988,584,567
587,Trudoo,30/01/2022,28/11/2021,546,151,753
588,Skalith,23/03/2022,16/04/2022,484,687,563
589,Divanoodle,29/08/2021,08/09/2021,142,276,938
590,Wikibox,31/05/2022,29/12/2021,284,563,616
591,Oyoyo,04/06/2022,11/07/2021,984,47,292
592,Jayo,18/11/2021,04/01/2022,898,801,108
593,Realcube,30/06/2021,03/10/2021,834,474,46
594,Yodoo,07/11/2021,12/01/2022,530,234,863
595,Zoomzone,23/01/2022,26/02/2022,414,663,985
596,Trudeo,22/12/2021,31/08/2021,654,69,730
597,Myworks,02/01/2022,21/01/2022,158,722,379
598,Linklinks,26/07/2021,04/03/2022,895,805,260
599,Skyble,15/08/2021,16/06/2021,558,888,530
600,Wordpedia,11/05/2022,06/02/2022,754,879,176
601,Katz,16/09/2021,21/07/2021,943,948,741
602,Brainsphere,19/12/2021,25/11/2021,297,520,107
603,Eamia,16/08/2021,14/02/2022,167,990,279
604,Trudoo,11/01/2022,24/07/2021,683,632,671
605,Wikizz,08/01/2022,21/11/2021,420,792,639
606,Livetube,16/09/2021,13/08/2021,458,479,323
607,Jabberstorm,30/01/2022,25/10/2021,181,78,652
608,Photospace,02/12/2021,16/07/2021,615,942,275
609,Wikivu,09/11/2021,16/06/2021,271,161,683
610,Wikizz,11/02/2022,01/11/2021,265,402,104
611,Centizu,22/03/2022,26/05/2022,624,286,440
612,Yodoo,28/07/2021,21/10/2021,65,872,912
613,Topicstorm,01/06/2022,16/05/2022,847,383,628
614,Tagopia,09/04/2022,21/02/2022,168,876,545
615,Skalith,20/12/2021,19/05/2022,78,201,908
616,Zoovu,10/08/2021,27/02/2022,760,982,709
617,Vitz,29/04/2022,23/04/2022,85,914,853
618,Meevee,19/02/2022,24/01/2022,219,141,659
619,Fivebridge,29/01/2022,02/07/2021,764,360,800
620,Twitternation,18/11/2021,22/04/2022,583,950,394
621,Avamm,08/01/2022,21/01/2022,144,355,186
622,Mybuzz,11/01/2022,05/10/2021,651,515,487
623,Jaxnation,21/03/2022,18/06/2021,497,259,933
624,Realcube,06/06/2022,30/08/2021,806,747,40
625,Flipbug,14/12/2021,25/03/2022,166,517,763
626,Fanoodle,21/11/2021,15/09/2021,889,858,171
627,Rhybox,22/11/2021,12/08/2021,508,338,823
628,Wikibox,19/07/2021,20/02/2022,350,156,13
629,Yoveo,16/09/2021,18/01/2022,885,52,101
630,Devbug,10/10/2021,11/04/2022,493,486,460
631,Vidoo,14/12/2021,19/04/2022,600,608,235
632,Feedfish,16/02/2022,16/03/2022,794,850,630
633,Voomm,29/03/2022,17/07/2021,667,375,691
634,Thoughtsphere,25/09/2021,05/04/2022,887,452,862
635,Photolist,29/06/2021,05/08/2021,999,893,964
636,Wordpedia,04/01/2022,04/02/2022,30,836,376
637,Linktype,10/08/2021,05/06/2022,340,170,71
638,Reallinks,12/08/2021,28/07/2021,839,592,93
639,Meembee,08/05/2022,08/01/2022,492,196,149
640,Quatz,29/12/2021,11/05/2022,989,283,274
641,Yodoo,04/01/2022,14/05/2022,11,308,647
642,Linklinks,09/04/2022,28/10/2021,225,457,745
643,Eare,19/06/2021,10/08/2021,410,311,751
644,Babblestorm,04/11/2021,12/04/2022,262,668,517
645,Wikizz,12/01/2022,24/11/2021,164,599,179
646,Avaveo,13/02/2022,12/07/2021,777,32,854
647,Skyble,25/08/2021,20/10/2021,31,417,799
648,Edgeclub,23/04/2022,09/08/2021,722,737,48
649,Dabvine,05/12/2021,07/07/2021,633,543,386
650,Lajo,24/06/2021,26/09/2021,302,545,256
651,Blogspan,06/04/2022,09/04/2022,672,776,921
652,Vidoo,23/12/2021,16/01/2022,608,478,646
653,Zoovu,04/04/2022,01/07/2021,485,448,673
654,Livetube,02/02/2022,16/07/2021,248,806,304
655,Dabshots,13/07/2021,11/11/2021,279,398,569
656,Brainsphere,18/09/2021,23/02/2022,681,377,834
657,Rhybox,19/12/2021,07/12/2021,114,508,723
658,Gigazoom,22/11/2021,22/06/2021,113,718,640
659,Shuffledrive,28/05/2022,07/06/2022,866,936,913
660,Eire,07/02/2022,07/06/2022,555,603,961
661,Yadel,03/08/2021,15/10/2021,711,443,192
662,Vidoo,24/03/2022,22/04/2022,103,92,41
663,Avamm,12/04/2022,07/02/2022,133,955,364
664,Jayo,02/10/2021,22/10/2021,154,903,928
665,Ozu,15/05/2022,23/02/2022,466,637,97
666,Cogidoo,29/04/2022,20/02/2022,4,462,778
667,Avamm,09/04/2022,20/08/2021,786,787,602
668,Edgewire,23/09/2021,01/04/2022,208,740,828
669,Fivebridge,02/02/2022,20/10/2021,383,459,38
670,Tagpad,25/04/2022,19/07/2021,533,451,760
671,Yata,27/07/2021,27/02/2022,796,5,159
672,Edgepulse,11/05/2022,14/11/2021,68,783,67
673,Blogtags,08/09/2021,30/04/2022,218,25,743
674,Kaymbo,16/02/2022,16/08/2021,553,392,199
675,Brightbean,08/08/2021,27/06/2021,51,578,429
676,Voonix,06/12/2021,23/03/2022,290,9,336
677,Realmix,22/06/2021,03/09/2021,808,270,620
678,Tazzy,07/01/2022,21/01/2022,935,690,88
679,Jabbercube,13/04/2022,22/01/2022,932,102,909
680,Avaveo,09/01/2022,20/10/2021,641,285,244
681,Trilia,15/08/2021,09/02/2022,589,775,776
682,Divape,25/04/2022,25/06/2021,874,528,461
683,Wikizz,29/06/2021,22/03/2022,108,467,838
684,Trilith,28/09/2021,13/09/2021,594,738,202
685,Thoughtbeat,25/02/2022,10/07/2021,713,819,486
686,Realmix,22/05/2022,24/07/2021,669,159,11
687,Roombo,09/01/2022,31/08/2021,28,155,754
688,Lazz,05/05/2022,09/09/2021,2,677,911
689,Podcat,12/01/2022,07/06/2022,918,181,682
690,Camimbo,16/04/2022,18/06/2021,736,245,359
691,Muxo,27/02/2022,10/02/2022,396,294,263
692,Avamm,27/01/2022,13/06/2021,313,55,85
693,Buzzbean,10/10/2021,20/03/2022,536,135,382
694,Skyvu,04/02/2022,25/09/2021,226,427,813
695,Ooba,18/03/2022,02/07/2021,202,152,375
696,Midel,03/02/2022,09/03/2022,324,754,53
697,Realmix,18/03/2022,22/05/2022,800,158,340
698,Rhyloo,31/12/2021,23/05/2022,862,186,785
699,Trudoo,12/10/2021,06/10/2021,33,630,747
700,Topicstorm,13/02/2022,16/10/2021,153,623,119
701,Topicblab,21/02/2022,19/09/2021,268,734,8
702,Voonyx,29/04/2022,06/10/2021,26,117,966
703,Quinu,16/02/2022,18/01/2022,535,450,892
704,Muxo,14/06/2021,20/10/2021,9,350,656
705,Edgeify,09/02/2022,17/04/2022,609,361,466
706,Topicblab,14/01/2022,20/09/2021,121,695,758
707,Riffpedia,02/07/2021,15/07/2021,882,583,917
708,Bluejam,31/05/2022,27/02/2022,687,972,610
709,Rhycero,02/10/2021,18/09/2021,807,232,352
710,Podcat,21/05/2022,14/02/2022,254,822,595
711,Zava,24/06/2021,05/05/2022,576,940,139
712,Bubbletube,08/08/2021,18/08/2021,333,525,169
713,Browsebug,14/11/2021,16/01/2022,48,484,296
714,Eayo,16/07/2021,22/12/2021,642,76,237
715,Meeveo,21/02/2022,03/05/2022,438,963,78
716,Jaxspan,13/04/2022,15/08/2021,264,835,993
717,Talane,28/11/2021,05/07/2021,118,974,858
718,Zazio,19/03/2022,19/11/2021,876,571,205
719,Feedfire,19/05/2022,17/10/2021,652,191,253
720,Thoughtbridge,07/07/2021,08/04/2022,517,683,307
721,Edgepulse,05/03/2022,30/12/2021,740,464,815
722,Eayo,29/06/2021,01/07/2021,883,665,580
723,Skibox,13/03/2022,03/11/2021,695,36,478
724,Eadel,31/05/2022,12/03/2022,55,847,215
725,Realfire,29/07/2021,25/04/2022,327,678,452
726,Meedoo,21/04/2022,10/04/2022,963,455,599
727,Bluejam,16/03/2022,23/12/2021,835,661,7
728,Skilith,22/02/2022,21/05/2022,342,560,611
729,Gabtune,20/07/2021,17/08/2021,747,239,391
730,Livefish,22/10/2021,05/01/2022,587,988,189
731,Yata,22/05/2022,18/04/2022,64,180,29
732,Zoonder,04/08/2021,25/05/2022,83,165,963
733,Browsedrive,06/10/2021,15/06/2021,997,803,726
734,Linkbuzz,06/07/2021,21/05/2022,539,28,453
735,Gigashots,22/02/2022,23/10/2021,259,882,748
736,Youspan,03/05/2022,27/11/2021,726,18,700
737,Gigashots,19/02/2022,13/02/2022,44,267,836
738,Realcube,03/11/2021,09/05/2022,817,345,424
739,Rhybox,05/10/2021,02/02/2022,79,908,890
740,Brainbox,18/08/2021,05/03/2022,976,243,57
741,Meevee,28/11/2021,27/07/2021,532,240,110
742,Yakitri,10/12/2021,30/05/2022,489,667,198
743,Trudeo,03/07/2021,06/08/2021,201,140,710
744,Midel,21/10/2021,13/04/2022,246,193,502
745,Zoovu,07/11/2021,02/11/2021,34,254,348
746,Twinder,18/07/2021,27/06/2021,283,923,313
747,Dabshots,17/10/2021,05/06/2022,504,871,837
748,Voonix,12/06/2021,27/06/2021,200,435,868
749,Devcast,28/10/2021,06/06/2022,38,237,170
750,Leexo,02/03/2022,14/11/2021,370,939,226
751,Oyope,20/08/2021,16/10/2021,96,666,871
752,Flashdog,14/08/2021,26/01/2022,625,19,136
753,Lajo,15/10/2021,16/02/2022,444,977,536
754,Linktype,02/07/2021,22/04/2022,36,759,372
755,Yakijo,05/11/2021,17/04/2022,933,794,551
756,Innotype,27/07/2021,26/09/2021,980,188,229
757,Livetube,12/07/2021,09/04/2022,269,855,77
758,Yata,25/04/2022,01/05/2022,572,829,224
759,Wordtune,07/09/2021,08/07/2021,824,274,19
760,Innojam,29/09/2021,06/04/2022,727,629,106
761,Devpoint,14/03/2022,24/07/2021,763,529,337
762,Flashpoint,23/02/2022,24/10/2021,453,688,855
763,Realbridge,19/08/2021,07/09/2021,860,628,370
764,Pixonyx,27/06/2021,01/10/2021,634,312,150
765,Gabcube,11/06/2022,22/08/2021,728,38,427
766,Kimia,25/11/2021,16/11/2021,557,540,844
767,Kwimbee,07/03/2022,05/12/2021,700,987,670
768,Realblab,26/12/2021,08/09/2021,629,938,484
769,Dynazzy,24/01/2022,21/10/2021,87,371,587
770,Plambee,26/12/2021,06/04/2022,123,929,793
771,Trudeo,14/09/2021,05/10/2021,715,905,438
772,Fliptune,11/09/2021,16/02/2022,229,532,347
773,Linklinks,08/01/2022,27/06/2021,595,773,297
774,Jetpulse,01/04/2022,11/08/2021,677,444,300
775,Flashspan,13/05/2022,07/12/2021,947,406,719
776,Brightdog,16/03/2022,21/08/2021,213,403,433
777,Dabtype,07/08/2021,22/10/2021,214,251,735
778,Yodo,14/01/2022,22/12/2021,436,700,450
779,Blognation,08/12/2021,01/03/2022,873,774,134
780,Miboo,14/10/2021,02/08/2021,561,861,701
781,Oozz,16/12/2021,01/05/2022,293,954,986
782,Livefish,29/07/2021,06/03/2022,990,624,581
783,Skinix,10/01/2022,15/05/2022,201,98,513
784,Meembee,03/10/2021,21/03/2022,12,713,257
785,Skinder,22/03/2022,28/12/2021,115,549,856
786,Buzzbean,28/06/2021,30/01/2022,829,212,787
787,Thoughtworks,16/03/2022,21/05/2022,325,827,712
788,Realpoint,17/02/2022,24/08/2021,82,484,832
789,Zooveo,18/06/2021,12/10/2021,888,843,625
790,Skimia,24/08/2021,22/12/2021,251,929,224
791,Realblab,11/06/2022,25/09/2021,477,712,894
792,Feedspan,28/03/2022,24/10/2021,355,893,266
793,Plambee,20/06/2021,08/10/2021,43,355,69
794,Skyndu,07/03/2022,30/05/2022,978,794,59
795,Babblestorm,24/09/2021,27/05/2022,126,203,949
796,Kwimbee,16/08/2021,10/10/2021,316,975,921
797,Fanoodle,05/04/2022,19/04/2022,914,370,842
798,Yodoo,04/02/2022,24/07/2021,151,577,966
799,Abata,03/11/2021,04/06/2022,234,81,675
800,Jetwire,23/09/2021,28/04/2022,695,275,316
801,Kwimbee,15/03/2022,02/09/2021,298,860,534
802,Zoozzy,06/03/2022,19/11/2021,621,505,279
803,Ozu,27/06/2021,26/02/2022,713,693,145
804,Podcat,23/10/2021,06/09/2021,454,518,171
805,Zoonder,24/09/2021,21/01/2022,560,183,20
806,Photolist,26/03/2022,29/03/2022,324,305,861
807,Yabox,05/05/2022,12/08/2021,130,330,734
808,Mita,08/01/2022,30/10/2021,222,969,743
809,Twiyo,10/12/2021,25/05/2022,853,466,659
810,Miboo,11/12/2021,25/07/2021,129,823,770
811,Yodoo,08/11/2021,04/03/2022,280,402,6
812,Thoughtsphere,22/01/2022,18/04/2022,264,509,141
813,Yabox,23/12/2021,27/01/2022,83,805,568
814,Trilith,02/06/2022,28/02/2022,918,47,838
815,Gigazoom,11/02/2022,27/02/2022,339,976,837
816,Izio,27/07/2021,17/06/2021,823,503,533
817,Oodoo,07/05/2022,06/11/2021,646,596,680
818,Wordify,09/04/2022,02/05/2022,110,287,972
819,Buzzbean,31/10/2021,22/11/2021,329,344,498
820,Agimba,30/03/2022,25/04/2022,539,589,627
821,Skipstorm,02/07/2021,10/03/2022,315,708,299
822,Twinder,17/02/2022,23/01/2022,493,385,216
823,Zoonder,14/10/2021,25/10/2021,717,830,727
824,Bluejam,10/05/2022,14/08/2021,750,247,906
825,Ntags,12/12/2021,12/07/2021,169,282,149
826,Thoughtblab,28/06/2021,16/10/2021,188,700,640
827,BlogXS,24/03/2022,05/04/2022,518,461,159
828,Aibox,20/06/2021,15/02/2022,885,162,56
829,Browsecat,08/02/2022,04/03/2022,159,684,606
830,Feednation,05/01/2022,25/06/2021,145,322,610
831,Wikido,08/12/2021,20/03/2022,919,838,646
832,Topicshots,02/12/2021,07/02/2022,406,569,359
833,Eimbee,10/01/2022,30/08/2021,839,546,411
834,Topicstorm,08/06/2022,07/06/2022,53,845,977
835,Dynava,08/11/2021,03/06/2022,497,492,829
836,Buzzster,05/02/2022,13/12/2021,841,604,46
837,Topdrive,18/11/2021,23/03/2022,408,168,238
838,Aivee,25/07/2021,03/04/2022,276,267,151
839,Wordpedia,30/12/2021,18/06/2021,569,427,255
840,Bluezoom,28/03/2022,16/05/2022,846,346,930
841,Eire,30/11/2021,05/07/2021,24,432,764
842,Agimba,18/06/2021,23/04/2022,567,279,214
843,Zoombox,29/11/2021,27/02/2022,486,340,395
844,Npath,07/12/2021,02/04/2022,207,233,184
845,Yakidoo,01/12/2021,05/09/2021,297,892,893
846,Cogilith,28/03/2022,30/04/2022,639,576,798
847,Muxo,08/06/2022,20/06/2021,262,638,840
848,Tagchat,12/08/2021,04/07/2021,448,493,208
849,Thoughtstorm,03/09/2021,18/04/2022,484,315,228
850,Plajo,04/09/2021,24/06/2021,816,531,758
851,Vinte,18/03/2022,23/04/2022,498,58,41
852,Youfeed,13/09/2021,05/04/2022,967,876,871
853,Youspan,27/04/2022,19/05/2022,779,54,741
854,Skinix,23/04/2022,23/12/2021,610,828,288
855,Centizu,05/11/2021,14/03/2022,676,955,536
856,Topicblab,03/06/2022,08/12/2021,263,848,275
857,Skinix,19/01/2022,26/08/2021,420,806,575
858,Tagchat,03/05/2022,30/10/2021,741,585,292
859,Livepath,04/10/2021,26/04/2022,526,218,579
860,Blogspan,30/10/2021,04/02/2022,476,854,609
861,Wikivu,13/07/2021,08/10/2021,123,152,413
862,Wikibox,12/02/2022,08/06/2022,762,991,367
863,Gabcube,02/08/2021,28/06/2021,257,599,426
864,Gigazoom,23/08/2021,25/04/2022,247,8,505
865,Rhyzio,16/01/2022,15/09/2021,421,761,632
866,Skiba,29/01/2022,14/09/2021,31,105,475
867,Avamm,24/04/2022,16/11/2021,154,19,176
868,Topiczoom,27/02/2022,01/01/2022,402,372,326
869,Leenti,27/11/2021,03/06/2022,536,946,2
870,Feedbug,09/07/2021,14/07/2021,669,595,984
871,Jatri,10/06/2022,05/09/2021,398,112,698
872,Latz,22/11/2021,07/02/2022,587,470,397
873,Zoomzone,27/08/2021,28/10/2021,51,840,800
874,Dabfeed,13/10/2021,29/11/2021,162,846,357
875,Youbridge,21/12/2021,13/11/2021,594,35,247
876,Yata,30/03/2022,08/03/2022,715,728,492
877,Jabbercube,24/07/2021,16/01/2022,48,790,979
878,Zoovu,25/04/2022,28/10/2021,70,284,423
879,Pixope,16/01/2022,26/01/2022,203,317,707
880,Twitterbridge,26/04/2022,08/04/2022,458,319,841
881,Quatz,06/04/2022,20/02/2022,184,207,797
882,Skippad,17/02/2022,19/08/2021,338,356,434
883,Livepath,21/09/2021,12/12/2021,278,388,879
884,Wordify,02/10/2021,06/03/2022,770,925,598
885,Demizz,17/04/2022,11/07/2021,961,459,380
886,Voonix,29/10/2021,25/10/2021,75,529,139
887,Meemm,27/01/2022,25/12/2021,897,993,465
888,Tazzy,20/03/2022,26/02/2022,541,15,828
889,Plambee,27/01/2022,01/10/2021,211,138,399
890,Zoonder,16/06/2021,22/09/2021,505,172,919
891,Youopia,23/04/2022,05/12/2021,285,325,235
892,Flipbug,05/09/2021,29/05/2022,412,42,873
893,Babbleblab,08/12/2021,17/02/2022,677,881,970
894,Mybuzz,28/11/2021,02/10/2021,889,329,971
895,Meezzy,10/04/2022,23/11/2021,76,64,916
896,Fadeo,22/11/2021,03/01/2022,864,521,378
897,Quamba,06/12/2021,06/04/2022,9,770,143
898,Chatterbridge,30/12/2021,04/09/2021,830,782,406
899,Voomm,29/11/2021,11/06/2022,556,82,95
900,Thoughtworks,02/01/2022,07/07/2021,418,901,987
901,Photospace,29/01/2022,19/04/2022,988,173,463
902,Tagchat,09/03/2022,14/07/2021,516,996,175
903,Avaveo,04/01/2022,02/07/2021,916,938,91
904,Fliptune,27/08/2021,24/09/2021,704,450,471
905,Skimia,04/04/2022,07/02/2022,570,858,927
906,Gigaclub,09/11/2021,15/01/2022,125,293,304
907,Mudo,12/08/2021,06/03/2022,948,767,302
908,Agimba,07/09/2021,01/09/2021,774,24,543
909,Realmix,06/12/2021,23/06/2021,757,574,502
910,Realblab,20/04/2022,29/07/2021,598,232,513
911,Brightbean,03/12/2021,18/12/2021,256,573,106
912,Zoonder,21/08/2021,15/04/2022,105,216,337
913,Dynazzy,18/07/2021,27/09/2021,540,264,372
914,Aimbo,08/09/2021,19/04/2022,926,229,362
915,Devify,27/07/2021,15/11/2021,373,38,857
916,Divape,13/04/2022,28/04/2022,562,958,641
917,Dynabox,02/07/2021,11/01/2022,803,544,412
918,Skipfire,21/02/2022,25/10/2021,1,347,8
919,Talane,23/06/2021,25/10/2021,872,298,83
920,Realpoint,09/05/2022,17/02/2022,397,580,722
921,Muxo,11/12/2021,22/07/2021,799,161,314
922,Trilith,19/05/2022,06/08/2021,707,781,618
923,Chatterbridge,19/09/2021,17/08/2021,618,86,633
924,Realfire,09/04/2022,03/09/2021,21,465,284
925,Photobug,22/01/2022,09/08/2021,3,760,939
926,Brainverse,09/04/2022,11/01/2022,386,343,5
927,Browsebug,06/04/2022,15/10/2021,196,235,817
928,Yamia,08/03/2022,02/09/2021,551,970,910
929,Oyondu,16/03/2022,29/11/2021,80,731,523
930,Rhycero,03/01/2022,20/03/2022,104,789,648
931,Lazz,17/07/2021,29/09/2021,934,886,751
932,Agivu,20/11/2021,13/04/2022,790,495,477
933,Edgeblab,09/11/2021,26/10/2021,193,79,212
934,Feednation,05/07/2021,10/05/2022,575,375,479
935,Photofeed,16/07/2021,15/01/2022,686,136,209
936,Topiczoom,06/08/2021,13/02/2022,409,391,583
937,Oyope,12/03/2022,17/10/2021,788,743,983
938,Zoombeat,16/03/2022,13/08/2021,994,313,827
939,Yodo,06/06/2022,06/09/2021,789,458,173
940,Cogibox,21/07/2021,25/02/2022,160,135,28
941,Midel,28/08/2021,27/03/2022,330,471,951
942,Babbleblab,15/06/2021,07/03/2022,447,749,124
943,Abatz,12/12/2021,24/08/2021,442,154,104
944,Realbuzz,26/05/2022,19/12/2021,180,93,820
945,Jazzy,08/08/2021,15/04/2022,233,676,597
946,Eare,17/07/2021,09/04/2022,863,215,976
947,Jatri,10/07/2021,26/12/2021,182,697,305
948,Youopia,05/10/2021,30/03/2022,627,49,982
949,Lazz,06/08/2021,14/11/2021,239,33,315
950,Pixoboo,24/12/2021,25/03/2022,600,10,467
951,Trudoo,10/08/2021,04/06/2022,515,288,213
952,Skynoodle,10/09/2021,21/01/2022,835,111,382
953,Aivee,25/01/2022,17/05/2022,630,736,988
954,Photospace,17/07/2021,17/06/2021,36,469,866
955,Fiveclub,06/09/2021,14/04/2022,469,272,504
956,Jatri,15/11/2021,21/12/2021,113,981,880
957,Trudoo,01/11/2021,11/01/2022,49,706,744
958,Zooxo,15/12/2021,15/10/2021,679,410,703
959,Divape,16/06/2021,21/12/2021,342,199,181
960,Tanoodle,10/12/2021,30/05/2022,828,525,909
961,Zoozzy,05/05/2022,21/12/2021,960,747,459
962,Buzzshare,09/07/2021,03/07/2021,532,952,723
963,Bubblebox,14/12/2021,20/07/2021,155,919,271
964,Twitterwire,24/12/2021,31/01/2022,248,971,833
965,Kazu,05/08/2021,12/05/2022,749,678,239
966,Jabbertype,14/08/2021,13/12/2021,381,917,823
967,Meembee,16/06/2021,29/09/2021,485,234,229
968,Feedfish,18/09/2021,24/03/2022,902,130,550
969,Zoonder,18/03/2022,01/06/2022,417,48,688
970,Gabtype,01/01/2022,22/07/2021,392,740,78
971,Tavu,27/10/2021,28/07/2021,423,83,445
972,Realcube,06/09/2021,17/10/2021,734,434,812
973,Brainlounge,03/07/2021,27/11/2021,241,796,965
974,Zava,25/06/2021,12/04/2022,544,128,140
975,Youspan,08/01/2022,08/01/2022,132,308,517
976,Oozz,12/10/2021,26/11/2021,71,748,232
977,Ntags,24/02/2022,20/01/2022,102,426,560
978,Geba,12/04/2022,18/03/2022,344,448,569
979,Skynoodle,12/06/2021,06/10/2021,97,327,432
980,Tagfeed,22/12/2021,24/05/2022,410,746,50
981,Edgepulse,22/03/2022,11/05/2022,166,423,11
982,Fliptune,10/06/2022,18/04/2022,424,791,153
983,Twinder,06/08/2021,03/04/2022,346,897,370
984,Edgeclub,13/07/2021,08/07/2021,395,887,596
985,Flipopia,08/04/2022,09/04/2022,927,774,435
986,Quaxo,04/10/2021,11/11/2021,767,966,756
987,Trilia,28/11/2021,06/05/2022,895,439,344
988,Gigabox,08/10/2021,27/07/2021,745,302,952
989,Gabvine,01/12/2021,13/12/2021,945,788,207
990,Tagcat,23/07/2021,09/09/2021,91,90,851
991,Twinder,17/12/2021,26/03/2022,340,452,240
992,Babblestorm,08/01/2022,08/06/2022,533,297,29
993,Babbleblab,14/06/2021,17/08/2021,818,17,455
994,Edgeblab,12/04/2022,06/11/2021,987,645,803
995,Brainsphere,23/12/2021,01/10/2021,643,387,330
996,Fivespan,28/01/2022,17/04/2022,88,420,236
997,Riffwire,06/11/2021,28/01/2022,430,274,210
998,Omba,21/11/2021,09/02/2022,859,964,881
999,Fivespan,04/04/2022,12/09/2021,30,56,848
1000,Livetube,27/10/2021,06/06/2022,751,675,55
